Analysis & Synthesis report for de0_cv_default
Thu May 28 22:03:35 2026
Quartus Prime Version 24.1std.0 Build 1077 03/04/2025 SC Lite Edition


---------------------
; Table of Contents ;
---------------------
  1. Legal Notice
  2. Analysis & Synthesis Summary
  3. Analysis & Synthesis Settings
  4. Parallel Compilation
  5. Analysis & Synthesis Source Files Read
  6. Analysis & Synthesis Resource Usage Summary
  7. Analysis & Synthesis Resource Utilization by Entity
  8. Analysis & Synthesis RAM Summary
  9. Analysis & Synthesis DSP Block Usage Summary
 10. State Machine - |de0_cv_default|game_fsm:fsm_inst|current_state
 11. State Machine - |de0_cv_default|MOUSE:mouse_inst|mouse_state
 12. User-Specified and Inferred Latches
 13. Registers Removed During Synthesis
 14. General Register Statistics
 15. Inverted Register Statistics
 16. Multiplexer Restructuring Statistics (Restructuring Performed)
 17. Source assignments for sprite_rom:bird_rom|altsyncram:altsyncram_component|altsyncram_55c1:auto_generated
 18. Source assignments for sprite_rom:ground_rom|altsyncram:altsyncram_component|altsyncram_2gc1:auto_generated
 19. Source assignments for sprite_rom:gift_rom|altsyncram:altsyncram_component|altsyncram_l8c1:auto_generated
 20. Source assignments for sprite_rom:pipecap_rom|altsyncram:altsyncram_component|altsyncram_pjc1:auto_generated
 21. Source assignments for text_engine:t_title|char_rom:rom_inst|altsyncram:altsyncram_component|altsyncram_d5g1:auto_generated
 22. Source assignments for text_engine:t_menu_train|char_rom:rom_inst|altsyncram:altsyncram_component|altsyncram_d5g1:auto_generated
 23. Source assignments for text_engine:t_menu_game|char_rom:rom_inst|altsyncram:altsyncram_component|altsyncram_d5g1:auto_generated
 24. Source assignments for text_engine:t_play_train|char_rom:rom_inst|altsyncram:altsyncram_component|altsyncram_d5g1:auto_generated
 25. Source assignments for text_engine:t_play_game|char_rom:rom_inst|altsyncram:altsyncram_component|altsyncram_d5g1:auto_generated
 26. Source assignments for text_engine:t_pause|char_rom:rom_inst|altsyncram:altsyncram_component|altsyncram_d5g1:auto_generated
 27. Source assignments for text_engine:t_over|char_rom:rom_inst|altsyncram:altsyncram_component|altsyncram_d5g1:auto_generated
 28. Source assignments for text_engine:t_press_start|char_rom:rom_inst|altsyncram:altsyncram_component|altsyncram_d5g1:auto_generated
 29. Parameter Settings for User Entity Instance: sprite_rom:bird_rom
 30. Parameter Settings for User Entity Instance: sprite_rom:bird_rom|altsyncram:altsyncram_component
 31. Parameter Settings for User Entity Instance: sprite_rom:ground_rom
 32. Parameter Settings for User Entity Instance: sprite_rom:ground_rom|altsyncram:altsyncram_component
 33. Parameter Settings for User Entity Instance: sprite_rom:gift_rom
 34. Parameter Settings for User Entity Instance: sprite_rom:gift_rom|altsyncram:altsyncram_component
 35. Parameter Settings for User Entity Instance: sprite_rom:pipecap_rom
 36. Parameter Settings for User Entity Instance: sprite_rom:pipecap_rom|altsyncram:altsyncram_component
 37. Parameter Settings for User Entity Instance: text_engine:t_title
 38. Parameter Settings for User Entity Instance: text_engine:t_title|char_rom:rom_inst|altsyncram:altsyncram_component
 39. Parameter Settings for User Entity Instance: text_engine:t_menu_train
 40. Parameter Settings for User Entity Instance: text_engine:t_menu_train|char_rom:rom_inst|altsyncram:altsyncram_component
 41. Parameter Settings for User Entity Instance: text_engine:t_menu_game
 42. Parameter Settings for User Entity Instance: text_engine:t_menu_game|char_rom:rom_inst|altsyncram:altsyncram_component
 43. Parameter Settings for User Entity Instance: text_engine:t_play_train
 44. Parameter Settings for User Entity Instance: text_engine:t_play_train|char_rom:rom_inst|altsyncram:altsyncram_component
 45. Parameter Settings for User Entity Instance: text_engine:t_play_game
 46. Parameter Settings for User Entity Instance: text_engine:t_play_game|char_rom:rom_inst|altsyncram:altsyncram_component
 47. Parameter Settings for User Entity Instance: text_engine:t_pause
 48. Parameter Settings for User Entity Instance: text_engine:t_pause|char_rom:rom_inst|altsyncram:altsyncram_component
 49. Parameter Settings for User Entity Instance: text_engine:t_over
 50. Parameter Settings for User Entity Instance: text_engine:t_over|char_rom:rom_inst|altsyncram:altsyncram_component
 51. Parameter Settings for User Entity Instance: text_engine:t_press_start
 52. Parameter Settings for User Entity Instance: text_engine:t_press_start|char_rom:rom_inst|altsyncram:altsyncram_component
 53. altsyncram Parameter Settings by Entity Instance
 54. Port Connectivity Checks: "display_pixel_router:router_inst"
 55. Port Connectivity Checks: "text_engine:t_press_start"
 56. Port Connectivity Checks: "text_engine:t_over"
 57. Port Connectivity Checks: "text_engine:t_pause"
 58. Port Connectivity Checks: "text_engine:t_play_game"
 59. Port Connectivity Checks: "text_engine:t_play_train"
 60. Port Connectivity Checks: "text_engine:t_menu_game"
 61. Port Connectivity Checks: "text_engine:t_menu_train"
 62. Port Connectivity Checks: "text_engine:t_title"
 63. Port Connectivity Checks: "MOUSE:mouse_inst"
 64. Post-Synthesis Netlist Statistics for Top Partition
 65. Elapsed Time Per Partition
 66. Analysis & Synthesis Messages



----------------
; Legal Notice ;
----------------
Copyright (C) 2025  Altera Corporation. All rights reserved.
Your use of Altera Corporation's design tools, logic functions 
and other software and tools, and any partner logic 
functions, and any output files from any of the foregoing 
(including device programming or simulation files), and any 
associated documentation or information are expressly subject 
to the terms and conditions of the Altera Program License 
Subscription Agreement, the Altera Quartus Prime License Agreement,
the Altera IP License Agreement, or other applicable license
agreement, including, without limitation, that your use is for
the sole purpose of programming logic devices manufactured by
Altera and sold by Altera or its authorized distributors.  Please
refer to the Altera Software License Subscription Agreements 
on the Quartus Prime software download page.



+-----------------------------------------------------------------------------------+
; Analysis & Synthesis Summary                                                      ;
+---------------------------------+-------------------------------------------------+
; Analysis & Synthesis Status     ; Successful - Thu May 28 22:03:35 2026           ;
; Quartus Prime Version           ; 24.1std.0 Build 1077 03/04/2025 SC Lite Edition ;
; Revision Name                   ; de0_cv_default                                  ;
; Top-level Entity Name           ; de0_cv_default                                  ;
; Family                          ; Cyclone V                                       ;
; Logic utilization (in ALMs)     ; N/A                                             ;
; Total registers                 ; 459                                             ;
; Total pins                      ; 84                                              ;
; Total virtual pins              ; 0                                               ;
; Total block memory bits         ; 37,904                                          ;
; Total DSP Blocks                ; 8                                               ;
; Total HSSI RX PCSs              ; 0                                               ;
; Total HSSI PMA RX Deserializers ; 0                                               ;
; Total HSSI TX PCSs              ; 0                                               ;
; Total HSSI PMA TX Serializers   ; 0                                               ;
; Total PLLs                      ; 0                                               ;
; Total DLLs                      ; 0                                               ;
+---------------------------------+-------------------------------------------------+


+---------------------------------------------------------------------------------------------------------------------------+
; Analysis & Synthesis Settings                                                                                             ;
+---------------------------------------------------------------------------------+--------------------+--------------------+
; Option                                                                          ; Setting            ; Default Value      ;
+---------------------------------------------------------------------------------+--------------------+--------------------+
; Device                                                                          ; 5CEBA4F23C7        ;                    ;
; Top-level entity name                                                           ; de0_cv_default     ; de0_cv_default     ;
; Family name                                                                     ; Cyclone V          ; Cyclone V          ;
; Use smart compilation                                                           ; Off                ; Off                ;
; Enable parallel Assembler and Timing Analyzer during compilation                ; On                 ; On                 ;
; Enable compact report table                                                     ; Off                ; Off                ;
; Restructure Multiplexers                                                        ; Auto               ; Auto               ;
; MLAB Add Timing Constraints For Mixed-Port Feed-Through Mode Setting Don't Care ; Off                ; Off                ;
; Create Debugging Nodes for IP Cores                                             ; Off                ; Off                ;
; Preserve fewer node names                                                       ; On                 ; On                 ;
; Intel FPGA IP Evaluation Mode                                                   ; Enable             ; Enable             ;
; Verilog Version                                                                 ; Verilog_2001       ; Verilog_2001       ;
; VHDL Version                                                                    ; VHDL_1993          ; VHDL_1993          ;
; State Machine Processing                                                        ; Auto               ; Auto               ;
; Safe State Machine                                                              ; Off                ; Off                ;
; Extract Verilog State Machines                                                  ; On                 ; On                 ;
; Extract VHDL State Machines                                                     ; On                 ; On                 ;
; Ignore Verilog initial constructs                                               ; Off                ; Off                ;
; Iteration limit for constant Verilog loops                                      ; 5000               ; 5000               ;
; Iteration limit for non-constant Verilog loops                                  ; 250                ; 250                ;
; Add Pass-Through Logic to Inferred RAMs                                         ; On                 ; On                 ;
; Infer RAMs from Raw Logic                                                       ; On                 ; On                 ;
; Parallel Synthesis                                                              ; On                 ; On                 ;
; DSP Block Balancing                                                             ; Auto               ; Auto               ;
; NOT Gate Push-Back                                                              ; On                 ; On                 ;
; Power-Up Don't Care                                                             ; On                 ; On                 ;
; Remove Redundant Logic Cells                                                    ; Off                ; Off                ;
; Remove Duplicate Registers                                                      ; On                 ; On                 ;
; Ignore CARRY Buffers                                                            ; Off                ; Off                ;
; Ignore CASCADE Buffers                                                          ; Off                ; Off                ;
; Ignore GLOBAL Buffers                                                           ; Off                ; Off                ;
; Ignore ROW GLOBAL Buffers                                                       ; Off                ; Off                ;
; Ignore LCELL Buffers                                                            ; Off                ; Off                ;
; Ignore SOFT Buffers                                                             ; On                 ; On                 ;
; Limit AHDL Integers to 32 Bits                                                  ; Off                ; Off                ;
; Optimization Technique                                                          ; Balanced           ; Balanced           ;
; Carry Chain Length                                                              ; 70                 ; 70                 ;
; Auto Carry Chains                                                               ; On                 ; On                 ;
; Auto Open-Drain Pins                                                            ; On                 ; On                 ;
; Perform WYSIWYG Primitive Resynthesis                                           ; Off                ; Off                ;
; Auto ROM Replacement                                                            ; On                 ; On                 ;
; Auto RAM Replacement                                                            ; On                 ; On                 ;
; Auto DSP Block Replacement                                                      ; On                 ; On                 ;
; Auto Shift Register Replacement                                                 ; Auto               ; Auto               ;
; Allow Shift Register Merging across Hierarchies                                 ; Auto               ; Auto               ;
; Auto Clock Enable Replacement                                                   ; On                 ; On                 ;
; Strict RAM Replacement                                                          ; Off                ; Off                ;
; Allow Synchronous Control Signals                                               ; On                 ; On                 ;
; Force Use of Synchronous Clear Signals                                          ; Off                ; Off                ;
; Auto Resource Sharing                                                           ; Off                ; Off                ;
; Allow Any RAM Size For Recognition                                              ; Off                ; Off                ;
; Allow Any ROM Size For Recognition                                              ; Off                ; Off                ;
; Allow Any Shift Register Size For Recognition                                   ; Off                ; Off                ;
; Use LogicLock Constraints during Resource Balancing                             ; On                 ; On                 ;
; Ignore translate_off and synthesis_off directives                               ; Off                ; Off                ;
; Timing-Driven Synthesis                                                         ; On                 ; On                 ;
; Report Parameter Settings                                                       ; On                 ; On                 ;
; Report Source Assignments                                                       ; On                 ; On                 ;
; Report Connectivity Checks                                                      ; On                 ; On                 ;
; Ignore Maximum Fan-Out Assignments                                              ; Off                ; Off                ;
; Synchronization Register Chain Length                                           ; 3                  ; 3                  ;
; Power Optimization During Synthesis                                             ; Normal compilation ; Normal compilation ;
; HDL message level                                                               ; Level2             ; Level2             ;
; Suppress Register Optimization Related Messages                                 ; Off                ; Off                ;
; Number of Removed Registers Reported in Synthesis Report                        ; 5000               ; 5000               ;
; Number of Swept Nodes Reported in Synthesis Report                              ; 5000               ; 5000               ;
; Number of Inverted Registers Reported in Synthesis Report                       ; 100                ; 100                ;
; Clock MUX Protection                                                            ; On                 ; On                 ;
; Auto Gated Clock Conversion                                                     ; Off                ; Off                ;
; Block Design Naming                                                             ; Auto               ; Auto               ;
; SDC constraint protection                                                       ; Off                ; Off                ;
; Synthesis Effort                                                                ; Auto               ; Auto               ;
; Shift Register Replacement - Allow Asynchronous Clear Signal                    ; On                 ; On                 ;
; Pre-Mapping Resynthesis Optimization                                            ; Off                ; Off                ;
; Analysis & Synthesis Message Level                                              ; Medium             ; Medium             ;
; Disable Register Merging Across Hierarchies                                     ; Auto               ; Auto               ;
; Resource Aware Inference For Block RAM                                          ; On                 ; On                 ;
; Automatic Parallel Synthesis                                                    ; On                 ; On                 ;
; Partial Reconfiguration Bitstream ID                                            ; Off                ; Off                ;
+---------------------------------------------------------------------------------+--------------------+--------------------+


+------------------------------------------+
; Parallel Compilation                     ;
+----------------------------+-------------+
; Processors                 ; Number      ;
+----------------------------+-------------+
; Number detected on machine ; 8           ;
; Maximum allowed            ; 4           ;
;                            ;             ;
; Average used               ; 1.00        ;
; Maximum used               ; 4           ;
;                            ;             ;
; Usage by Processor         ; % Time Used ;
;     Processor 1            ; 100.0%      ;
;     Processor 2            ;   0.0%      ;
;     Processor 3            ;   0.0%      ;
;     Processor 4            ;   0.0%      ;
+----------------------------+-------------+


+----------------------------------------------------------------------------------------------------------------------------------------------------------------------------------------------------------------------------------+
; Analysis & Synthesis Source Files Read                                                                                                                                                                                           ;
+-----------------------------------------------+-----------------+----------------------------------------+-------------------------------------------------------------------------------------------------------------+---------+
; File Name with User-Entered Path              ; Used in Netlist ; File Type                              ; File Name with Absolute Path                                                                                ; Library ;
+-----------------------------------------------+-----------------+----------------------------------------+-------------------------------------------------------------------------------------------------------------+---------+
; Final-demo-test-file/sprite_rom.vhd           ; yes             ; User VHDL File                         ; C:/Users/skipp/Desktop/COMPSYS-305-group-35-mini-project/alex/Final-demo-test-file/sprite_rom.vhd           ;         ;
; Final-demo-test-file/vga_sync.vhd             ; yes             ; User VHDL File                         ; C:/Users/skipp/Desktop/COMPSYS-305-group-35-mini-project/alex/Final-demo-test-file/vga_sync.vhd             ;         ;
; Final-demo-test-file/text_engine.vhd          ; yes             ; User VHDL File                         ; C:/Users/skipp/Desktop/COMPSYS-305-group-35-mini-project/alex/Final-demo-test-file/text_engine.vhd          ;         ;
; Final-demo-test-file/seven_seg.vhd            ; yes             ; User VHDL File                         ; C:/Users/skipp/Desktop/COMPSYS-305-group-35-mini-project/alex/Final-demo-test-file/seven_seg.vhd            ;         ;
; Final-demo-test-file/score_lives.vhd          ; yes             ; User VHDL File                         ; C:/Users/skipp/Desktop/COMPSYS-305-group-35-mini-project/alex/Final-demo-test-file/score_lives.vhd          ;         ;
; Final-demo-test-file/mouse.vhd                ; yes             ; User VHDL File                         ; C:/Users/skipp/Desktop/COMPSYS-305-group-35-mini-project/alex/Final-demo-test-file/mouse.vhd                ;         ;
; Final-demo-test-file/lfsr.vhd                 ; yes             ; User VHDL File                         ; C:/Users/skipp/Desktop/COMPSYS-305-group-35-mini-project/alex/Final-demo-test-file/lfsr.vhd                 ;         ;
; Final-demo-test-file/layers_pack.vhd          ; yes             ; User VHDL File                         ; C:/Users/skipp/Desktop/COMPSYS-305-group-35-mini-project/alex/Final-demo-test-file/layers_pack.vhd          ;         ;
; Final-demo-test-file/game_fsm.vhd             ; yes             ; User VHDL File                         ; C:/Users/skipp/Desktop/COMPSYS-305-group-35-mini-project/alex/Final-demo-test-file/game_fsm.vhd             ;         ;
; Final-demo-test-file/display_pixel_router.vhd ; yes             ; User VHDL File                         ; C:/Users/skipp/Desktop/COMPSYS-305-group-35-mini-project/alex/Final-demo-test-file/display_pixel_router.vhd ;         ;
; Final-demo-test-file/de0_cv_default.vhd       ; yes             ; User VHDL File                         ; C:/Users/skipp/Desktop/COMPSYS-305-group-35-mini-project/alex/Final-demo-test-file/de0_cv_default.vhd       ;         ;
; Final-demo-test-file/conveyor_belt.vhd        ; yes             ; User VHDL File                         ; C:/Users/skipp/Desktop/COMPSYS-305-group-35-mini-project/alex/Final-demo-test-file/conveyor_belt.vhd        ;         ;
; Final-demo-test-file/clk25_gen.vhd            ; yes             ; User VHDL File                         ; C:/Users/skipp/Desktop/COMPSYS-305-group-35-mini-project/alex/Final-demo-test-file/clk25_gen.vhd            ;         ;
; Final-demo-test-file/char_rom.vhd             ; yes             ; User VHDL File                         ; C:/Users/skipp/Desktop/COMPSYS-305-group-35-mini-project/alex/Final-demo-test-file/char_rom.vhd             ;         ;
; Final-demo-test-file/bird_logic.vhd           ; yes             ; User VHDL File                         ; C:/Users/skipp/Desktop/COMPSYS-305-group-35-mini-project/alex/Final-demo-test-file/bird_logic.vhd           ;         ;
; altsyncram.tdf                                ; yes             ; Megafunction                           ; c:/intelfpga_lite/24.1std/quartus/libraries/megafunctions/altsyncram.tdf                                    ;         ;
; stratix_ram_block.inc                         ; yes             ; Megafunction                           ; c:/intelfpga_lite/24.1std/quartus/libraries/megafunctions/stratix_ram_block.inc                             ;         ;
; lpm_mux.inc                                   ; yes             ; Megafunction                           ; c:/intelfpga_lite/24.1std/quartus/libraries/megafunctions/lpm_mux.inc                                       ;         ;
; lpm_decode.inc                                ; yes             ; Megafunction                           ; c:/intelfpga_lite/24.1std/quartus/libraries/megafunctions/lpm_decode.inc                                    ;         ;
; aglobal241.inc                                ; yes             ; Megafunction                           ; c:/intelfpga_lite/24.1std/quartus/libraries/megafunctions/aglobal241.inc                                    ;         ;
; a_rdenreg.inc                                 ; yes             ; Megafunction                           ; c:/intelfpga_lite/24.1std/quartus/libraries/megafunctions/a_rdenreg.inc                                     ;         ;
; altrom.inc                                    ; yes             ; Megafunction                           ; c:/intelfpga_lite/24.1std/quartus/libraries/megafunctions/altrom.inc                                        ;         ;
; altram.inc                                    ; yes             ; Megafunction                           ; c:/intelfpga_lite/24.1std/quartus/libraries/megafunctions/altram.inc                                        ;         ;
; altdpram.inc                                  ; yes             ; Megafunction                           ; c:/intelfpga_lite/24.1std/quartus/libraries/megafunctions/altdpram.inc                                      ;         ;
; db/altsyncram_55c1.tdf                        ; yes             ; Auto-Generated Megafunction            ; C:/Users/skipp/Desktop/COMPSYS-305-group-35-mini-project/alex/db/altsyncram_55c1.tdf                        ;         ;
; Final-demo-test-file/bao.mif                  ; yes             ; Auto-Found Memory Initialization File  ; C:/Users/skipp/Desktop/COMPSYS-305-group-35-mini-project/alex/Final-demo-test-file/bao.mif                  ;         ;
; db/altsyncram_2gc1.tdf                        ; yes             ; Auto-Generated Megafunction            ; C:/Users/skipp/Desktop/COMPSYS-305-group-35-mini-project/alex/db/altsyncram_2gc1.tdf                        ;         ;
; Final-demo-test-file/ground.mif               ; yes             ; Auto-Found Memory Initialization File  ; C:/Users/skipp/Desktop/COMPSYS-305-group-35-mini-project/alex/Final-demo-test-file/ground.mif               ;         ;
; db/altsyncram_l8c1.tdf                        ; yes             ; Auto-Generated Megafunction            ; C:/Users/skipp/Desktop/COMPSYS-305-group-35-mini-project/alex/db/altsyncram_l8c1.tdf                        ;         ;
; Final-demo-test-file/gift.mif                 ; yes             ; Auto-Found Memory Initialization File  ; C:/Users/skipp/Desktop/COMPSYS-305-group-35-mini-project/alex/Final-demo-test-file/gift.mif                 ;         ;
; db/altsyncram_pjc1.tdf                        ; yes             ; Auto-Generated Megafunction            ; C:/Users/skipp/Desktop/COMPSYS-305-group-35-mini-project/alex/db/altsyncram_pjc1.tdf                        ;         ;
; Final-demo-test-file/pipecap.mif              ; yes             ; Auto-Found Memory Initialization File  ; C:/Users/skipp/Desktop/COMPSYS-305-group-35-mini-project/alex/Final-demo-test-file/pipecap.mif              ;         ;
; db/altsyncram_d5g1.tdf                        ; yes             ; Auto-Generated Megafunction            ; C:/Users/skipp/Desktop/COMPSYS-305-group-35-mini-project/alex/db/altsyncram_d5g1.tdf                        ;         ;
; Final-demo-test-file/tcgrom.mif               ; yes             ; Auto-Found Memory Initialization File  ; C:/Users/skipp/Desktop/COMPSYS-305-group-35-mini-project/alex/Final-demo-test-file/tcgrom.mif               ;         ;
+-----------------------------------------------+-----------------+----------------------------------------+-------------------------------------------------------------------------------------------------------------+---------+


+--------------------------------------------------------------------------+
; Analysis & Synthesis Resource Usage Summary                              ;
+---------------------------------------------+----------------------------+
; Resource                                    ; Usage                      ;
+---------------------------------------------+----------------------------+
; Estimate of Logic utilization (ALMs needed) ; 1562                       ;
;                                             ;                            ;
; Combinational ALUT usage for logic          ; 2639                       ;
;     -- 7 input functions                    ; 27                         ;
;     -- 6 input functions                    ; 447                        ;
;     -- 5 input functions                    ; 299                        ;
;     -- 4 input functions                    ; 238                        ;
;     -- <=3 input functions                  ; 1628                       ;
;                                             ;                            ;
; Dedicated logic registers                   ; 459                        ;
;                                             ;                            ;
; I/O pins                                    ; 84                         ;
; Total MLAB memory bits                      ; 0                          ;
; Total block memory bits                     ; 37904                      ;
;                                             ;                            ;
; Total DSP Blocks                            ; 8                          ;
;                                             ;                            ;
; Maximum fan-out node                        ; clk25_gen:clk_inst|clk_div ;
; Maximum fan-out                             ; 434                        ;
; Total fan-out                               ; 11464                      ;
; Average fan-out                             ; 3.42                       ;
+---------------------------------------------+----------------------------+


+--------------------------------------------------------------------------------------------------------------------------------------------------------------------------------------------------------------------------------------------------------------------------------------------------------------------------+
; Analysis & Synthesis Resource Utilization by Entity                                                                                                                                                                                                                                                                      ;
+----------------------------------------------+---------------------+---------------------------+-------------------+------------+------+--------------+----------------------------------------------------------------------------------------------------------------------------+----------------------+--------------+
; Compilation Hierarchy Node                   ; Combinational ALUTs ; Dedicated Logic Registers ; Block Memory Bits ; DSP Blocks ; Pins ; Virtual Pins ; Full Hierarchy Name                                                                                                        ; Entity Name          ; Library Name ;
+----------------------------------------------+---------------------+---------------------------+-------------------+------------+------+--------------+----------------------------------------------------------------------------------------------------------------------------+----------------------+--------------+
; |de0_cv_default                              ; 2639 (84)           ; 459 (22)                  ; 37904             ; 8          ; 84   ; 0            ; |de0_cv_default                                                                                                            ; de0_cv_default       ; work         ;
;    |MOUSE:mouse_inst|                        ; 109 (109)           ; 118 (118)                 ; 0                 ; 0          ; 0    ; 0            ; |de0_cv_default|MOUSE:mouse_inst                                                                                           ; MOUSE                ; work         ;
;    |VGA_SYNC:vga_sync_inst|                  ; 46 (46)             ; 48 (48)                   ; 0                 ; 0          ; 0    ; 0            ; |de0_cv_default|VGA_SYNC:vga_sync_inst                                                                                     ; VGA_SYNC             ; work         ;
;    |bird_logic:bird_inst|                    ; 59 (59)             ; 11 (11)                   ; 0                 ; 0          ; 0    ; 0            ; |de0_cv_default|bird_logic:bird_inst                                                                                       ; bird_logic           ; work         ;
;    |clk25_gen:clk_inst|                      ; 1 (1)               ; 1 (1)                     ; 0                 ; 0          ; 0    ; 0            ; |de0_cv_default|clk25_gen:clk_inst                                                                                         ; clk25_gen            ; work         ;
;    |conveyor_belt:level_inst|                ; 2033 (2033)         ; 169 (169)                 ; 0                 ; 8          ; 0    ; 0            ; |de0_cv_default|conveyor_belt:level_inst                                                                                   ; conveyor_belt        ; work         ;
;    |display_pixel_router:router_inst|        ; 4 (4)               ; 0 (0)                     ; 0                 ; 0          ; 0    ; 0            ; |de0_cv_default|display_pixel_router:router_inst                                                                           ; display_pixel_router ; work         ;
;    |game_fsm:fsm_inst|                       ; 13 (13)             ; 6 (6)                     ; 0                 ; 0          ; 0    ; 0            ; |de0_cv_default|game_fsm:fsm_inst                                                                                          ; game_fsm             ; work         ;
;    |lfsr:lfsr_inst|                          ; 8 (8)               ; 8 (8)                     ; 0                 ; 0          ; 0    ; 0            ; |de0_cv_default|lfsr:lfsr_inst                                                                                             ; lfsr                 ; work         ;
;    |score_lives:score_inst|                  ; 103 (103)           ; 76 (76)                   ; 0                 ; 0          ; 0    ; 0            ; |de0_cv_default|score_lives:score_inst                                                                                     ; score_lives          ; work         ;
;    |seven_seg:seg_lives|                     ; 8 (8)               ; 0 (0)                     ; 0                 ; 0          ; 0    ; 0            ; |de0_cv_default|seven_seg:seg_lives                                                                                        ; seven_seg            ; work         ;
;    |seven_seg:seg_lvl|                       ; 5 (5)               ; 0 (0)                     ; 0                 ; 0          ; 0    ; 0            ; |de0_cv_default|seven_seg:seg_lvl                                                                                          ; seven_seg            ; work         ;
;    |seven_seg:seg_score0|                    ; 7 (7)               ; 0 (0)                     ; 0                 ; 0          ; 0    ; 0            ; |de0_cv_default|seven_seg:seg_score0                                                                                       ; seven_seg            ; work         ;
;    |seven_seg:seg_score1|                    ; 7 (7)               ; 0 (0)                     ; 0                 ; 0          ; 0    ; 0            ; |de0_cv_default|seven_seg:seg_score1                                                                                       ; seven_seg            ; work         ;
;    |sprite_rom:bird_rom|                     ; 0 (0)               ; 0 (0)                     ; 768               ; 0          ; 0    ; 0            ; |de0_cv_default|sprite_rom:bird_rom                                                                                        ; sprite_rom           ; work         ;
;       |altsyncram:altsyncram_component|      ; 0 (0)               ; 0 (0)                     ; 768               ; 0          ; 0    ; 0            ; |de0_cv_default|sprite_rom:bird_rom|altsyncram:altsyncram_component                                                        ; altsyncram           ; work         ;
;          |altsyncram_55c1:auto_generated|    ; 0 (0)               ; 0 (0)                     ; 768               ; 0          ; 0    ; 0            ; |de0_cv_default|sprite_rom:bird_rom|altsyncram:altsyncram_component|altsyncram_55c1:auto_generated                         ; altsyncram_55c1      ; work         ;
;    |sprite_rom:gift_rom|                     ; 0 (0)               ; 0 (0)                     ; 1200              ; 0          ; 0    ; 0            ; |de0_cv_default|sprite_rom:gift_rom                                                                                        ; sprite_rom           ; work         ;
;       |altsyncram:altsyncram_component|      ; 0 (0)               ; 0 (0)                     ; 1200              ; 0          ; 0    ; 0            ; |de0_cv_default|sprite_rom:gift_rom|altsyncram:altsyncram_component                                                        ; altsyncram           ; work         ;
;          |altsyncram_l8c1:auto_generated|    ; 0 (0)               ; 0 (0)                     ; 1200              ; 0          ; 0    ; 0            ; |de0_cv_default|sprite_rom:gift_rom|altsyncram:altsyncram_component|altsyncram_l8c1:auto_generated                         ; altsyncram_l8c1      ; work         ;
;    |sprite_rom:ground_rom|                   ; 0 (0)               ; 0 (0)                     ; 768               ; 0          ; 0    ; 0            ; |de0_cv_default|sprite_rom:ground_rom                                                                                      ; sprite_rom           ; work         ;
;       |altsyncram:altsyncram_component|      ; 0 (0)               ; 0 (0)                     ; 768               ; 0          ; 0    ; 0            ; |de0_cv_default|sprite_rom:ground_rom|altsyncram:altsyncram_component                                                      ; altsyncram           ; work         ;
;          |altsyncram_2gc1:auto_generated|    ; 0 (0)               ; 0 (0)                     ; 768               ; 0          ; 0    ; 0            ; |de0_cv_default|sprite_rom:ground_rom|altsyncram:altsyncram_component|altsyncram_2gc1:auto_generated                       ; altsyncram_2gc1      ; work         ;
;    |sprite_rom:pipecap_rom|                  ; 0 (0)               ; 0 (0)                     ; 2400              ; 0          ; 0    ; 0            ; |de0_cv_default|sprite_rom:pipecap_rom                                                                                     ; sprite_rom           ; work         ;
;       |altsyncram:altsyncram_component|      ; 0 (0)               ; 0 (0)                     ; 2400              ; 0          ; 0    ; 0            ; |de0_cv_default|sprite_rom:pipecap_rom|altsyncram:altsyncram_component                                                     ; altsyncram           ; work         ;
;          |altsyncram_pjc1:auto_generated|    ; 0 (0)               ; 0 (0)                     ; 2400              ; 0          ; 0    ; 0            ; |de0_cv_default|sprite_rom:pipecap_rom|altsyncram:altsyncram_component|altsyncram_pjc1:auto_generated                      ; altsyncram_pjc1      ; work         ;
;    |text_engine:t_menu_game|                 ; 15 (13)             ; 0 (0)                     ; 4096              ; 0          ; 0    ; 0            ; |de0_cv_default|text_engine:t_menu_game                                                                                    ; text_engine          ; work         ;
;       |char_rom:rom_inst|                    ; 2 (2)               ; 0 (0)                     ; 4096              ; 0          ; 0    ; 0            ; |de0_cv_default|text_engine:t_menu_game|char_rom:rom_inst                                                                  ; char_rom             ; work         ;
;          |altsyncram:altsyncram_component|   ; 0 (0)               ; 0 (0)                     ; 4096              ; 0          ; 0    ; 0            ; |de0_cv_default|text_engine:t_menu_game|char_rom:rom_inst|altsyncram:altsyncram_component                                  ; altsyncram           ; work         ;
;             |altsyncram_d5g1:auto_generated| ; 0 (0)               ; 0 (0)                     ; 4096              ; 0          ; 0    ; 0            ; |de0_cv_default|text_engine:t_menu_game|char_rom:rom_inst|altsyncram:altsyncram_component|altsyncram_d5g1:auto_generated   ; altsyncram_d5g1      ; work         ;
;    |text_engine:t_menu_train|                ; 18 (16)             ; 0 (0)                     ; 4096              ; 0          ; 0    ; 0            ; |de0_cv_default|text_engine:t_menu_train                                                                                   ; text_engine          ; work         ;
;       |char_rom:rom_inst|                    ; 2 (2)               ; 0 (0)                     ; 4096              ; 0          ; 0    ; 0            ; |de0_cv_default|text_engine:t_menu_train|char_rom:rom_inst                                                                 ; char_rom             ; work         ;
;          |altsyncram:altsyncram_component|   ; 0 (0)               ; 0 (0)                     ; 4096              ; 0          ; 0    ; 0            ; |de0_cv_default|text_engine:t_menu_train|char_rom:rom_inst|altsyncram:altsyncram_component                                 ; altsyncram           ; work         ;
;             |altsyncram_d5g1:auto_generated| ; 0 (0)               ; 0 (0)                     ; 4096              ; 0          ; 0    ; 0            ; |de0_cv_default|text_engine:t_menu_train|char_rom:rom_inst|altsyncram:altsyncram_component|altsyncram_d5g1:auto_generated  ; altsyncram_d5g1      ; work         ;
;    |text_engine:t_over|                      ; 29 (27)             ; 0 (0)                     ; 4096              ; 0          ; 0    ; 0            ; |de0_cv_default|text_engine:t_over                                                                                         ; text_engine          ; work         ;
;       |char_rom:rom_inst|                    ; 2 (2)               ; 0 (0)                     ; 4096              ; 0          ; 0    ; 0            ; |de0_cv_default|text_engine:t_over|char_rom:rom_inst                                                                       ; char_rom             ; work         ;
;          |altsyncram:altsyncram_component|   ; 0 (0)               ; 0 (0)                     ; 4096              ; 0          ; 0    ; 0            ; |de0_cv_default|text_engine:t_over|char_rom:rom_inst|altsyncram:altsyncram_component                                       ; altsyncram           ; work         ;
;             |altsyncram_d5g1:auto_generated| ; 0 (0)               ; 0 (0)                     ; 4096              ; 0          ; 0    ; 0            ; |de0_cv_default|text_engine:t_over|char_rom:rom_inst|altsyncram:altsyncram_component|altsyncram_d5g1:auto_generated        ; altsyncram_d5g1      ; work         ;
;    |text_engine:t_pause|                     ; 15 (13)             ; 0 (0)                     ; 4096              ; 0          ; 0    ; 0            ; |de0_cv_default|text_engine:t_pause                                                                                        ; text_engine          ; work         ;
;       |char_rom:rom_inst|                    ; 2 (2)               ; 0 (0)                     ; 4096              ; 0          ; 0    ; 0            ; |de0_cv_default|text_engine:t_pause|char_rom:rom_inst                                                                      ; char_rom             ; work         ;
;          |altsyncram:altsyncram_component|   ; 0 (0)               ; 0 (0)                     ; 4096              ; 0          ; 0    ; 0            ; |de0_cv_default|text_engine:t_pause|char_rom:rom_inst|altsyncram:altsyncram_component                                      ; altsyncram           ; work         ;
;             |altsyncram_d5g1:auto_generated| ; 0 (0)               ; 0 (0)                     ; 4096              ; 0          ; 0    ; 0            ; |de0_cv_default|text_engine:t_pause|char_rom:rom_inst|altsyncram:altsyncram_component|altsyncram_d5g1:auto_generated       ; altsyncram_d5g1      ; work         ;
;    |text_engine:t_play_game|                 ; 13 (11)             ; 0 (0)                     ; 4096              ; 0          ; 0    ; 0            ; |de0_cv_default|text_engine:t_play_game                                                                                    ; text_engine          ; work         ;
;       |char_rom:rom_inst|                    ; 2 (2)               ; 0 (0)                     ; 4096              ; 0          ; 0    ; 0            ; |de0_cv_default|text_engine:t_play_game|char_rom:rom_inst                                                                  ; char_rom             ; work         ;
;          |altsyncram:altsyncram_component|   ; 0 (0)               ; 0 (0)                     ; 4096              ; 0          ; 0    ; 0            ; |de0_cv_default|text_engine:t_play_game|char_rom:rom_inst|altsyncram:altsyncram_component                                  ; altsyncram           ; work         ;
;             |altsyncram_d5g1:auto_generated| ; 0 (0)               ; 0 (0)                     ; 4096              ; 0          ; 0    ; 0            ; |de0_cv_default|text_engine:t_play_game|char_rom:rom_inst|altsyncram:altsyncram_component|altsyncram_d5g1:auto_generated   ; altsyncram_d5g1      ; work         ;
;    |text_engine:t_play_train|                ; 15 (13)             ; 0 (0)                     ; 4096              ; 0          ; 0    ; 0            ; |de0_cv_default|text_engine:t_play_train                                                                                   ; text_engine          ; work         ;
;       |char_rom:rom_inst|                    ; 2 (2)               ; 0 (0)                     ; 4096              ; 0          ; 0    ; 0            ; |de0_cv_default|text_engine:t_play_train|char_rom:rom_inst                                                                 ; char_rom             ; work         ;
;          |altsyncram:altsyncram_component|   ; 0 (0)               ; 0 (0)                     ; 4096              ; 0          ; 0    ; 0            ; |de0_cv_default|text_engine:t_play_train|char_rom:rom_inst|altsyncram:altsyncram_component                                 ; altsyncram           ; work         ;
;             |altsyncram_d5g1:auto_generated| ; 0 (0)               ; 0 (0)                     ; 4096              ; 0          ; 0    ; 0            ; |de0_cv_default|text_engine:t_play_train|char_rom:rom_inst|altsyncram:altsyncram_component|altsyncram_d5g1:auto_generated  ; altsyncram_d5g1      ; work         ;
;    |text_engine:t_press_start|               ; 26 (24)             ; 0 (0)                     ; 4096              ; 0          ; 0    ; 0            ; |de0_cv_default|text_engine:t_press_start                                                                                  ; text_engine          ; work         ;
;       |char_rom:rom_inst|                    ; 2 (2)               ; 0 (0)                     ; 4096              ; 0          ; 0    ; 0            ; |de0_cv_default|text_engine:t_press_start|char_rom:rom_inst                                                                ; char_rom             ; work         ;
;          |altsyncram:altsyncram_component|   ; 0 (0)               ; 0 (0)                     ; 4096              ; 0          ; 0    ; 0            ; |de0_cv_default|text_engine:t_press_start|char_rom:rom_inst|altsyncram:altsyncram_component                                ; altsyncram           ; work         ;
;             |altsyncram_d5g1:auto_generated| ; 0 (0)               ; 0 (0)                     ; 4096              ; 0          ; 0    ; 0            ; |de0_cv_default|text_engine:t_press_start|char_rom:rom_inst|altsyncram:altsyncram_component|altsyncram_d5g1:auto_generated ; altsyncram_d5g1      ; work         ;
;    |text_engine:t_title|                     ; 21 (19)             ; 0 (0)                     ; 4096              ; 0          ; 0    ; 0            ; |de0_cv_default|text_engine:t_title                                                                                        ; text_engine          ; work         ;
;       |char_rom:rom_inst|                    ; 2 (2)               ; 0 (0)                     ; 4096              ; 0          ; 0    ; 0            ; |de0_cv_default|text_engine:t_title|char_rom:rom_inst                                                                      ; char_rom             ; work         ;
;          |altsyncram:altsyncram_component|   ; 0 (0)               ; 0 (0)                     ; 4096              ; 0          ; 0    ; 0            ; |de0_cv_default|text_engine:t_title|char_rom:rom_inst|altsyncram:altsyncram_component                                      ; altsyncram           ; work         ;
;             |altsyncram_d5g1:auto_generated| ; 0 (0)               ; 0 (0)                     ; 4096              ; 0          ; 0    ; 0            ; |de0_cv_default|text_engine:t_title|char_rom:rom_inst|altsyncram:altsyncram_component|altsyncram_d5g1:auto_generated       ; altsyncram_d5g1      ; work         ;
+----------------------------------------------+---------------------+---------------------------+-------------------+------------+------+--------------+----------------------------------------------------------------------------------------------------------------------------+----------------------+--------------+
Note: For table entries with two numbers listed, the numbers in parentheses indicate the number of resources of the given type used by the specific entity alone. The numbers listed outside of parentheses indicate the total resources of the given type used by the specific entity and all of its sub-entities in the hierarchy.


+----------------------------------------------------------------------------------------------------------------------------------------------------------------------------------------------------------------------+
; Analysis & Synthesis RAM Summary                                                                                                                                                                                     ;
+-----------------------------------------------------------------------------------------------------------------------+------+------+--------------+--------------+--------------+--------------+------+-------------+
; Name                                                                                                                  ; Type ; Mode ; Port A Depth ; Port A Width ; Port B Depth ; Port B Width ; Size ; MIF         ;
+-----------------------------------------------------------------------------------------------------------------------+------+------+--------------+--------------+--------------+--------------+------+-------------+
; sprite_rom:bird_rom|altsyncram:altsyncram_component|altsyncram_55c1:auto_generated|ALTSYNCRAM                         ; AUTO ; ROM  ; 256          ; 3            ; --           ; --           ; 768  ; bao.mif     ;
; sprite_rom:gift_rom|altsyncram:altsyncram_component|altsyncram_l8c1:auto_generated|ALTSYNCRAM                         ; AUTO ; ROM  ; 400          ; 3            ; --           ; --           ; 1200 ; gift.mif    ;
; sprite_rom:ground_rom|altsyncram:altsyncram_component|altsyncram_2gc1:auto_generated|ALTSYNCRAM                       ; AUTO ; ROM  ; 256          ; 3            ; --           ; --           ; 768  ; ground.mif  ;
; sprite_rom:pipecap_rom|altsyncram:altsyncram_component|altsyncram_pjc1:auto_generated|ALTSYNCRAM                      ; AUTO ; ROM  ; 800          ; 3            ; --           ; --           ; 2400 ; pipecap.mif ;
; text_engine:t_menu_game|char_rom:rom_inst|altsyncram:altsyncram_component|altsyncram_d5g1:auto_generated|ALTSYNCRAM   ; AUTO ; ROM  ; 512          ; 8            ; --           ; --           ; 4096 ; tcgrom.mif  ;
; text_engine:t_menu_train|char_rom:rom_inst|altsyncram:altsyncram_component|altsyncram_d5g1:auto_generated|ALTSYNCRAM  ; AUTO ; ROM  ; 512          ; 8            ; --           ; --           ; 4096 ; tcgrom.mif  ;
; text_engine:t_over|char_rom:rom_inst|altsyncram:altsyncram_component|altsyncram_d5g1:auto_generated|ALTSYNCRAM        ; AUTO ; ROM  ; 512          ; 8            ; --           ; --           ; 4096 ; tcgrom.mif  ;
; text_engine:t_pause|char_rom:rom_inst|altsyncram:altsyncram_component|altsyncram_d5g1:auto_generated|ALTSYNCRAM       ; AUTO ; ROM  ; 512          ; 8            ; --           ; --           ; 4096 ; tcgrom.mif  ;
; text_engine:t_play_game|char_rom:rom_inst|altsyncram:altsyncram_component|altsyncram_d5g1:auto_generated|ALTSYNCRAM   ; AUTO ; ROM  ; 512          ; 8            ; --           ; --           ; 4096 ; tcgrom.mif  ;
; text_engine:t_play_train|char_rom:rom_inst|altsyncram:altsyncram_component|altsyncram_d5g1:auto_generated|ALTSYNCRAM  ; AUTO ; ROM  ; 512          ; 8            ; --           ; --           ; 4096 ; tcgrom.mif  ;
; text_engine:t_press_start|char_rom:rom_inst|altsyncram:altsyncram_component|altsyncram_d5g1:auto_generated|ALTSYNCRAM ; AUTO ; ROM  ; 512          ; 8            ; --           ; --           ; 4096 ; tcgrom.mif  ;
; text_engine:t_title|char_rom:rom_inst|altsyncram:altsyncram_component|altsyncram_d5g1:auto_generated|ALTSYNCRAM       ; AUTO ; ROM  ; 512          ; 8            ; --           ; --           ; 4096 ; tcgrom.mif  ;
+-----------------------------------------------------------------------------------------------------------------------+------+------+--------------+--------------+--------------+--------------+------+-------------+


+-----------------------------------------------+
; Analysis & Synthesis DSP Block Usage Summary  ;
+---------------------------------+-------------+
; Statistic                       ; Number Used ;
+---------------------------------+-------------+
; Two Independent 18x18           ; 8           ;
; Total number of DSP blocks      ; 8           ;
;                                 ;             ;
; Fixed Point Unsigned Multiplier ; 8           ;
+---------------------------------+-------------+


Encoding Type:  One-Hot
+----------------------------------------------------------------------------------------------------------------------------+
; State Machine - |de0_cv_default|game_fsm:fsm_inst|current_state                                                            ;
+-------------------------+-------------------------+----------------------+-----------------------+-------------------------+
; Name                    ; current_state.GAME_OVER ; current_state.PAUSED ; current_state.PLAYING ; current_state.MAIN_MENU ;
+-------------------------+-------------------------+----------------------+-----------------------+-------------------------+
; current_state.MAIN_MENU ; 0                       ; 0                    ; 0                     ; 0                       ;
; current_state.PLAYING   ; 0                       ; 0                    ; 1                     ; 1                       ;
; current_state.PAUSED    ; 0                       ; 1                    ; 0                     ; 1                       ;
; current_state.GAME_OVER ; 1                       ; 0                    ; 0                     ; 1                       ;
+-------------------------+-------------------------+----------------------+-----------------------+-------------------------+


Encoding Type:  One-Hot
+---------------------------------------------------------------------------------------------------------------------------------------------------------------------------------------------------------+
; State Machine - |de0_cv_default|MOUSE:mouse_inst|mouse_state                                                                                                                                            ;
+-------------------------------+---------------------------+--------------------------+-------------------------------+---------------------------+--------------------------+---------------------------+
; Name                          ; mouse_state.INPUT_PACKETS ; mouse_state.WAIT_CMD_ACK ; mouse_state.WAIT_OUTPUT_READY ; mouse_state.LOAD_COMMAND2 ; mouse_state.LOAD_COMMAND ; mouse_state.INHIBIT_TRANS ;
+-------------------------------+---------------------------+--------------------------+-------------------------------+---------------------------+--------------------------+---------------------------+
; mouse_state.INHIBIT_TRANS     ; 0                         ; 0                        ; 0                             ; 0                         ; 0                        ; 0                         ;
; mouse_state.LOAD_COMMAND      ; 0                         ; 0                        ; 0                             ; 0                         ; 1                        ; 1                         ;
; mouse_state.LOAD_COMMAND2     ; 0                         ; 0                        ; 0                             ; 1                         ; 0                        ; 1                         ;
; mouse_state.WAIT_OUTPUT_READY ; 0                         ; 0                        ; 1                             ; 0                         ; 0                        ; 1                         ;
; mouse_state.WAIT_CMD_ACK      ; 0                         ; 1                        ; 0                             ; 0                         ; 0                        ; 1                         ;
; mouse_state.INPUT_PACKETS     ; 1                         ; 0                        ; 0                             ; 0                         ; 0                        ; 1                         ;
+-------------------------------+---------------------------+--------------------------+-------------------------------+---------------------------+--------------------------+---------------------------+


+-------------------------------------------------------------------------------------------------------------------+
; User-Specified and Inferred Latches                                                                               ;
+----------------------------------------------------+-------------------------------------+------------------------+
; Latch Name                                         ; Latch Enable Signal                 ; Free of Timing Hazards ;
+----------------------------------------------------+-------------------------------------+------------------------+
; conveyor_belt:level_inst|ground_addr[0]            ; conveyor_belt:level_inst|LessThan84 ; yes                    ;
; conveyor_belt:level_inst|ground_addr[1]            ; conveyor_belt:level_inst|LessThan84 ; yes                    ;
; conveyor_belt:level_inst|ground_addr[2]            ; conveyor_belt:level_inst|LessThan84 ; yes                    ;
; conveyor_belt:level_inst|ground_addr[3]            ; conveyor_belt:level_inst|LessThan84 ; yes                    ;
; conveyor_belt:level_inst|ground_addr[4]            ; conveyor_belt:level_inst|LessThan84 ; yes                    ;
; conveyor_belt:level_inst|ground_addr[5]            ; conveyor_belt:level_inst|LessThan84 ; yes                    ;
; conveyor_belt:level_inst|ground_addr[6]            ; conveyor_belt:level_inst|LessThan84 ; yes                    ;
; conveyor_belt:level_inst|ground_addr[7]            ; conveyor_belt:level_inst|LessThan84 ; yes                    ;
; Number of user-specified and inferred latches = 8  ;                                     ;                        ;
+----------------------------------------------------+-------------------------------------+------------------------+
Note: All latches listed above may not be present at the end of synthesis due to various synthesis optimizations.


+--------------------------------------------------------------------------------------------------+
; Registers Removed During Synthesis                                                               ;
+------------------------------------------------+-------------------------------------------------+
; Register name                                  ; Reason for Removal                              ;
+------------------------------------------------+-------------------------------------------------+
; layers[6].layer_on                             ; Stuck at VCC due to stuck port data_in          ;
; layers[6].rgb[2]                               ; Stuck at GND due to stuck port data_in          ;
; layers[6].rgb[0,1]                             ; Stuck at VCC due to stuck port data_in          ;
; conveyor_belt:level_inst|pipes[0].gap_y[9..30] ; Stuck at GND due to stuck port data_in          ;
; conveyor_belt:level_inst|pipes[1].gap_y[9..30] ; Stuck at GND due to stuck port data_in          ;
; conveyor_belt:level_inst|pipes[2].gap_y[9..30] ; Stuck at GND due to stuck port data_in          ;
; conveyor_belt:level_inst|pipes[3].gap_y[9..30] ; Stuck at GND due to stuck port data_in          ;
; MOUSE:mouse_inst|CHAROUT[4..7]                 ; Stuck at VCC due to stuck port data_in          ;
; MOUSE:mouse_inst|CHAROUT[3]                    ; Stuck at GND due to stuck port data_in          ;
; MOUSE:mouse_inst|CHAROUT[2]                    ; Stuck at VCC due to stuck port data_in          ;
; MOUSE:mouse_inst|CHAROUT[0,1]                  ; Stuck at GND due to stuck port data_in          ;
; MOUSE:mouse_inst|SHIFTOUT[10]                  ; Stuck at VCC due to stuck port data_in          ;
; score_lives:score_inst|vsync_prev              ; Merged with conveyor_belt:level_inst|vsync_prev ;
; MOUSE:mouse_inst|cursor_row[9]                 ; Stuck at GND due to stuck port data_in          ;
; VGA_SYNC:vga_sync_inst|pixel_row[9]            ; Stuck at GND due to stuck port data_in          ;
; conveyor_belt:level_inst|pipes[1].gap_y[31]    ; Stuck at GND due to stuck port data_in          ;
; conveyor_belt:level_inst|pipes[2].gap_y[31]    ; Stuck at GND due to stuck port data_in          ;
; conveyor_belt:level_inst|pipes[3].gap_y[31]    ; Stuck at GND due to stuck port data_in          ;
; conveyor_belt:level_inst|pipes[0].gap_y[31]    ; Stuck at GND due to stuck port data_in          ;
; Total Number of Removed Registers = 108        ;                                                 ;
+------------------------------------------------+-------------------------------------------------+


+------------------------------------------------------+
; General Register Statistics                          ;
+----------------------------------------------+-------+
; Statistic                                    ; Value ;
+----------------------------------------------+-------+
; Total registers                              ; 459   ;
; Number of registers using Synchronous Clear  ; 141   ;
; Number of registers using Synchronous Load   ; 20    ;
; Number of registers using Asynchronous Clear ; 312   ;
; Number of registers using Asynchronous Load  ; 0     ;
; Number of registers using Clock Enable       ; 375   ;
; Number of registers using Preset             ; 0     ;
+----------------------------------------------+-------+


+------------------------------------------------------+
; Inverted Register Statistics                         ;
+--------------------------------------------+---------+
; Inverted Register                          ; Fan out ;
+--------------------------------------------+---------+
; score_lives:score_inst|l_count[1]          ; 11      ;
; score_lives:score_inst|l_count[0]          ; 12      ;
; bird_logic:bird_inst|ball_y_pos[7]         ; 32      ;
; bird_logic:bird_inst|ball_y_pos[6]         ; 31      ;
; bird_logic:bird_inst|ball_y_pos[5]         ; 44      ;
; bird_logic:bird_inst|ball_y_pos[4]         ; 57      ;
; conveyor_belt:level_inst|pipes[1].gap_y[7] ; 11      ;
; conveyor_belt:level_inst|pipes[1].gap_y[4] ; 17      ;
; conveyor_belt:level_inst|pipes[1].gap_y[2] ; 5       ;
; conveyor_belt:level_inst|pipes[1].gap_y[1] ; 6       ;
; conveyor_belt:level_inst|pipes[1].x[9]     ; 9       ;
; conveyor_belt:level_inst|pipes[1].x[8]     ; 9       ;
; conveyor_belt:level_inst|pipes[1].x[7]     ; 8       ;
; conveyor_belt:level_inst|pipes[1].x[5]     ; 8       ;
; conveyor_belt:level_inst|pipes[0].gap_y[7] ; 11      ;
; conveyor_belt:level_inst|pipes[0].gap_y[6] ; 13      ;
; conveyor_belt:level_inst|pipes[0].gap_y[3] ; 7       ;
; conveyor_belt:level_inst|pipes[0].x[9]     ; 8       ;
; conveyor_belt:level_inst|pipes[0].x[7]     ; 8       ;
; conveyor_belt:level_inst|pipes[2].gap_y[7] ; 13      ;
; conveyor_belt:level_inst|pipes[2].gap_y[6] ; 13      ;
; conveyor_belt:level_inst|pipes[2].gap_y[5] ; 17      ;
; conveyor_belt:level_inst|pipes[2].gap_y[4] ; 18      ;
; conveyor_belt:level_inst|pipes[2].gap_y[3] ; 6       ;
; conveyor_belt:level_inst|pipes[2].gap_y[1] ; 6       ;
; conveyor_belt:level_inst|pipes[2].x[7]     ; 9       ;
; conveyor_belt:level_inst|pipes[2].x[6]     ; 9       ;
; conveyor_belt:level_inst|pipes[2].x[4]     ; 8       ;
; conveyor_belt:level_inst|pipes[2].x[10]    ; 6       ;
; conveyor_belt:level_inst|pipes[3].gap_y[6] ; 13      ;
; conveyor_belt:level_inst|pipes[3].gap_y[5] ; 17      ;
; conveyor_belt:level_inst|pipes[3].gap_y[2] ; 5       ;
; conveyor_belt:level_inst|pipes[3].x[10]    ; 6       ;
; conveyor_belt:level_inst|pipes[3].x[9]     ; 9       ;
; conveyor_belt:level_inst|pipes[1].has_gift ; 4       ;
; conveyor_belt:level_inst|pipes[3].has_gift ; 4       ;
; conveyor_belt:level_inst|pipes[1].x[3]     ; 7       ;
; conveyor_belt:level_inst|pipes[1].x[2]     ; 7       ;
; conveyor_belt:level_inst|pipes[2].x[3]     ; 7       ;
; conveyor_belt:level_inst|pipes[3].x[2]     ; 7       ;
; lfsr:lfsr_inst|q[7]                        ; 5       ;
; lfsr:lfsr_inst|q[5]                        ; 2       ;
; lfsr:lfsr_inst|q[3]                        ; 2       ;
; lfsr:lfsr_inst|q[1]                        ; 2       ;
; MOUSE:mouse_inst|send_char                 ; 3       ;
; MOUSE:mouse_inst|SHIFTOUT[3]               ; 1       ;
; MOUSE:mouse_inst|SHIFTOUT[5]               ; 1       ;
; MOUSE:mouse_inst|SHIFTOUT[6]               ; 1       ;
; MOUSE:mouse_inst|SHIFTOUT[7]               ; 1       ;
; MOUSE:mouse_inst|SHIFTOUT[8]               ; 1       ;
; Total number of inverted registers = 50    ;         ;
+--------------------------------------------+---------+


+------------------------------------------------------------------------------------------------------------------------------------------------------------------------+
; Multiplexer Restructuring Statistics (Restructuring Performed)                                                                                                         ;
+--------------------+-----------+---------------+----------------------+------------------------+------------+----------------------------------------------------------+
; Multiplexer Inputs ; Bus Width ; Baseline Area ; Area if Restructured ; Saving if Restructured ; Registered ; Example Multiplexer Output                               ;
+--------------------+-----------+---------------+----------------------+------------------------+------------+----------------------------------------------------------+
; 3:1                ; 20 bits   ; 40 LEs        ; 20 LEs               ; 20 LEs                 ; Yes        ; |de0_cv_default|MOUSE:mouse_inst|new_cursor_row[8]       ;
; 3:1                ; 4 bits    ; 8 LEs         ; 4 LEs                ; 4 LEs                  ; Yes        ; |de0_cv_default|score_lives:score_inst|cooldown_timer[5] ;
; 3:1                ; 28 bits   ; 56 LEs        ; 0 LEs                ; 56 LEs                 ; Yes        ; |de0_cv_default|score_lives:score_inst|cooldown_timer[0] ;
; 3:1                ; 10 bits   ; 20 LEs        ; 0 LEs                ; 20 LEs                 ; Yes        ; |de0_cv_default|VGA_SYNC:vga_sync_inst|v_count[2]        ;
; 3:1                ; 2 bits    ; 4 LEs         ; 2 LEs                ; 2 LEs                  ; Yes        ; |de0_cv_default|layers[3].rgb[2]                         ;
; 4:1                ; 3 bits    ; 6 LEs         ; 6 LEs                ; 0 LEs                  ; Yes        ; |de0_cv_default|bird_logic:bird_inst|ball_y_pos[2]       ;
; 4:1                ; 3 bits    ; 6 LEs         ; 6 LEs                ; 0 LEs                  ; Yes        ; |de0_cv_default|bird_logic:bird_inst|ball_y_pos[9]       ;
; 5:1                ; 8 bits    ; 24 LEs        ; 8 LEs                ; 16 LEs                 ; Yes        ; |de0_cv_default|MOUSE:mouse_inst|cursor_column[5]        ;
; 5:1                ; 2 bits    ; 6 LEs         ; 4 LEs                ; 2 LEs                  ; Yes        ; |de0_cv_default|MOUSE:mouse_inst|cursor_column[8]        ;
; 5:1                ; 6 bits    ; 18 LEs        ; 12 LEs               ; 6 LEs                  ; Yes        ; |de0_cv_default|MOUSE:mouse_inst|cursor_row[0]           ;
; 5:1                ; 4 bits    ; 12 LEs        ; 8 LEs                ; 4 LEs                  ; Yes        ; |de0_cv_default|MOUSE:mouse_inst|cursor_row[7]           ;
; 4:1                ; 4 bits    ; 8 LEs         ; 8 LEs                ; 0 LEs                  ; Yes        ; |de0_cv_default|bird_logic:bird_inst|ball_y_pos[4]       ;
; 5:1                ; 4 bits    ; 12 LEs        ; 12 LEs               ; 0 LEs                  ; No         ; |de0_cv_default|seven_seg:seg_score0|SevenSeg_out[0]     ;
; 5:1                ; 4 bits    ; 12 LEs        ; 12 LEs               ; 0 LEs                  ; No         ; |de0_cv_default|seven_seg:seg_score1|SevenSeg_out[3]     ;
; 5:1                ; 4 bits    ; 12 LEs        ; 12 LEs               ; 0 LEs                  ; No         ; |de0_cv_default|seven_seg:seg_lives|SevenSeg_out[0]      ;
; 7:1                ; 3 bits    ; 12 LEs        ; 12 LEs               ; 0 LEs                  ; No         ; |de0_cv_default|display_pixel_router:router_inst|vid_g   ;
; 7:1                ; 2 bits    ; 8 LEs         ; 8 LEs                ; 0 LEs                  ; No         ; |de0_cv_default|conveyor_belt:level_inst|gift_addr[1]    ;
; 5:1                ; 14 bits   ; 42 LEs        ; 28 LEs               ; 14 LEs                 ; No         ; |de0_cv_default|conveyor_belt:level_inst|Add22           ;
; 5:1                ; 10 bits   ; 30 LEs        ; 20 LEs               ; 10 LEs                 ; No         ; |de0_cv_default|conveyor_belt:level_inst|Add9            ;
; 7:1                ; 2 bits    ; 8 LEs         ; 4 LEs                ; 4 LEs                  ; No         ; |de0_cv_default|game_fsm:fsm_inst|Selector2              ;
; 6:1                ; 10 bits   ; 40 LEs        ; 20 LEs               ; 20 LEs                 ; No         ; |de0_cv_default|conveyor_belt:level_inst|pipecap_addr[3] ;
; 9:1                ; 2 bits    ; 12 LEs        ; 6 LEs                ; 6 LEs                  ; No         ; |de0_cv_default|game_fsm:fsm_inst|Selector0              ;
; 7:1                ; 7 bits    ; 28 LEs        ; 14 LEs               ; 14 LEs                 ; No         ; |de0_cv_default|conveyor_belt:level_inst|gift_addr[3]    ;
; 8:1                ; 10 bits   ; 50 LEs        ; 50 LEs               ; 0 LEs                  ; No         ; |de0_cv_default|conveyor_belt:level_inst|Add9            ;
+--------------------+-----------+---------------+----------------------+------------------------+------------+----------------------------------------------------------+


+-----------------------------------------------------------------------------------------------------------+
; Source assignments for sprite_rom:bird_rom|altsyncram:altsyncram_component|altsyncram_55c1:auto_generated ;
+---------------------------------+--------------------+------+---------------------------------------------+
; Assignment                      ; Value              ; From ; To                                          ;
+---------------------------------+--------------------+------+---------------------------------------------+
; OPTIMIZE_POWER_DURING_SYNTHESIS ; NORMAL_COMPILATION ; -    ; -                                           ;
+---------------------------------+--------------------+------+---------------------------------------------+


+-------------------------------------------------------------------------------------------------------------+
; Source assignments for sprite_rom:ground_rom|altsyncram:altsyncram_component|altsyncram_2gc1:auto_generated ;
+---------------------------------+--------------------+------+-----------------------------------------------+
; Assignment                      ; Value              ; From ; To                                            ;
+---------------------------------+--------------------+------+-----------------------------------------------+
; OPTIMIZE_POWER_DURING_SYNTHESIS ; NORMAL_COMPILATION ; -    ; -                                             ;
+---------------------------------+--------------------+------+-----------------------------------------------+


+-----------------------------------------------------------------------------------------------------------+
; Source assignments for sprite_rom:gift_rom|altsyncram:altsyncram_component|altsyncram_l8c1:auto_generated ;
+---------------------------------+--------------------+------+---------------------------------------------+
; Assignment                      ; Value              ; From ; To                                          ;
+---------------------------------+--------------------+------+---------------------------------------------+
; OPTIMIZE_POWER_DURING_SYNTHESIS ; NORMAL_COMPILATION ; -    ; -                                           ;
+---------------------------------+--------------------+------+---------------------------------------------+


+--------------------------------------------------------------------------------------------------------------+
; Source assignments for sprite_rom:pipecap_rom|altsyncram:altsyncram_component|altsyncram_pjc1:auto_generated ;
+---------------------------------+--------------------+------+------------------------------------------------+
; Assignment                      ; Value              ; From ; To                                             ;
+---------------------------------+--------------------+------+------------------------------------------------+
; OPTIMIZE_POWER_DURING_SYNTHESIS ; NORMAL_COMPILATION ; -    ; -                                              ;
+---------------------------------+--------------------+------+------------------------------------------------+


+-----------------------------------------------------------------------------------------------------------------------------+
; Source assignments for text_engine:t_title|char_rom:rom_inst|altsyncram:altsyncram_component|altsyncram_d5g1:auto_generated ;
+---------------------------------+--------------------+------+---------------------------------------------------------------+
; Assignment                      ; Value              ; From ; To                                                            ;
+---------------------------------+--------------------+------+---------------------------------------------------------------+
; OPTIMIZE_POWER_DURING_SYNTHESIS ; NORMAL_COMPILATION ; -    ; -                                                             ;
+---------------------------------+--------------------+------+---------------------------------------------------------------+


+----------------------------------------------------------------------------------------------------------------------------------+
; Source assignments for text_engine:t_menu_train|char_rom:rom_inst|altsyncram:altsyncram_component|altsyncram_d5g1:auto_generated ;
+---------------------------------+--------------------+------+--------------------------------------------------------------------+
; Assignment                      ; Value              ; From ; To                                                                 ;
+---------------------------------+--------------------+------+--------------------------------------------------------------------+
; OPTIMIZE_POWER_DURING_SYNTHESIS ; NORMAL_COMPILATION ; -    ; -                                                                  ;
+---------------------------------+--------------------+------+--------------------------------------------------------------------+


+---------------------------------------------------------------------------------------------------------------------------------+
; Source assignments for text_engine:t_menu_game|char_rom:rom_inst|altsyncram:altsyncram_component|altsyncram_d5g1:auto_generated ;
+---------------------------------+--------------------+------+-------------------------------------------------------------------+
; Assignment                      ; Value              ; From ; To                                                                ;
+---------------------------------+--------------------+------+-------------------------------------------------------------------+
; OPTIMIZE_POWER_DURING_SYNTHESIS ; NORMAL_COMPILATION ; -    ; -                                                                 ;
+---------------------------------+--------------------+------+-------------------------------------------------------------------+


+----------------------------------------------------------------------------------------------------------------------------------+
; Source assignments for text_engine:t_play_train|char_rom:rom_inst|altsyncram:altsyncram_component|altsyncram_d5g1:auto_generated ;
+---------------------------------+--------------------+------+--------------------------------------------------------------------+
; Assignment                      ; Value              ; From ; To                                                                 ;
+---------------------------------+--------------------+------+--------------------------------------------------------------------+
; OPTIMIZE_POWER_DURING_SYNTHESIS ; NORMAL_COMPILATION ; -    ; -                                                                  ;
+---------------------------------+--------------------+------+--------------------------------------------------------------------+


+---------------------------------------------------------------------------------------------------------------------------------+
; Source assignments for text_engine:t_play_game|char_rom:rom_inst|altsyncram:altsyncram_component|altsyncram_d5g1:auto_generated ;
+---------------------------------+--------------------+------+-------------------------------------------------------------------+
; Assignment                      ; Value              ; From ; To                                                                ;
+---------------------------------+--------------------+------+-------------------------------------------------------------------+
; OPTIMIZE_POWER_DURING_SYNTHESIS ; NORMAL_COMPILATION ; -    ; -                                                                 ;
+---------------------------------+--------------------+------+-------------------------------------------------------------------+


+-----------------------------------------------------------------------------------------------------------------------------+
; Source assignments for text_engine:t_pause|char_rom:rom_inst|altsyncram:altsyncram_component|altsyncram_d5g1:auto_generated ;
+---------------------------------+--------------------+------+---------------------------------------------------------------+
; Assignment                      ; Value              ; From ; To                                                            ;
+---------------------------------+--------------------+------+---------------------------------------------------------------+
; OPTIMIZE_POWER_DURING_SYNTHESIS ; NORMAL_COMPILATION ; -    ; -                                                             ;
+---------------------------------+--------------------+------+---------------------------------------------------------------+


+----------------------------------------------------------------------------------------------------------------------------+
; Source assignments for text_engine:t_over|char_rom:rom_inst|altsyncram:altsyncram_component|altsyncram_d5g1:auto_generated ;
+---------------------------------+--------------------+------+--------------------------------------------------------------+
; Assignment                      ; Value              ; From ; To                                                           ;
+---------------------------------+--------------------+------+--------------------------------------------------------------+
; OPTIMIZE_POWER_DURING_SYNTHESIS ; NORMAL_COMPILATION ; -    ; -                                                            ;
+---------------------------------+--------------------+------+--------------------------------------------------------------+


+-----------------------------------------------------------------------------------------------------------------------------------+
; Source assignments for text_engine:t_press_start|char_rom:rom_inst|altsyncram:altsyncram_component|altsyncram_d5g1:auto_generated ;
+---------------------------------+--------------------+------+---------------------------------------------------------------------+
; Assignment                      ; Value              ; From ; To                                                                  ;
+---------------------------------+--------------------+------+---------------------------------------------------------------------+
; OPTIMIZE_POWER_DURING_SYNTHESIS ; NORMAL_COMPILATION ; -    ; -                                                                   ;
+---------------------------------+--------------------+------+---------------------------------------------------------------------+


+------------------------------------------------------------------+
; Parameter Settings for User Entity Instance: sprite_rom:bird_rom ;
+----------------+---------+---------------------------------------+
; Parameter Name ; Value   ; Type                                  ;
+----------------+---------+---------------------------------------+
; mif_file       ; bao.mif ; String                                ;
; depth          ; 256     ; Signed Integer                        ;
; addr_w         ; 8       ; Signed Integer                        ;
+----------------+---------+---------------------------------------+
Note: In order to hide this table in the UI and the text report file, please set the "Show Parameter Settings in Synthesis Report" option in "Analysis and Synthesis Settings -> More Settings" to "Off".


+--------------------------------------------------------------------------------------------------+
; Parameter Settings for User Entity Instance: sprite_rom:bird_rom|altsyncram:altsyncram_component ;
+------------------------------------+----------------------+--------------------------------------+
; Parameter Name                     ; Value                ; Type                                 ;
+------------------------------------+----------------------+--------------------------------------+
; BYTE_SIZE_BLOCK                    ; 8                    ; Untyped                              ;
; AUTO_CARRY_CHAINS                  ; ON                   ; AUTO_CARRY                           ;
; IGNORE_CARRY_BUFFERS               ; OFF                  ; IGNORE_CARRY                         ;
; AUTO_CASCADE_CHAINS                ; ON                   ; AUTO_CASCADE                         ;
; IGNORE_CASCADE_BUFFERS             ; OFF                  ; IGNORE_CASCADE                       ;
; WIDTH_BYTEENA                      ; 1                    ; Untyped                              ;
; OPERATION_MODE                     ; ROM                  ; Untyped                              ;
; WIDTH_A                            ; 3                    ; Signed Integer                       ;
; WIDTHAD_A                          ; 8                    ; Signed Integer                       ;
; NUMWORDS_A                         ; 256                  ; Signed Integer                       ;
; OUTDATA_REG_A                      ; UNREGISTERED         ; Untyped                              ;
; ADDRESS_ACLR_A                     ; NONE                 ; Untyped                              ;
; OUTDATA_ACLR_A                     ; NONE                 ; Untyped                              ;
; WRCONTROL_ACLR_A                   ; NONE                 ; Untyped                              ;
; INDATA_ACLR_A                      ; NONE                 ; Untyped                              ;
; BYTEENA_ACLR_A                     ; NONE                 ; Untyped                              ;
; WIDTH_B                            ; 1                    ; Untyped                              ;
; WIDTHAD_B                          ; 1                    ; Untyped                              ;
; NUMWORDS_B                         ; 1                    ; Untyped                              ;
; INDATA_REG_B                       ; CLOCK1               ; Untyped                              ;
; WRCONTROL_WRADDRESS_REG_B          ; CLOCK1               ; Untyped                              ;
; RDCONTROL_REG_B                    ; CLOCK1               ; Untyped                              ;
; ADDRESS_REG_B                      ; CLOCK1               ; Untyped                              ;
; OUTDATA_REG_B                      ; UNREGISTERED         ; Untyped                              ;
; BYTEENA_REG_B                      ; CLOCK1               ; Untyped                              ;
; INDATA_ACLR_B                      ; NONE                 ; Untyped                              ;
; WRCONTROL_ACLR_B                   ; NONE                 ; Untyped                              ;
; ADDRESS_ACLR_B                     ; NONE                 ; Untyped                              ;
; OUTDATA_ACLR_B                     ; NONE                 ; Untyped                              ;
; RDCONTROL_ACLR_B                   ; NONE                 ; Untyped                              ;
; BYTEENA_ACLR_B                     ; NONE                 ; Untyped                              ;
; WIDTH_BYTEENA_A                    ; 1                    ; Untyped                              ;
; WIDTH_BYTEENA_B                    ; 1                    ; Untyped                              ;
; RAM_BLOCK_TYPE                     ; AUTO                 ; Untyped                              ;
; BYTE_SIZE                          ; 8                    ; Untyped                              ;
; READ_DURING_WRITE_MODE_MIXED_PORTS ; DONT_CARE            ; Untyped                              ;
; READ_DURING_WRITE_MODE_PORT_A      ; NEW_DATA_NO_NBE_READ ; Untyped                              ;
; READ_DURING_WRITE_MODE_PORT_B      ; NEW_DATA_NO_NBE_READ ; Untyped                              ;
; INIT_FILE                          ; bao.mif              ; Untyped                              ;
; INIT_FILE_LAYOUT                   ; PORT_A               ; Untyped                              ;
; MAXIMUM_DEPTH                      ; 0                    ; Untyped                              ;
; CLOCK_ENABLE_INPUT_A               ; BYPASS               ; Untyped                              ;
; CLOCK_ENABLE_INPUT_B               ; NORMAL               ; Untyped                              ;
; CLOCK_ENABLE_OUTPUT_A              ; BYPASS               ; Untyped                              ;
; CLOCK_ENABLE_OUTPUT_B              ; NORMAL               ; Untyped                              ;
; CLOCK_ENABLE_CORE_A                ; USE_INPUT_CLKEN      ; Untyped                              ;
; CLOCK_ENABLE_CORE_B                ; USE_INPUT_CLKEN      ; Untyped                              ;
; ENABLE_ECC                         ; FALSE                ; Untyped                              ;
; ECC_PIPELINE_STAGE_ENABLED         ; FALSE                ; Untyped                              ;
; WIDTH_ECCSTATUS                    ; 3                    ; Untyped                              ;
; DEVICE_FAMILY                      ; Cyclone V            ; Untyped                              ;
; CBXI_PARAMETER                     ; altsyncram_55c1      ; Untyped                              ;
+------------------------------------+----------------------+--------------------------------------+
Note: In order to hide this table in the UI and the text report file, please set the "Show Parameter Settings in Synthesis Report" option in "Analysis and Synthesis Settings -> More Settings" to "Off".


+--------------------------------------------------------------------+
; Parameter Settings for User Entity Instance: sprite_rom:ground_rom ;
+----------------+------------+--------------------------------------+
; Parameter Name ; Value      ; Type                                 ;
+----------------+------------+--------------------------------------+
; mif_file       ; ground.mif ; String                               ;
; depth          ; 256        ; Signed Integer                       ;
; addr_w         ; 8          ; Signed Integer                       ;
+----------------+------------+--------------------------------------+
Note: In order to hide this table in the UI and the text report file, please set the "Show Parameter Settings in Synthesis Report" option in "Analysis and Synthesis Settings -> More Settings" to "Off".


+----------------------------------------------------------------------------------------------------+
; Parameter Settings for User Entity Instance: sprite_rom:ground_rom|altsyncram:altsyncram_component ;
+------------------------------------+----------------------+----------------------------------------+
; Parameter Name                     ; Value                ; Type                                   ;
+------------------------------------+----------------------+----------------------------------------+
; BYTE_SIZE_BLOCK                    ; 8                    ; Untyped                                ;
; AUTO_CARRY_CHAINS                  ; ON                   ; AUTO_CARRY                             ;
; IGNORE_CARRY_BUFFERS               ; OFF                  ; IGNORE_CARRY                           ;
; AUTO_CASCADE_CHAINS                ; ON                   ; AUTO_CASCADE                           ;
; IGNORE_CASCADE_BUFFERS             ; OFF                  ; IGNORE_CASCADE                         ;
; WIDTH_BYTEENA                      ; 1                    ; Untyped                                ;
; OPERATION_MODE                     ; ROM                  ; Untyped                                ;
; WIDTH_A                            ; 3                    ; Signed Integer                         ;
; WIDTHAD_A                          ; 8                    ; Signed Integer                         ;
; NUMWORDS_A                         ; 256                  ; Signed Integer                         ;
; OUTDATA_REG_A                      ; UNREGISTERED         ; Untyped                                ;
; ADDRESS_ACLR_A                     ; NONE                 ; Untyped                                ;
; OUTDATA_ACLR_A                     ; NONE                 ; Untyped                                ;
; WRCONTROL_ACLR_A                   ; NONE                 ; Untyped                                ;
; INDATA_ACLR_A                      ; NONE                 ; Untyped                                ;
; BYTEENA_ACLR_A                     ; NONE                 ; Untyped                                ;
; WIDTH_B                            ; 1                    ; Untyped                                ;
; WIDTHAD_B                          ; 1                    ; Untyped                                ;
; NUMWORDS_B                         ; 1                    ; Untyped                                ;
; INDATA_REG_B                       ; CLOCK1               ; Untyped                                ;
; WRCONTROL_WRADDRESS_REG_B          ; CLOCK1               ; Untyped                                ;
; RDCONTROL_REG_B                    ; CLOCK1               ; Untyped                                ;
; ADDRESS_REG_B                      ; CLOCK1               ; Untyped                                ;
; OUTDATA_REG_B                      ; UNREGISTERED         ; Untyped                                ;
; BYTEENA_REG_B                      ; CLOCK1               ; Untyped                                ;
; INDATA_ACLR_B                      ; NONE                 ; Untyped                                ;
; WRCONTROL_ACLR_B                   ; NONE                 ; Untyped                                ;
; ADDRESS_ACLR_B                     ; NONE                 ; Untyped                                ;
; OUTDATA_ACLR_B                     ; NONE                 ; Untyped                                ;
; RDCONTROL_ACLR_B                   ; NONE                 ; Untyped                                ;
; BYTEENA_ACLR_B                     ; NONE                 ; Untyped                                ;
; WIDTH_BYTEENA_A                    ; 1                    ; Untyped                                ;
; WIDTH_BYTEENA_B                    ; 1                    ; Untyped                                ;
; RAM_BLOCK_TYPE                     ; AUTO                 ; Untyped                                ;
; BYTE_SIZE                          ; 8                    ; Untyped                                ;
; READ_DURING_WRITE_MODE_MIXED_PORTS ; DONT_CARE            ; Untyped                                ;
; READ_DURING_WRITE_MODE_PORT_A      ; NEW_DATA_NO_NBE_READ ; Untyped                                ;
; READ_DURING_WRITE_MODE_PORT_B      ; NEW_DATA_NO_NBE_READ ; Untyped                                ;
; INIT_FILE                          ; ground.mif           ; Untyped                                ;
; INIT_FILE_LAYOUT                   ; PORT_A               ; Untyped                                ;
; MAXIMUM_DEPTH                      ; 0                    ; Untyped                                ;
; CLOCK_ENABLE_INPUT_A               ; BYPASS               ; Untyped                                ;
; CLOCK_ENABLE_INPUT_B               ; NORMAL               ; Untyped                                ;
; CLOCK_ENABLE_OUTPUT_A              ; BYPASS               ; Untyped                                ;
; CLOCK_ENABLE_OUTPUT_B              ; NORMAL               ; Untyped                                ;
; CLOCK_ENABLE_CORE_A                ; USE_INPUT_CLKEN      ; Untyped                                ;
; CLOCK_ENABLE_CORE_B                ; USE_INPUT_CLKEN      ; Untyped                                ;
; ENABLE_ECC                         ; FALSE                ; Untyped                                ;
; ECC_PIPELINE_STAGE_ENABLED         ; FALSE                ; Untyped                                ;
; WIDTH_ECCSTATUS                    ; 3                    ; Untyped                                ;
; DEVICE_FAMILY                      ; Cyclone V            ; Untyped                                ;
; CBXI_PARAMETER                     ; altsyncram_2gc1      ; Untyped                                ;
+------------------------------------+----------------------+----------------------------------------+
Note: In order to hide this table in the UI and the text report file, please set the "Show Parameter Settings in Synthesis Report" option in "Analysis and Synthesis Settings -> More Settings" to "Off".


+------------------------------------------------------------------+
; Parameter Settings for User Entity Instance: sprite_rom:gift_rom ;
+----------------+----------+--------------------------------------+
; Parameter Name ; Value    ; Type                                 ;
+----------------+----------+--------------------------------------+
; mif_file       ; gift.mif ; String                               ;
; depth          ; 400      ; Signed Integer                       ;
; addr_w         ; 9        ; Signed Integer                       ;
+----------------+----------+--------------------------------------+
Note: In order to hide this table in the UI and the text report file, please set the "Show Parameter Settings in Synthesis Report" option in "Analysis and Synthesis Settings -> More Settings" to "Off".


+--------------------------------------------------------------------------------------------------+
; Parameter Settings for User Entity Instance: sprite_rom:gift_rom|altsyncram:altsyncram_component ;
+------------------------------------+----------------------+--------------------------------------+
; Parameter Name                     ; Value                ; Type                                 ;
+------------------------------------+----------------------+--------------------------------------+
; BYTE_SIZE_BLOCK                    ; 8                    ; Untyped                              ;
; AUTO_CARRY_CHAINS                  ; ON                   ; AUTO_CARRY                           ;
; IGNORE_CARRY_BUFFERS               ; OFF                  ; IGNORE_CARRY                         ;
; AUTO_CASCADE_CHAINS                ; ON                   ; AUTO_CASCADE                         ;
; IGNORE_CASCADE_BUFFERS             ; OFF                  ; IGNORE_CASCADE                       ;
; WIDTH_BYTEENA                      ; 1                    ; Untyped                              ;
; OPERATION_MODE                     ; ROM                  ; Untyped                              ;
; WIDTH_A                            ; 3                    ; Signed Integer                       ;
; WIDTHAD_A                          ; 9                    ; Signed Integer                       ;
; NUMWORDS_A                         ; 400                  ; Signed Integer                       ;
; OUTDATA_REG_A                      ; UNREGISTERED         ; Untyped                              ;
; ADDRESS_ACLR_A                     ; NONE                 ; Untyped                              ;
; OUTDATA_ACLR_A                     ; NONE                 ; Untyped                              ;
; WRCONTROL_ACLR_A                   ; NONE                 ; Untyped                              ;
; INDATA_ACLR_A                      ; NONE                 ; Untyped                              ;
; BYTEENA_ACLR_A                     ; NONE                 ; Untyped                              ;
; WIDTH_B                            ; 1                    ; Untyped                              ;
; WIDTHAD_B                          ; 1                    ; Untyped                              ;
; NUMWORDS_B                         ; 1                    ; Untyped                              ;
; INDATA_REG_B                       ; CLOCK1               ; Untyped                              ;
; WRCONTROL_WRADDRESS_REG_B          ; CLOCK1               ; Untyped                              ;
; RDCONTROL_REG_B                    ; CLOCK1               ; Untyped                              ;
; ADDRESS_REG_B                      ; CLOCK1               ; Untyped                              ;
; OUTDATA_REG_B                      ; UNREGISTERED         ; Untyped                              ;
; BYTEENA_REG_B                      ; CLOCK1               ; Untyped                              ;
; INDATA_ACLR_B                      ; NONE                 ; Untyped                              ;
; WRCONTROL_ACLR_B                   ; NONE                 ; Untyped                              ;
; ADDRESS_ACLR_B                     ; NONE                 ; Untyped                              ;
; OUTDATA_ACLR_B                     ; NONE                 ; Untyped                              ;
; RDCONTROL_ACLR_B                   ; NONE                 ; Untyped                              ;
; BYTEENA_ACLR_B                     ; NONE                 ; Untyped                              ;
; WIDTH_BYTEENA_A                    ; 1                    ; Untyped                              ;
; WIDTH_BYTEENA_B                    ; 1                    ; Untyped                              ;
; RAM_BLOCK_TYPE                     ; AUTO                 ; Untyped                              ;
; BYTE_SIZE                          ; 8                    ; Untyped                              ;
; READ_DURING_WRITE_MODE_MIXED_PORTS ; DONT_CARE            ; Untyped                              ;
; READ_DURING_WRITE_MODE_PORT_A      ; NEW_DATA_NO_NBE_READ ; Untyped                              ;
; READ_DURING_WRITE_MODE_PORT_B      ; NEW_DATA_NO_NBE_READ ; Untyped                              ;
; INIT_FILE                          ; gift.mif             ; Untyped                              ;
; INIT_FILE_LAYOUT                   ; PORT_A               ; Untyped                              ;
; MAXIMUM_DEPTH                      ; 0                    ; Untyped                              ;
; CLOCK_ENABLE_INPUT_A               ; BYPASS               ; Untyped                              ;
; CLOCK_ENABLE_INPUT_B               ; NORMAL               ; Untyped                              ;
; CLOCK_ENABLE_OUTPUT_A              ; BYPASS               ; Untyped                              ;
; CLOCK_ENABLE_OUTPUT_B              ; NORMAL               ; Untyped                              ;
; CLOCK_ENABLE_CORE_A                ; USE_INPUT_CLKEN      ; Untyped                              ;
; CLOCK_ENABLE_CORE_B                ; USE_INPUT_CLKEN      ; Untyped                              ;
; ENABLE_ECC                         ; FALSE                ; Untyped                              ;
; ECC_PIPELINE_STAGE_ENABLED         ; FALSE                ; Untyped                              ;
; WIDTH_ECCSTATUS                    ; 3                    ; Untyped                              ;
; DEVICE_FAMILY                      ; Cyclone V            ; Untyped                              ;
; CBXI_PARAMETER                     ; altsyncram_l8c1      ; Untyped                              ;
+------------------------------------+----------------------+--------------------------------------+
Note: In order to hide this table in the UI and the text report file, please set the "Show Parameter Settings in Synthesis Report" option in "Analysis and Synthesis Settings -> More Settings" to "Off".


+---------------------------------------------------------------------+
; Parameter Settings for User Entity Instance: sprite_rom:pipecap_rom ;
+----------------+-------------+--------------------------------------+
; Parameter Name ; Value       ; Type                                 ;
+----------------+-------------+--------------------------------------+
; mif_file       ; pipecap.mif ; String                               ;
; depth          ; 800         ; Signed Integer                       ;
; addr_w         ; 10          ; Signed Integer                       ;
+----------------+-------------+--------------------------------------+
Note: In order to hide this table in the UI and the text report file, please set the "Show Parameter Settings in Synthesis Report" option in "Analysis and Synthesis Settings -> More Settings" to "Off".


+-----------------------------------------------------------------------------------------------------+
; Parameter Settings for User Entity Instance: sprite_rom:pipecap_rom|altsyncram:altsyncram_component ;
+------------------------------------+----------------------+-----------------------------------------+
; Parameter Name                     ; Value                ; Type                                    ;
+------------------------------------+----------------------+-----------------------------------------+
; BYTE_SIZE_BLOCK                    ; 8                    ; Untyped                                 ;
; AUTO_CARRY_CHAINS                  ; ON                   ; AUTO_CARRY                              ;
; IGNORE_CARRY_BUFFERS               ; OFF                  ; IGNORE_CARRY                            ;
; AUTO_CASCADE_CHAINS                ; ON                   ; AUTO_CASCADE                            ;
; IGNORE_CASCADE_BUFFERS             ; OFF                  ; IGNORE_CASCADE                          ;
; WIDTH_BYTEENA                      ; 1                    ; Untyped                                 ;
; OPERATION_MODE                     ; ROM                  ; Untyped                                 ;
; WIDTH_A                            ; 3                    ; Signed Integer                          ;
; WIDTHAD_A                          ; 10                   ; Signed Integer                          ;
; NUMWORDS_A                         ; 800                  ; Signed Integer                          ;
; OUTDATA_REG_A                      ; UNREGISTERED         ; Untyped                                 ;
; ADDRESS_ACLR_A                     ; NONE                 ; Untyped                                 ;
; OUTDATA_ACLR_A                     ; NONE                 ; Untyped                                 ;
; WRCONTROL_ACLR_A                   ; NONE                 ; Untyped                                 ;
; INDATA_ACLR_A                      ; NONE                 ; Untyped                                 ;
; BYTEENA_ACLR_A                     ; NONE                 ; Untyped                                 ;
; WIDTH_B                            ; 1                    ; Untyped                                 ;
; WIDTHAD_B                          ; 1                    ; Untyped                                 ;
; NUMWORDS_B                         ; 1                    ; Untyped                                 ;
; INDATA_REG_B                       ; CLOCK1               ; Untyped                                 ;
; WRCONTROL_WRADDRESS_REG_B          ; CLOCK1               ; Untyped                                 ;
; RDCONTROL_REG_B                    ; CLOCK1               ; Untyped                                 ;
; ADDRESS_REG_B                      ; CLOCK1               ; Untyped                                 ;
; OUTDATA_REG_B                      ; UNREGISTERED         ; Untyped                                 ;
; BYTEENA_REG_B                      ; CLOCK1               ; Untyped                                 ;
; INDATA_ACLR_B                      ; NONE                 ; Untyped                                 ;
; WRCONTROL_ACLR_B                   ; NONE                 ; Untyped                                 ;
; ADDRESS_ACLR_B                     ; NONE                 ; Untyped                                 ;
; OUTDATA_ACLR_B                     ; NONE                 ; Untyped                                 ;
; RDCONTROL_ACLR_B                   ; NONE                 ; Untyped                                 ;
; BYTEENA_ACLR_B                     ; NONE                 ; Untyped                                 ;
; WIDTH_BYTEENA_A                    ; 1                    ; Untyped                                 ;
; WIDTH_BYTEENA_B                    ; 1                    ; Untyped                                 ;
; RAM_BLOCK_TYPE                     ; AUTO                 ; Untyped                                 ;
; BYTE_SIZE                          ; 8                    ; Untyped                                 ;
; READ_DURING_WRITE_MODE_MIXED_PORTS ; DONT_CARE            ; Untyped                                 ;
; READ_DURING_WRITE_MODE_PORT_A      ; NEW_DATA_NO_NBE_READ ; Untyped                                 ;
; READ_DURING_WRITE_MODE_PORT_B      ; NEW_DATA_NO_NBE_READ ; Untyped                                 ;
; INIT_FILE                          ; pipecap.mif          ; Untyped                                 ;
; INIT_FILE_LAYOUT                   ; PORT_A               ; Untyped                                 ;
; MAXIMUM_DEPTH                      ; 0                    ; Untyped                                 ;
; CLOCK_ENABLE_INPUT_A               ; BYPASS               ; Untyped                                 ;
; CLOCK_ENABLE_INPUT_B               ; NORMAL               ; Untyped                                 ;
; CLOCK_ENABLE_OUTPUT_A              ; BYPASS               ; Untyped                                 ;
; CLOCK_ENABLE_OUTPUT_B              ; NORMAL               ; Untyped                                 ;
; CLOCK_ENABLE_CORE_A                ; USE_INPUT_CLKEN      ; Untyped                                 ;
; CLOCK_ENABLE_CORE_B                ; USE_INPUT_CLKEN      ; Untyped                                 ;
; ENABLE_ECC                         ; FALSE                ; Untyped                                 ;
; ECC_PIPELINE_STAGE_ENABLED         ; FALSE                ; Untyped                                 ;
; WIDTH_ECCSTATUS                    ; 3                    ; Untyped                                 ;
; DEVICE_FAMILY                      ; Cyclone V            ; Untyped                                 ;
; CBXI_PARAMETER                     ; altsyncram_pjc1      ; Untyped                                 ;
+------------------------------------+----------------------+-----------------------------------------+
Note: In order to hide this table in the UI and the text report file, please set the "Show Parameter Settings in Synthesis Report" option in "Analysis and Synthesis Settings -> More Settings" to "Off".


+------------------------------------------------------------------+
; Parameter Settings for User Entity Instance: text_engine:t_title ;
+----------------+------------+------------------------------------+
; Parameter Name ; Value      ; Type                               ;
+----------------+------------+------------------------------------+
; text_to_print  ; BAO BOUNCE ; String                             ;
+----------------+------------+------------------------------------+
Note: In order to hide this table in the UI and the text report file, please set the "Show Parameter Settings in Synthesis Report" option in "Analysis and Synthesis Settings -> More Settings" to "Off".


+--------------------------------------------------------------------------------------------------------------------+
; Parameter Settings for User Entity Instance: text_engine:t_title|char_rom:rom_inst|altsyncram:altsyncram_component ;
+------------------------------------+----------------------+--------------------------------------------------------+
; Parameter Name                     ; Value                ; Type                                                   ;
+------------------------------------+----------------------+--------------------------------------------------------+
; BYTE_SIZE_BLOCK                    ; 8                    ; Untyped                                                ;
; AUTO_CARRY_CHAINS                  ; ON                   ; AUTO_CARRY                                             ;
; IGNORE_CARRY_BUFFERS               ; OFF                  ; IGNORE_CARRY                                           ;
; AUTO_CASCADE_CHAINS                ; ON                   ; AUTO_CASCADE                                           ;
; IGNORE_CASCADE_BUFFERS             ; OFF                  ; IGNORE_CASCADE                                         ;
; WIDTH_BYTEENA                      ; 1                    ; Untyped                                                ;
; OPERATION_MODE                     ; ROM                  ; Untyped                                                ;
; WIDTH_A                            ; 8                    ; Signed Integer                                         ;
; WIDTHAD_A                          ; 9                    ; Signed Integer                                         ;
; NUMWORDS_A                         ; 512                  ; Signed Integer                                         ;
; OUTDATA_REG_A                      ; UNREGISTERED         ; Untyped                                                ;
; ADDRESS_ACLR_A                     ; NONE                 ; Untyped                                                ;
; OUTDATA_ACLR_A                     ; NONE                 ; Untyped                                                ;
; WRCONTROL_ACLR_A                   ; NONE                 ; Untyped                                                ;
; INDATA_ACLR_A                      ; NONE                 ; Untyped                                                ;
; BYTEENA_ACLR_A                     ; NONE                 ; Untyped                                                ;
; WIDTH_B                            ; 1                    ; Untyped                                                ;
; WIDTHAD_B                          ; 1                    ; Untyped                                                ;
; NUMWORDS_B                         ; 1                    ; Untyped                                                ;
; INDATA_REG_B                       ; CLOCK1               ; Untyped                                                ;
; WRCONTROL_WRADDRESS_REG_B          ; CLOCK1               ; Untyped                                                ;
; RDCONTROL_REG_B                    ; CLOCK1               ; Untyped                                                ;
; ADDRESS_REG_B                      ; CLOCK1               ; Untyped                                                ;
; OUTDATA_REG_B                      ; UNREGISTERED         ; Untyped                                                ;
; BYTEENA_REG_B                      ; CLOCK1               ; Untyped                                                ;
; INDATA_ACLR_B                      ; NONE                 ; Untyped                                                ;
; WRCONTROL_ACLR_B                   ; NONE                 ; Untyped                                                ;
; ADDRESS_ACLR_B                     ; NONE                 ; Untyped                                                ;
; OUTDATA_ACLR_B                     ; NONE                 ; Untyped                                                ;
; RDCONTROL_ACLR_B                   ; NONE                 ; Untyped                                                ;
; BYTEENA_ACLR_B                     ; NONE                 ; Untyped                                                ;
; WIDTH_BYTEENA_A                    ; 1                    ; Signed Integer                                         ;
; WIDTH_BYTEENA_B                    ; 1                    ; Untyped                                                ;
; RAM_BLOCK_TYPE                     ; AUTO                 ; Untyped                                                ;
; BYTE_SIZE                          ; 8                    ; Untyped                                                ;
; READ_DURING_WRITE_MODE_MIXED_PORTS ; DONT_CARE            ; Untyped                                                ;
; READ_DURING_WRITE_MODE_PORT_A      ; NEW_DATA_NO_NBE_READ ; Untyped                                                ;
; READ_DURING_WRITE_MODE_PORT_B      ; NEW_DATA_NO_NBE_READ ; Untyped                                                ;
; INIT_FILE                          ; tcgrom.mif           ; Untyped                                                ;
; INIT_FILE_LAYOUT                   ; PORT_A               ; Untyped                                                ;
; MAXIMUM_DEPTH                      ; 0                    ; Untyped                                                ;
; CLOCK_ENABLE_INPUT_A               ; BYPASS               ; Untyped                                                ;
; CLOCK_ENABLE_INPUT_B               ; NORMAL               ; Untyped                                                ;
; CLOCK_ENABLE_OUTPUT_A              ; BYPASS               ; Untyped                                                ;
; CLOCK_ENABLE_OUTPUT_B              ; NORMAL               ; Untyped                                                ;
; CLOCK_ENABLE_CORE_A                ; USE_INPUT_CLKEN      ; Untyped                                                ;
; CLOCK_ENABLE_CORE_B                ; USE_INPUT_CLKEN      ; Untyped                                                ;
; ENABLE_ECC                         ; FALSE                ; Untyped                                                ;
; ECC_PIPELINE_STAGE_ENABLED         ; FALSE                ; Untyped                                                ;
; WIDTH_ECCSTATUS                    ; 3                    ; Untyped                                                ;
; DEVICE_FAMILY                      ; Cyclone V            ; Untyped                                                ;
; CBXI_PARAMETER                     ; altsyncram_d5g1      ; Untyped                                                ;
+------------------------------------+----------------------+--------------------------------------------------------+
Note: In order to hide this table in the UI and the text report file, please set the "Show Parameter Settings in Synthesis Report" option in "Analysis and Synthesis Settings -> More Settings" to "Off".


+-----------------------------------------------------------------------+
; Parameter Settings for User Entity Instance: text_engine:t_menu_train ;
+----------------+----------+-------------------------------------------+
; Parameter Name ; Value    ; Type                                      ;
+----------------+----------+-------------------------------------------+
; text_to_print  ; TRAINING ; String                                    ;
+----------------+----------+-------------------------------------------+
Note: In order to hide this table in the UI and the text report file, please set the "Show Parameter Settings in Synthesis Report" option in "Analysis and Synthesis Settings -> More Settings" to "Off".


+-------------------------------------------------------------------------------------------------------------------------+
; Parameter Settings for User Entity Instance: text_engine:t_menu_train|char_rom:rom_inst|altsyncram:altsyncram_component ;
+------------------------------------+----------------------+-------------------------------------------------------------+
; Parameter Name                     ; Value                ; Type                                                        ;
+------------------------------------+----------------------+-------------------------------------------------------------+
; BYTE_SIZE_BLOCK                    ; 8                    ; Untyped                                                     ;
; AUTO_CARRY_CHAINS                  ; ON                   ; AUTO_CARRY                                                  ;
; IGNORE_CARRY_BUFFERS               ; OFF                  ; IGNORE_CARRY                                                ;
; AUTO_CASCADE_CHAINS                ; ON                   ; AUTO_CASCADE                                                ;
; IGNORE_CASCADE_BUFFERS             ; OFF                  ; IGNORE_CASCADE                                              ;
; WIDTH_BYTEENA                      ; 1                    ; Untyped                                                     ;
; OPERATION_MODE                     ; ROM                  ; Untyped                                                     ;
; WIDTH_A                            ; 8                    ; Signed Integer                                              ;
; WIDTHAD_A                          ; 9                    ; Signed Integer                                              ;
; NUMWORDS_A                         ; 512                  ; Signed Integer                                              ;
; OUTDATA_REG_A                      ; UNREGISTERED         ; Untyped                                                     ;
; ADDRESS_ACLR_A                     ; NONE                 ; Untyped                                                     ;
; OUTDATA_ACLR_A                     ; NONE                 ; Untyped                                                     ;
; WRCONTROL_ACLR_A                   ; NONE                 ; Untyped                                                     ;
; INDATA_ACLR_A                      ; NONE                 ; Untyped                                                     ;
; BYTEENA_ACLR_A                     ; NONE                 ; Untyped                                                     ;
; WIDTH_B                            ; 1                    ; Untyped                                                     ;
; WIDTHAD_B                          ; 1                    ; Untyped                                                     ;
; NUMWORDS_B                         ; 1                    ; Untyped                                                     ;
; INDATA_REG_B                       ; CLOCK1               ; Untyped                                                     ;
; WRCONTROL_WRADDRESS_REG_B          ; CLOCK1               ; Untyped                                                     ;
; RDCONTROL_REG_B                    ; CLOCK1               ; Untyped                                                     ;
; ADDRESS_REG_B                      ; CLOCK1               ; Untyped                                                     ;
; OUTDATA_REG_B                      ; UNREGISTERED         ; Untyped                                                     ;
; BYTEENA_REG_B                      ; CLOCK1               ; Untyped                                                     ;
; INDATA_ACLR_B                      ; NONE                 ; Untyped                                                     ;
; WRCONTROL_ACLR_B                   ; NONE                 ; Untyped                                                     ;
; ADDRESS_ACLR_B                     ; NONE                 ; Untyped                                                     ;
; OUTDATA_ACLR_B                     ; NONE                 ; Untyped                                                     ;
; RDCONTROL_ACLR_B                   ; NONE                 ; Untyped                                                     ;
; BYTEENA_ACLR_B                     ; NONE                 ; Untyped                                                     ;
; WIDTH_BYTEENA_A                    ; 1                    ; Signed Integer                                              ;
; WIDTH_BYTEENA_B                    ; 1                    ; Untyped                                                     ;
; RAM_BLOCK_TYPE                     ; AUTO                 ; Untyped                                                     ;
; BYTE_SIZE                          ; 8                    ; Untyped                                                     ;
; READ_DURING_WRITE_MODE_MIXED_PORTS ; DONT_CARE            ; Untyped                                                     ;
; READ_DURING_WRITE_MODE_PORT_A      ; NEW_DATA_NO_NBE_READ ; Untyped                                                     ;
; READ_DURING_WRITE_MODE_PORT_B      ; NEW_DATA_NO_NBE_READ ; Untyped                                                     ;
; INIT_FILE                          ; tcgrom.mif           ; Untyped                                                     ;
; INIT_FILE_LAYOUT                   ; PORT_A               ; Untyped                                                     ;
; MAXIMUM_DEPTH                      ; 0                    ; Untyped                                                     ;
; CLOCK_ENABLE_INPUT_A               ; BYPASS               ; Untyped                                                     ;
; CLOCK_ENABLE_INPUT_B               ; NORMAL               ; Untyped                                                     ;
; CLOCK_ENABLE_OUTPUT_A              ; BYPASS               ; Untyped                                                     ;
; CLOCK_ENABLE_OUTPUT_B              ; NORMAL               ; Untyped                                                     ;
; CLOCK_ENABLE_CORE_A                ; USE_INPUT_CLKEN      ; Untyped                                                     ;
; CLOCK_ENABLE_CORE_B                ; USE_INPUT_CLKEN      ; Untyped                                                     ;
; ENABLE_ECC                         ; FALSE                ; Untyped                                                     ;
; ECC_PIPELINE_STAGE_ENABLED         ; FALSE                ; Untyped                                                     ;
; WIDTH_ECCSTATUS                    ; 3                    ; Untyped                                                     ;
; DEVICE_FAMILY                      ; Cyclone V            ; Untyped                                                     ;
; CBXI_PARAMETER                     ; altsyncram_d5g1      ; Untyped                                                     ;
+------------------------------------+----------------------+-------------------------------------------------------------+
Note: In order to hide this table in the UI and the text report file, please set the "Show Parameter Settings in Synthesis Report" option in "Analysis and Synthesis Settings -> More Settings" to "Off".


+----------------------------------------------------------------------+
; Parameter Settings for User Entity Instance: text_engine:t_menu_game ;
+----------------+-------+---------------------------------------------+
; Parameter Name ; Value ; Type                                        ;
+----------------+-------+---------------------------------------------+
; text_to_print  ; GAME  ; String                                      ;
+----------------+-------+---------------------------------------------+
Note: In order to hide this table in the UI and the text report file, please set the "Show Parameter Settings in Synthesis Report" option in "Analysis and Synthesis Settings -> More Settings" to "Off".


+------------------------------------------------------------------------------------------------------------------------+
; Parameter Settings for User Entity Instance: text_engine:t_menu_game|char_rom:rom_inst|altsyncram:altsyncram_component ;
+------------------------------------+----------------------+------------------------------------------------------------+
; Parameter Name                     ; Value                ; Type                                                       ;
+------------------------------------+----------------------+------------------------------------------------------------+
; BYTE_SIZE_BLOCK                    ; 8                    ; Untyped                                                    ;
; AUTO_CARRY_CHAINS                  ; ON                   ; AUTO_CARRY                                                 ;
; IGNORE_CARRY_BUFFERS               ; OFF                  ; IGNORE_CARRY                                               ;
; AUTO_CASCADE_CHAINS                ; ON                   ; AUTO_CASCADE                                               ;
; IGNORE_CASCADE_BUFFERS             ; OFF                  ; IGNORE_CASCADE                                             ;
; WIDTH_BYTEENA                      ; 1                    ; Untyped                                                    ;
; OPERATION_MODE                     ; ROM                  ; Untyped                                                    ;
; WIDTH_A                            ; 8                    ; Signed Integer                                             ;
; WIDTHAD_A                          ; 9                    ; Signed Integer                                             ;
; NUMWORDS_A                         ; 512                  ; Signed Integer                                             ;
; OUTDATA_REG_A                      ; UNREGISTERED         ; Untyped                                                    ;
; ADDRESS_ACLR_A                     ; NONE                 ; Untyped                                                    ;
; OUTDATA_ACLR_A                     ; NONE                 ; Untyped                                                    ;
; WRCONTROL_ACLR_A                   ; NONE                 ; Untyped                                                    ;
; INDATA_ACLR_A                      ; NONE                 ; Untyped                                                    ;
; BYTEENA_ACLR_A                     ; NONE                 ; Untyped                                                    ;
; WIDTH_B                            ; 1                    ; Untyped                                                    ;
; WIDTHAD_B                          ; 1                    ; Untyped                                                    ;
; NUMWORDS_B                         ; 1                    ; Untyped                                                    ;
; INDATA_REG_B                       ; CLOCK1               ; Untyped                                                    ;
; WRCONTROL_WRADDRESS_REG_B          ; CLOCK1               ; Untyped                                                    ;
; RDCONTROL_REG_B                    ; CLOCK1               ; Untyped                                                    ;
; ADDRESS_REG_B                      ; CLOCK1               ; Untyped                                                    ;
; OUTDATA_REG_B                      ; UNREGISTERED         ; Untyped                                                    ;
; BYTEENA_REG_B                      ; CLOCK1               ; Untyped                                                    ;
; INDATA_ACLR_B                      ; NONE                 ; Untyped                                                    ;
; WRCONTROL_ACLR_B                   ; NONE                 ; Untyped                                                    ;
; ADDRESS_ACLR_B                     ; NONE                 ; Untyped                                                    ;
; OUTDATA_ACLR_B                     ; NONE                 ; Untyped                                                    ;
; RDCONTROL_ACLR_B                   ; NONE                 ; Untyped                                                    ;
; BYTEENA_ACLR_B                     ; NONE                 ; Untyped                                                    ;
; WIDTH_BYTEENA_A                    ; 1                    ; Signed Integer                                             ;
; WIDTH_BYTEENA_B                    ; 1                    ; Untyped                                                    ;
; RAM_BLOCK_TYPE                     ; AUTO                 ; Untyped                                                    ;
; BYTE_SIZE                          ; 8                    ; Untyped                                                    ;
; READ_DURING_WRITE_MODE_MIXED_PORTS ; DONT_CARE            ; Untyped                                                    ;
; READ_DURING_WRITE_MODE_PORT_A      ; NEW_DATA_NO_NBE_READ ; Untyped                                                    ;
; READ_DURING_WRITE_MODE_PORT_B      ; NEW_DATA_NO_NBE_READ ; Untyped                                                    ;
; INIT_FILE                          ; tcgrom.mif           ; Untyped                                                    ;
; INIT_FILE_LAYOUT                   ; PORT_A               ; Untyped                                                    ;
; MAXIMUM_DEPTH                      ; 0                    ; Untyped                                                    ;
; CLOCK_ENABLE_INPUT_A               ; BYPASS               ; Untyped                                                    ;
; CLOCK_ENABLE_INPUT_B               ; NORMAL               ; Untyped                                                    ;
; CLOCK_ENABLE_OUTPUT_A              ; BYPASS               ; Untyped                                                    ;
; CLOCK_ENABLE_OUTPUT_B              ; NORMAL               ; Untyped                                                    ;
; CLOCK_ENABLE_CORE_A                ; USE_INPUT_CLKEN      ; Untyped                                                    ;
; CLOCK_ENABLE_CORE_B                ; USE_INPUT_CLKEN      ; Untyped                                                    ;
; ENABLE_ECC                         ; FALSE                ; Untyped                                                    ;
; ECC_PIPELINE_STAGE_ENABLED         ; FALSE                ; Untyped                                                    ;
; WIDTH_ECCSTATUS                    ; 3                    ; Untyped                                                    ;
; DEVICE_FAMILY                      ; Cyclone V            ; Untyped                                                    ;
; CBXI_PARAMETER                     ; altsyncram_d5g1      ; Untyped                                                    ;
+------------------------------------+----------------------+------------------------------------------------------------+
Note: In order to hide this table in the UI and the text report file, please set the "Show Parameter Settings in Synthesis Report" option in "Analysis and Synthesis Settings -> More Settings" to "Off".


+-----------------------------------------------------------------------+
; Parameter Settings for User Entity Instance: text_engine:t_play_train ;
+----------------+----------+-------------------------------------------+
; Parameter Name ; Value    ; Type                                      ;
+----------------+----------+-------------------------------------------+
; text_to_print  ; TRAINING ; String                                    ;
+----------------+----------+-------------------------------------------+
Note: In order to hide this table in the UI and the text report file, please set the "Show Parameter Settings in Synthesis Report" option in "Analysis and Synthesis Settings -> More Settings" to "Off".


+-------------------------------------------------------------------------------------------------------------------------+
; Parameter Settings for User Entity Instance: text_engine:t_play_train|char_rom:rom_inst|altsyncram:altsyncram_component ;
+------------------------------------+----------------------+-------------------------------------------------------------+
; Parameter Name                     ; Value                ; Type                                                        ;
+------------------------------------+----------------------+-------------------------------------------------------------+
; BYTE_SIZE_BLOCK                    ; 8                    ; Untyped                                                     ;
; AUTO_CARRY_CHAINS                  ; ON                   ; AUTO_CARRY                                                  ;
; IGNORE_CARRY_BUFFERS               ; OFF                  ; IGNORE_CARRY                                                ;
; AUTO_CASCADE_CHAINS                ; ON                   ; AUTO_CASCADE                                                ;
; IGNORE_CASCADE_BUFFERS             ; OFF                  ; IGNORE_CASCADE                                              ;
; WIDTH_BYTEENA                      ; 1                    ; Untyped                                                     ;
; OPERATION_MODE                     ; ROM                  ; Untyped                                                     ;
; WIDTH_A                            ; 8                    ; Signed Integer                                              ;
; WIDTHAD_A                          ; 9                    ; Signed Integer                                              ;
; NUMWORDS_A                         ; 512                  ; Signed Integer                                              ;
; OUTDATA_REG_A                      ; UNREGISTERED         ; Untyped                                                     ;
; ADDRESS_ACLR_A                     ; NONE                 ; Untyped                                                     ;
; OUTDATA_ACLR_A                     ; NONE                 ; Untyped                                                     ;
; WRCONTROL_ACLR_A                   ; NONE                 ; Untyped                                                     ;
; INDATA_ACLR_A                      ; NONE                 ; Untyped                                                     ;
; BYTEENA_ACLR_A                     ; NONE                 ; Untyped                                                     ;
; WIDTH_B                            ; 1                    ; Untyped                                                     ;
; WIDTHAD_B                          ; 1                    ; Untyped                                                     ;
; NUMWORDS_B                         ; 1                    ; Untyped                                                     ;
; INDATA_REG_B                       ; CLOCK1               ; Untyped                                                     ;
; WRCONTROL_WRADDRESS_REG_B          ; CLOCK1               ; Untyped                                                     ;
; RDCONTROL_REG_B                    ; CLOCK1               ; Untyped                                                     ;
; ADDRESS_REG_B                      ; CLOCK1               ; Untyped                                                     ;
; OUTDATA_REG_B                      ; UNREGISTERED         ; Untyped                                                     ;
; BYTEENA_REG_B                      ; CLOCK1               ; Untyped                                                     ;
; INDATA_ACLR_B                      ; NONE                 ; Untyped                                                     ;
; WRCONTROL_ACLR_B                   ; NONE                 ; Untyped                                                     ;
; ADDRESS_ACLR_B                     ; NONE                 ; Untyped                                                     ;
; OUTDATA_ACLR_B                     ; NONE                 ; Untyped                                                     ;
; RDCONTROL_ACLR_B                   ; NONE                 ; Untyped                                                     ;
; BYTEENA_ACLR_B                     ; NONE                 ; Untyped                                                     ;
; WIDTH_BYTEENA_A                    ; 1                    ; Signed Integer                                              ;
; WIDTH_BYTEENA_B                    ; 1                    ; Untyped                                                     ;
; RAM_BLOCK_TYPE                     ; AUTO                 ; Untyped                                                     ;
; BYTE_SIZE                          ; 8                    ; Untyped                                                     ;
; READ_DURING_WRITE_MODE_MIXED_PORTS ; DONT_CARE            ; Untyped                                                     ;
; READ_DURING_WRITE_MODE_PORT_A      ; NEW_DATA_NO_NBE_READ ; Untyped                                                     ;
; READ_DURING_WRITE_MODE_PORT_B      ; NEW_DATA_NO_NBE_READ ; Untyped                                                     ;
; INIT_FILE                          ; tcgrom.mif           ; Untyped                                                     ;
; INIT_FILE_LAYOUT                   ; PORT_A               ; Untyped                                                     ;
; MAXIMUM_DEPTH                      ; 0                    ; Untyped                                                     ;
; CLOCK_ENABLE_INPUT_A               ; BYPASS               ; Untyped                                                     ;
; CLOCK_ENABLE_INPUT_B               ; NORMAL               ; Untyped                                                     ;
; CLOCK_ENABLE_OUTPUT_A              ; BYPASS               ; Untyped                                                     ;
; CLOCK_ENABLE_OUTPUT_B              ; NORMAL               ; Untyped                                                     ;
; CLOCK_ENABLE_CORE_A                ; USE_INPUT_CLKEN      ; Untyped                                                     ;
; CLOCK_ENABLE_CORE_B                ; USE_INPUT_CLKEN      ; Untyped                                                     ;
; ENABLE_ECC                         ; FALSE                ; Untyped                                                     ;
; ECC_PIPELINE_STAGE_ENABLED         ; FALSE                ; Untyped                                                     ;
; WIDTH_ECCSTATUS                    ; 3                    ; Untyped                                                     ;
; DEVICE_FAMILY                      ; Cyclone V            ; Untyped                                                     ;
; CBXI_PARAMETER                     ; altsyncram_d5g1      ; Untyped                                                     ;
+------------------------------------+----------------------+-------------------------------------------------------------+
Note: In order to hide this table in the UI and the text report file, please set the "Show Parameter Settings in Synthesis Report" option in "Analysis and Synthesis Settings -> More Settings" to "Off".


+----------------------------------------------------------------------+
; Parameter Settings for User Entity Instance: text_engine:t_play_game ;
+----------------+-------+---------------------------------------------+
; Parameter Name ; Value ; Type                                        ;
+----------------+-------+---------------------------------------------+
; text_to_print  ; GAME  ; String                                      ;
+----------------+-------+---------------------------------------------+
Note: In order to hide this table in the UI and the text report file, please set the "Show Parameter Settings in Synthesis Report" option in "Analysis and Synthesis Settings -> More Settings" to "Off".


+------------------------------------------------------------------------------------------------------------------------+
; Parameter Settings for User Entity Instance: text_engine:t_play_game|char_rom:rom_inst|altsyncram:altsyncram_component ;
+------------------------------------+----------------------+------------------------------------------------------------+
; Parameter Name                     ; Value                ; Type                                                       ;
+------------------------------------+----------------------+------------------------------------------------------------+
; BYTE_SIZE_BLOCK                    ; 8                    ; Untyped                                                    ;
; AUTO_CARRY_CHAINS                  ; ON                   ; AUTO_CARRY                                                 ;
; IGNORE_CARRY_BUFFERS               ; OFF                  ; IGNORE_CARRY                                               ;
; AUTO_CASCADE_CHAINS                ; ON                   ; AUTO_CASCADE                                               ;
; IGNORE_CASCADE_BUFFERS             ; OFF                  ; IGNORE_CASCADE                                             ;
; WIDTH_BYTEENA                      ; 1                    ; Untyped                                                    ;
; OPERATION_MODE                     ; ROM                  ; Untyped                                                    ;
; WIDTH_A                            ; 8                    ; Signed Integer                                             ;
; WIDTHAD_A                          ; 9                    ; Signed Integer                                             ;
; NUMWORDS_A                         ; 512                  ; Signed Integer                                             ;
; OUTDATA_REG_A                      ; UNREGISTERED         ; Untyped                                                    ;
; ADDRESS_ACLR_A                     ; NONE                 ; Untyped                                                    ;
; OUTDATA_ACLR_A                     ; NONE                 ; Untyped                                                    ;
; WRCONTROL_ACLR_A                   ; NONE                 ; Untyped                                                    ;
; INDATA_ACLR_A                      ; NONE                 ; Untyped                                                    ;
; BYTEENA_ACLR_A                     ; NONE                 ; Untyped                                                    ;
; WIDTH_B                            ; 1                    ; Untyped                                                    ;
; WIDTHAD_B                          ; 1                    ; Untyped                                                    ;
; NUMWORDS_B                         ; 1                    ; Untyped                                                    ;
; INDATA_REG_B                       ; CLOCK1               ; Untyped                                                    ;
; WRCONTROL_WRADDRESS_REG_B          ; CLOCK1               ; Untyped                                                    ;
; RDCONTROL_REG_B                    ; CLOCK1               ; Untyped                                                    ;
; ADDRESS_REG_B                      ; CLOCK1               ; Untyped                                                    ;
; OUTDATA_REG_B                      ; UNREGISTERED         ; Untyped                                                    ;
; BYTEENA_REG_B                      ; CLOCK1               ; Untyped                                                    ;
; INDATA_ACLR_B                      ; NONE                 ; Untyped                                                    ;
; WRCONTROL_ACLR_B                   ; NONE                 ; Untyped                                                    ;
; ADDRESS_ACLR_B                     ; NONE                 ; Untyped                                                    ;
; OUTDATA_ACLR_B                     ; NONE                 ; Untyped                                                    ;
; RDCONTROL_ACLR_B                   ; NONE                 ; Untyped                                                    ;
; BYTEENA_ACLR_B                     ; NONE                 ; Untyped                                                    ;
; WIDTH_BYTEENA_A                    ; 1                    ; Signed Integer                                             ;
; WIDTH_BYTEENA_B                    ; 1                    ; Untyped                                                    ;
; RAM_BLOCK_TYPE                     ; AUTO                 ; Untyped                                                    ;
; BYTE_SIZE                          ; 8                    ; Untyped                                                    ;
; READ_DURING_WRITE_MODE_MIXED_PORTS ; DONT_CARE            ; Untyped                                                    ;
; READ_DURING_WRITE_MODE_PORT_A      ; NEW_DATA_NO_NBE_READ ; Untyped                                                    ;
; READ_DURING_WRITE_MODE_PORT_B      ; NEW_DATA_NO_NBE_READ ; Untyped                                                    ;
; INIT_FILE                          ; tcgrom.mif           ; Untyped                                                    ;
; INIT_FILE_LAYOUT                   ; PORT_A               ; Untyped                                                    ;
; MAXIMUM_DEPTH                      ; 0                    ; Untyped                                                    ;
; CLOCK_ENABLE_INPUT_A               ; BYPASS               ; Untyped                                                    ;
; CLOCK_ENABLE_INPUT_B               ; NORMAL               ; Untyped                                                    ;
; CLOCK_ENABLE_OUTPUT_A              ; BYPASS               ; Untyped                                                    ;
; CLOCK_ENABLE_OUTPUT_B              ; NORMAL               ; Untyped                                                    ;
; CLOCK_ENABLE_CORE_A                ; USE_INPUT_CLKEN      ; Untyped                                                    ;
; CLOCK_ENABLE_CORE_B                ; USE_INPUT_CLKEN      ; Untyped                                                    ;
; ENABLE_ECC                         ; FALSE                ; Untyped                                                    ;
; ECC_PIPELINE_STAGE_ENABLED         ; FALSE                ; Untyped                                                    ;
; WIDTH_ECCSTATUS                    ; 3                    ; Untyped                                                    ;
; DEVICE_FAMILY                      ; Cyclone V            ; Untyped                                                    ;
; CBXI_PARAMETER                     ; altsyncram_d5g1      ; Untyped                                                    ;
+------------------------------------+----------------------+------------------------------------------------------------+
Note: In order to hide this table in the UI and the text report file, please set the "Show Parameter Settings in Synthesis Report" option in "Analysis and Synthesis Settings -> More Settings" to "Off".


+------------------------------------------------------------------+
; Parameter Settings for User Entity Instance: text_engine:t_pause ;
+----------------+--------+----------------------------------------+
; Parameter Name ; Value  ; Type                                   ;
+----------------+--------+----------------------------------------+
; text_to_print  ; PAUSED ; String                                 ;
+----------------+--------+----------------------------------------+
Note: In order to hide this table in the UI and the text report file, please set the "Show Parameter Settings in Synthesis Report" option in "Analysis and Synthesis Settings -> More Settings" to "Off".


+--------------------------------------------------------------------------------------------------------------------+
; Parameter Settings for User Entity Instance: text_engine:t_pause|char_rom:rom_inst|altsyncram:altsyncram_component ;
+------------------------------------+----------------------+--------------------------------------------------------+
; Parameter Name                     ; Value                ; Type                                                   ;
+------------------------------------+----------------------+--------------------------------------------------------+
; BYTE_SIZE_BLOCK                    ; 8                    ; Untyped                                                ;
; AUTO_CARRY_CHAINS                  ; ON                   ; AUTO_CARRY                                             ;
; IGNORE_CARRY_BUFFERS               ; OFF                  ; IGNORE_CARRY                                           ;
; AUTO_CASCADE_CHAINS                ; ON                   ; AUTO_CASCADE                                           ;
; IGNORE_CASCADE_BUFFERS             ; OFF                  ; IGNORE_CASCADE                                         ;
; WIDTH_BYTEENA                      ; 1                    ; Untyped                                                ;
; OPERATION_MODE                     ; ROM                  ; Untyped                                                ;
; WIDTH_A                            ; 8                    ; Signed Integer                                         ;
; WIDTHAD_A                          ; 9                    ; Signed Integer                                         ;
; NUMWORDS_A                         ; 512                  ; Signed Integer                                         ;
; OUTDATA_REG_A                      ; UNREGISTERED         ; Untyped                                                ;
; ADDRESS_ACLR_A                     ; NONE                 ; Untyped                                                ;
; OUTDATA_ACLR_A                     ; NONE                 ; Untyped                                                ;
; WRCONTROL_ACLR_A                   ; NONE                 ; Untyped                                                ;
; INDATA_ACLR_A                      ; NONE                 ; Untyped                                                ;
; BYTEENA_ACLR_A                     ; NONE                 ; Untyped                                                ;
; WIDTH_B                            ; 1                    ; Untyped                                                ;
; WIDTHAD_B                          ; 1                    ; Untyped                                                ;
; NUMWORDS_B                         ; 1                    ; Untyped                                                ;
; INDATA_REG_B                       ; CLOCK1               ; Untyped                                                ;
; WRCONTROL_WRADDRESS_REG_B          ; CLOCK1               ; Untyped                                                ;
; RDCONTROL_REG_B                    ; CLOCK1               ; Untyped                                                ;
; ADDRESS_REG_B                      ; CLOCK1               ; Untyped                                                ;
; OUTDATA_REG_B                      ; UNREGISTERED         ; Untyped                                                ;
; BYTEENA_REG_B                      ; CLOCK1               ; Untyped                                                ;
; INDATA_ACLR_B                      ; NONE                 ; Untyped                                                ;
; WRCONTROL_ACLR_B                   ; NONE                 ; Untyped                                                ;
; ADDRESS_ACLR_B                     ; NONE                 ; Untyped                                                ;
; OUTDATA_ACLR_B                     ; NONE                 ; Untyped                                                ;
; RDCONTROL_ACLR_B                   ; NONE                 ; Untyped                                                ;
; BYTEENA_ACLR_B                     ; NONE                 ; Untyped                                                ;
; WIDTH_BYTEENA_A                    ; 1                    ; Signed Integer                                         ;
; WIDTH_BYTEENA_B                    ; 1                    ; Untyped                                                ;
; RAM_BLOCK_TYPE                     ; AUTO                 ; Untyped                                                ;
; BYTE_SIZE                          ; 8                    ; Untyped                                                ;
; READ_DURING_WRITE_MODE_MIXED_PORTS ; DONT_CARE            ; Untyped                                                ;
; READ_DURING_WRITE_MODE_PORT_A      ; NEW_DATA_NO_NBE_READ ; Untyped                                                ;
; READ_DURING_WRITE_MODE_PORT_B      ; NEW_DATA_NO_NBE_READ ; Untyped                                                ;
; INIT_FILE                          ; tcgrom.mif           ; Untyped                                                ;
; INIT_FILE_LAYOUT                   ; PORT_A               ; Untyped                                                ;
; MAXIMUM_DEPTH                      ; 0                    ; Untyped                                                ;
; CLOCK_ENABLE_INPUT_A               ; BYPASS               ; Untyped                                                ;
; CLOCK_ENABLE_INPUT_B               ; NORMAL               ; Untyped                                                ;
; CLOCK_ENABLE_OUTPUT_A              ; BYPASS               ; Untyped                                                ;
; CLOCK_ENABLE_OUTPUT_B              ; NORMAL               ; Untyped                                                ;
; CLOCK_ENABLE_CORE_A                ; USE_INPUT_CLKEN      ; Untyped                                                ;
; CLOCK_ENABLE_CORE_B                ; USE_INPUT_CLKEN      ; Untyped                                                ;
; ENABLE_ECC                         ; FALSE                ; Untyped                                                ;
; ECC_PIPELINE_STAGE_ENABLED         ; FALSE                ; Untyped                                                ;
; WIDTH_ECCSTATUS                    ; 3                    ; Untyped                                                ;
; DEVICE_FAMILY                      ; Cyclone V            ; Untyped                                                ;
; CBXI_PARAMETER                     ; altsyncram_d5g1      ; Untyped                                                ;
+------------------------------------+----------------------+--------------------------------------------------------+
Note: In order to hide this table in the UI and the text report file, please set the "Show Parameter Settings in Synthesis Report" option in "Analysis and Synthesis Settings -> More Settings" to "Off".


+-----------------------------------------------------------------+
; Parameter Settings for User Entity Instance: text_engine:t_over ;
+----------------+-----------+------------------------------------+
; Parameter Name ; Value     ; Type                               ;
+----------------+-----------+------------------------------------+
; text_to_print  ; GAME OVER ; String                             ;
+----------------+-----------+------------------------------------+
Note: In order to hide this table in the UI and the text report file, please set the "Show Parameter Settings in Synthesis Report" option in "Analysis and Synthesis Settings -> More Settings" to "Off".


+-------------------------------------------------------------------------------------------------------------------+
; Parameter Settings for User Entity Instance: text_engine:t_over|char_rom:rom_inst|altsyncram:altsyncram_component ;
+------------------------------------+----------------------+-------------------------------------------------------+
; Parameter Name                     ; Value                ; Type                                                  ;
+------------------------------------+----------------------+-------------------------------------------------------+
; BYTE_SIZE_BLOCK                    ; 8                    ; Untyped                                               ;
; AUTO_CARRY_CHAINS                  ; ON                   ; AUTO_CARRY                                            ;
; IGNORE_CARRY_BUFFERS               ; OFF                  ; IGNORE_CARRY                                          ;
; AUTO_CASCADE_CHAINS                ; ON                   ; AUTO_CASCADE                                          ;
; IGNORE_CASCADE_BUFFERS             ; OFF                  ; IGNORE_CASCADE                                        ;
; WIDTH_BYTEENA                      ; 1                    ; Untyped                                               ;
; OPERATION_MODE                     ; ROM                  ; Untyped                                               ;
; WIDTH_A                            ; 8                    ; Signed Integer                                        ;
; WIDTHAD_A                          ; 9                    ; Signed Integer                                        ;
; NUMWORDS_A                         ; 512                  ; Signed Integer                                        ;
; OUTDATA_REG_A                      ; UNREGISTERED         ; Untyped                                               ;
; ADDRESS_ACLR_A                     ; NONE                 ; Untyped                                               ;
; OUTDATA_ACLR_A                     ; NONE                 ; Untyped                                               ;
; WRCONTROL_ACLR_A                   ; NONE                 ; Untyped                                               ;
; INDATA_ACLR_A                      ; NONE                 ; Untyped                                               ;
; BYTEENA_ACLR_A                     ; NONE                 ; Untyped                                               ;
; WIDTH_B                            ; 1                    ; Untyped                                               ;
; WIDTHAD_B                          ; 1                    ; Untyped                                               ;
; NUMWORDS_B                         ; 1                    ; Untyped                                               ;
; INDATA_REG_B                       ; CLOCK1               ; Untyped                                               ;
; WRCONTROL_WRADDRESS_REG_B          ; CLOCK1               ; Untyped                                               ;
; RDCONTROL_REG_B                    ; CLOCK1               ; Untyped                                               ;
; ADDRESS_REG_B                      ; CLOCK1               ; Untyped                                               ;
; OUTDATA_REG_B                      ; UNREGISTERED         ; Untyped                                               ;
; BYTEENA_REG_B                      ; CLOCK1               ; Untyped                                               ;
; INDATA_ACLR_B                      ; NONE                 ; Untyped                                               ;
; WRCONTROL_ACLR_B                   ; NONE                 ; Untyped                                               ;
; ADDRESS_ACLR_B                     ; NONE                 ; Untyped                                               ;
; OUTDATA_ACLR_B                     ; NONE                 ; Untyped                                               ;
; RDCONTROL_ACLR_B                   ; NONE                 ; Untyped                                               ;
; BYTEENA_ACLR_B                     ; NONE                 ; Untyped                                               ;
; WIDTH_BYTEENA_A                    ; 1                    ; Signed Integer                                        ;
; WIDTH_BYTEENA_B                    ; 1                    ; Untyped                                               ;
; RAM_BLOCK_TYPE                     ; AUTO                 ; Untyped                                               ;
; BYTE_SIZE                          ; 8                    ; Untyped                                               ;
; READ_DURING_WRITE_MODE_MIXED_PORTS ; DONT_CARE            ; Untyped                                               ;
; READ_DURING_WRITE_MODE_PORT_A      ; NEW_DATA_NO_NBE_READ ; Untyped                                               ;
; READ_DURING_WRITE_MODE_PORT_B      ; NEW_DATA_NO_NBE_READ ; Untyped                                               ;
; INIT_FILE                          ; tcgrom.mif           ; Untyped                                               ;
; INIT_FILE_LAYOUT                   ; PORT_A               ; Untyped                                               ;
; MAXIMUM_DEPTH                      ; 0                    ; Untyped                                               ;
; CLOCK_ENABLE_INPUT_A               ; BYPASS               ; Untyped                                               ;
; CLOCK_ENABLE_INPUT_B               ; NORMAL               ; Untyped                                               ;
; CLOCK_ENABLE_OUTPUT_A              ; BYPASS               ; Untyped                                               ;
; CLOCK_ENABLE_OUTPUT_B              ; NORMAL               ; Untyped                                               ;
; CLOCK_ENABLE_CORE_A                ; USE_INPUT_CLKEN      ; Untyped                                               ;
; CLOCK_ENABLE_CORE_B                ; USE_INPUT_CLKEN      ; Untyped                                               ;
; ENABLE_ECC                         ; FALSE                ; Untyped                                               ;
; ECC_PIPELINE_STAGE_ENABLED         ; FALSE                ; Untyped                                               ;
; WIDTH_ECCSTATUS                    ; 3                    ; Untyped                                               ;
; DEVICE_FAMILY                      ; Cyclone V            ; Untyped                                               ;
; CBXI_PARAMETER                     ; altsyncram_d5g1      ; Untyped                                               ;
+------------------------------------+----------------------+-------------------------------------------------------+
Note: In order to hide this table in the UI and the text report file, please set the "Show Parameter Settings in Synthesis Report" option in "Analysis and Synthesis Settings -> More Settings" to "Off".


+------------------------------------------------------------------------+
; Parameter Settings for User Entity Instance: text_engine:t_press_start ;
+----------------+-------------+-----------------------------------------+
; Parameter Name ; Value       ; Type                                    ;
+----------------+-------------+-----------------------------------------+
; text_to_print  ; PRESS START ; String                                  ;
+----------------+-------------+-----------------------------------------+
Note: In order to hide this table in the UI and the text report file, please set the "Show Parameter Settings in Synthesis Report" option in "Analysis and Synthesis Settings -> More Settings" to "Off".


+--------------------------------------------------------------------------------------------------------------------------+
; Parameter Settings for User Entity Instance: text_engine:t_press_start|char_rom:rom_inst|altsyncram:altsyncram_component ;
+------------------------------------+----------------------+--------------------------------------------------------------+
; Parameter Name                     ; Value                ; Type                                                         ;
+------------------------------------+----------------------+--------------------------------------------------------------+
; BYTE_SIZE_BLOCK                    ; 8                    ; Untyped                                                      ;
; AUTO_CARRY_CHAINS                  ; ON                   ; AUTO_CARRY                                                   ;
; IGNORE_CARRY_BUFFERS               ; OFF                  ; IGNORE_CARRY                                                 ;
; AUTO_CASCADE_CHAINS                ; ON                   ; AUTO_CASCADE                                                 ;
; IGNORE_CASCADE_BUFFERS             ; OFF                  ; IGNORE_CASCADE                                               ;
; WIDTH_BYTEENA                      ; 1                    ; Untyped                                                      ;
; OPERATION_MODE                     ; ROM                  ; Untyped                                                      ;
; WIDTH_A                            ; 8                    ; Signed Integer                                               ;
; WIDTHAD_A                          ; 9                    ; Signed Integer                                               ;
; NUMWORDS_A                         ; 512                  ; Signed Integer                                               ;
; OUTDATA_REG_A                      ; UNREGISTERED         ; Untyped                                                      ;
; ADDRESS_ACLR_A                     ; NONE                 ; Untyped                                                      ;
; OUTDATA_ACLR_A                     ; NONE                 ; Untyped                                                      ;
; WRCONTROL_ACLR_A                   ; NONE                 ; Untyped                                                      ;
; INDATA_ACLR_A                      ; NONE                 ; Untyped                                                      ;
; BYTEENA_ACLR_A                     ; NONE                 ; Untyped                                                      ;
; WIDTH_B                            ; 1                    ; Untyped                                                      ;
; WIDTHAD_B                          ; 1                    ; Untyped                                                      ;
; NUMWORDS_B                         ; 1                    ; Untyped                                                      ;
; INDATA_REG_B                       ; CLOCK1               ; Untyped                                                      ;
; WRCONTROL_WRADDRESS_REG_B          ; CLOCK1               ; Untyped                                                      ;
; RDCONTROL_REG_B                    ; CLOCK1               ; Untyped                                                      ;
; ADDRESS_REG_B                      ; CLOCK1               ; Untyped                                                      ;
; OUTDATA_REG_B                      ; UNREGISTERED         ; Untyped                                                      ;
; BYTEENA_REG_B                      ; CLOCK1               ; Untyped                                                      ;
; INDATA_ACLR_B                      ; NONE                 ; Untyped                                                      ;
; WRCONTROL_ACLR_B                   ; NONE                 ; Untyped                                                      ;
; ADDRESS_ACLR_B                     ; NONE                 ; Untyped                                                      ;
; OUTDATA_ACLR_B                     ; NONE                 ; Untyped                                                      ;
; RDCONTROL_ACLR_B                   ; NONE                 ; Untyped                                                      ;
; BYTEENA_ACLR_B                     ; NONE                 ; Untyped                                                      ;
; WIDTH_BYTEENA_A                    ; 1                    ; Signed Integer                                               ;
; WIDTH_BYTEENA_B                    ; 1                    ; Untyped                                                      ;
; RAM_BLOCK_TYPE                     ; AUTO                 ; Untyped                                                      ;
; BYTE_SIZE                          ; 8                    ; Untyped                                                      ;
; READ_DURING_WRITE_MODE_MIXED_PORTS ; DONT_CARE            ; Untyped                                                      ;
; READ_DURING_WRITE_MODE_PORT_A      ; NEW_DATA_NO_NBE_READ ; Untyped                                                      ;
; READ_DURING_WRITE_MODE_PORT_B      ; NEW_DATA_NO_NBE_READ ; Untyped                                                      ;
; INIT_FILE                          ; tcgrom.mif           ; Untyped                                                      ;
; INIT_FILE_LAYOUT                   ; PORT_A               ; Untyped                                                      ;
; MAXIMUM_DEPTH                      ; 0                    ; Untyped                                                      ;
; CLOCK_ENABLE_INPUT_A               ; BYPASS               ; Untyped                                                      ;
; CLOCK_ENABLE_INPUT_B               ; NORMAL               ; Untyped                                                      ;
; CLOCK_ENABLE_OUTPUT_A              ; BYPASS               ; Untyped                                                      ;
; CLOCK_ENABLE_OUTPUT_B              ; NORMAL               ; Untyped                                                      ;
; CLOCK_ENABLE_CORE_A                ; USE_INPUT_CLKEN      ; Untyped                                                      ;
; CLOCK_ENABLE_CORE_B                ; USE_INPUT_CLKEN      ; Untyped                                                      ;
; ENABLE_ECC                         ; FALSE                ; Untyped                                                      ;
; ECC_PIPELINE_STAGE_ENABLED         ; FALSE                ; Untyped                                                      ;
; WIDTH_ECCSTATUS                    ; 3                    ; Untyped                                                      ;
; DEVICE_FAMILY                      ; Cyclone V            ; Untyped                                                      ;
; CBXI_PARAMETER                     ; altsyncram_d5g1      ; Untyped                                                      ;
+------------------------------------+----------------------+--------------------------------------------------------------+
Note: In order to hide this table in the UI and the text report file, please set the "Show Parameter Settings in Synthesis Report" option in "Analysis and Synthesis Settings -> More Settings" to "Off".


+-------------------------------------------------------------------------------------------------------------------------+
; altsyncram Parameter Settings by Entity Instance                                                                        ;
+-------------------------------------------+-----------------------------------------------------------------------------+
; Name                                      ; Value                                                                       ;
+-------------------------------------------+-----------------------------------------------------------------------------+
; Number of entity instances                ; 12                                                                          ;
; Entity Instance                           ; sprite_rom:bird_rom|altsyncram:altsyncram_component                         ;
;     -- OPERATION_MODE                     ; ROM                                                                         ;
;     -- WIDTH_A                            ; 3                                                                           ;
;     -- NUMWORDS_A                         ; 256                                                                         ;
;     -- OUTDATA_REG_A                      ; UNREGISTERED                                                                ;
;     -- WIDTH_B                            ; 1                                                                           ;
;     -- NUMWORDS_B                         ; 1                                                                           ;
;     -- ADDRESS_REG_B                      ; CLOCK1                                                                      ;
;     -- OUTDATA_REG_B                      ; UNREGISTERED                                                                ;
;     -- RAM_BLOCK_TYPE                     ; AUTO                                                                        ;
;     -- READ_DURING_WRITE_MODE_MIXED_PORTS ; DONT_CARE                                                                   ;
; Entity Instance                           ; sprite_rom:ground_rom|altsyncram:altsyncram_component                       ;
;     -- OPERATION_MODE                     ; ROM                                                                         ;
;     -- WIDTH_A                            ; 3                                                                           ;
;     -- NUMWORDS_A                         ; 256                                                                         ;
;     -- OUTDATA_REG_A                      ; UNREGISTERED                                                                ;
;     -- WIDTH_B                            ; 1                                                                           ;
;     -- NUMWORDS_B                         ; 1                                                                           ;
;     -- ADDRESS_REG_B                      ; CLOCK1                                                                      ;
;     -- OUTDATA_REG_B                      ; UNREGISTERED                                                                ;
;     -- RAM_BLOCK_TYPE                     ; AUTO                                                                        ;
;     -- READ_DURING_WRITE_MODE_MIXED_PORTS ; DONT_CARE                                                                   ;
; Entity Instance                           ; sprite_rom:gift_rom|altsyncram:altsyncram_component                         ;
;     -- OPERATION_MODE                     ; ROM                                                                         ;
;     -- WIDTH_A                            ; 3                                                                           ;
;     -- NUMWORDS_A                         ; 400                                                                         ;
;     -- OUTDATA_REG_A                      ; UNREGISTERED                                                                ;
;     -- WIDTH_B                            ; 1                                                                           ;
;     -- NUMWORDS_B                         ; 1                                                                           ;
;     -- ADDRESS_REG_B                      ; CLOCK1                                                                      ;
;     -- OUTDATA_REG_B                      ; UNREGISTERED                                                                ;
;     -- RAM_BLOCK_TYPE                     ; AUTO                                                                        ;
;     -- READ_DURING_WRITE_MODE_MIXED_PORTS ; DONT_CARE                                                                   ;
; Entity Instance                           ; sprite_rom:pipecap_rom|altsyncram:altsyncram_component                      ;
;     -- OPERATION_MODE                     ; ROM                                                                         ;
;     -- WIDTH_A                            ; 3                                                                           ;
;     -- NUMWORDS_A                         ; 800                                                                         ;
;     -- OUTDATA_REG_A                      ; UNREGISTERED                                                                ;
;     -- WIDTH_B                            ; 1                                                                           ;
;     -- NUMWORDS_B                         ; 1                                                                           ;
;     -- ADDRESS_REG_B                      ; CLOCK1                                                                      ;
;     -- OUTDATA_REG_B                      ; UNREGISTERED                                                                ;
;     -- RAM_BLOCK_TYPE                     ; AUTO                                                                        ;
;     -- READ_DURING_WRITE_MODE_MIXED_PORTS ; DONT_CARE                                                                   ;
; Entity Instance                           ; text_engine:t_title|char_rom:rom_inst|altsyncram:altsyncram_component       ;
;     -- OPERATION_MODE                     ; ROM                                                                         ;
;     -- WIDTH_A                            ; 8                                                                           ;
;     -- NUMWORDS_A                         ; 512                                                                         ;
;     -- OUTDATA_REG_A                      ; UNREGISTERED                                                                ;
;     -- WIDTH_B                            ; 1                                                                           ;
;     -- NUMWORDS_B                         ; 1                                                                           ;
;     -- ADDRESS_REG_B                      ; CLOCK1                                                                      ;
;     -- OUTDATA_REG_B                      ; UNREGISTERED                                                                ;
;     -- RAM_BLOCK_TYPE                     ; AUTO                                                                        ;
;     -- READ_DURING_WRITE_MODE_MIXED_PORTS ; DONT_CARE                                                                   ;
; Entity Instance                           ; text_engine:t_menu_train|char_rom:rom_inst|altsyncram:altsyncram_component  ;
;     -- OPERATION_MODE                     ; ROM                                                                         ;
;     -- WIDTH_A                            ; 8                                                                           ;
;     -- NUMWORDS_A                         ; 512                                                                         ;
;     -- OUTDATA_REG_A                      ; UNREGISTERED                                                                ;
;     -- WIDTH_B                            ; 1                                                                           ;
;     -- NUMWORDS_B                         ; 1                                                                           ;
;     -- ADDRESS_REG_B                      ; CLOCK1                                                                      ;
;     -- OUTDATA_REG_B                      ; UNREGISTERED                                                                ;
;     -- RAM_BLOCK_TYPE                     ; AUTO                                                                        ;
;     -- READ_DURING_WRITE_MODE_MIXED_PORTS ; DONT_CARE                                                                   ;
; Entity Instance                           ; text_engine:t_menu_game|char_rom:rom_inst|altsyncram:altsyncram_component   ;
;     -- OPERATION_MODE                     ; ROM                                                                         ;
;     -- WIDTH_A                            ; 8                                                                           ;
;     -- NUMWORDS_A                         ; 512                                                                         ;
;     -- OUTDATA_REG_A                      ; UNREGISTERED                                                                ;
;     -- WIDTH_B                            ; 1                                                                           ;
;     -- NUMWORDS_B                         ; 1                                                                           ;
;     -- ADDRESS_REG_B                      ; CLOCK1                                                                      ;
;     -- OUTDATA_REG_B                      ; UNREGISTERED                                                                ;
;     -- RAM_BLOCK_TYPE                     ; AUTO                                                                        ;
;     -- READ_DURING_WRITE_MODE_MIXED_PORTS ; DONT_CARE                                                                   ;
; Entity Instance                           ; text_engine:t_play_train|char_rom:rom_inst|altsyncram:altsyncram_component  ;
;     -- OPERATION_MODE                     ; ROM                                                                         ;
;     -- WIDTH_A                            ; 8                                                                           ;
;     -- NUMWORDS_A                         ; 512                                                                         ;
;     -- OUTDATA_REG_A                      ; UNREGISTERED                                                                ;
;     -- WIDTH_B                            ; 1                                                                           ;
;     -- NUMWORDS_B                         ; 1                                                                           ;
;     -- ADDRESS_REG_B                      ; CLOCK1                                                                      ;
;     -- OUTDATA_REG_B                      ; UNREGISTERED                                                                ;
;     -- RAM_BLOCK_TYPE                     ; AUTO                                                                        ;
;     -- READ_DURING_WRITE_MODE_MIXED_PORTS ; DONT_CARE                                                                   ;
; Entity Instance                           ; text_engine:t_play_game|char_rom:rom_inst|altsyncram:altsyncram_component   ;
;     -- OPERATION_MODE                     ; ROM                                                                         ;
;     -- WIDTH_A                            ; 8                                                                           ;
;     -- NUMWORDS_A                         ; 512                                                                         ;
;     -- OUTDATA_REG_A                      ; UNREGISTERED                                                                ;
;     -- WIDTH_B                            ; 1                                                                           ;
;     -- NUMWORDS_B                         ; 1                                                                           ;
;     -- ADDRESS_REG_B                      ; CLOCK1                                                                      ;
;     -- OUTDATA_REG_B                      ; UNREGISTERED                                                                ;
;     -- RAM_BLOCK_TYPE                     ; AUTO                                                                        ;
;     -- READ_DURING_WRITE_MODE_MIXED_PORTS ; DONT_CARE                                                                   ;
; Entity Instance                           ; text_engine:t_pause|char_rom:rom_inst|altsyncram:altsyncram_component       ;
;     -- OPERATION_MODE                     ; ROM                                                                         ;
;     -- WIDTH_A                            ; 8                                                                           ;
;     -- NUMWORDS_A                         ; 512                                                                         ;
;     -- OUTDATA_REG_A                      ; UNREGISTERED                                                                ;
;     -- WIDTH_B                            ; 1                                                                           ;
;     -- NUMWORDS_B                         ; 1                                                                           ;
;     -- ADDRESS_REG_B                      ; CLOCK1                                                                      ;
;     -- OUTDATA_REG_B                      ; UNREGISTERED                                                                ;
;     -- RAM_BLOCK_TYPE                     ; AUTO                                                                        ;
;     -- READ_DURING_WRITE_MODE_MIXED_PORTS ; DONT_CARE                                                                   ;
; Entity Instance                           ; text_engine:t_over|char_rom:rom_inst|altsyncram:altsyncram_component        ;
;     -- OPERATION_MODE                     ; ROM                                                                         ;
;     -- WIDTH_A                            ; 8                                                                           ;
;     -- NUMWORDS_A                         ; 512                                                                         ;
;     -- OUTDATA_REG_A                      ; UNREGISTERED                                                                ;
;     -- WIDTH_B                            ; 1                                                                           ;
;     -- NUMWORDS_B                         ; 1                                                                           ;
;     -- ADDRESS_REG_B                      ; CLOCK1                                                                      ;
;     -- OUTDATA_REG_B                      ; UNREGISTERED                                                                ;
;     -- RAM_BLOCK_TYPE                     ; AUTO                                                                        ;
;     -- READ_DURING_WRITE_MODE_MIXED_PORTS ; DONT_CARE                                                                   ;
; Entity Instance                           ; text_engine:t_press_start|char_rom:rom_inst|altsyncram:altsyncram_component ;
;     -- OPERATION_MODE                     ; ROM                                                                         ;
;     -- WIDTH_A                            ; 8                                                                           ;
;     -- NUMWORDS_A                         ; 512                                                                         ;
;     -- OUTDATA_REG_A                      ; UNREGISTERED                                                                ;
;     -- WIDTH_B                            ; 1                                                                           ;
;     -- NUMWORDS_B                         ; 1                                                                           ;
;     -- ADDRESS_REG_B                      ; CLOCK1                                                                      ;
;     -- OUTDATA_REG_B                      ; UNREGISTERED                                                                ;
;     -- RAM_BLOCK_TYPE                     ; AUTO                                                                        ;
;     -- READ_DURING_WRITE_MODE_MIXED_PORTS ; DONT_CARE                                                                   ;
+-------------------------------------------+-----------------------------------------------------------------------------+


+--------------------------------------------------------------+
; Port Connectivity Checks: "display_pixel_router:router_inst" ;
+---------------+-------+----------+---------------------------+
; Port          ; Type  ; Severity ; Details                   ;
+---------------+-------+----------+---------------------------+
; layers[0].rgb ; Input ; Info     ; Stuck at VCC              ;
; layers[1].rgb ; Input ; Info     ; Stuck at VCC              ;
+---------------+-------+----------+---------------------------+


+----------------------------------------------------------------------------------------------------------------------------+
; Port Connectivity Checks: "text_engine:t_press_start"                                                                      ;
+------------------+--------+----------+-------------------------------------------------------------------------------------+
; Port             ; Type   ; Severity ; Details                                                                             ;
+------------------+--------+----------+-------------------------------------------------------------------------------------+
; position_x[7..5] ; Input  ; Info     ; Stuck at VCC                                                                        ;
; position_x[9..8] ; Input  ; Info     ; Stuck at GND                                                                        ;
; position_x[2..0] ; Input  ; Info     ; Stuck at GND                                                                        ;
; position_x[4]    ; Input  ; Info     ; Stuck at GND                                                                        ;
; position_x[3]    ; Input  ; Info     ; Stuck at VCC                                                                        ;
; position_y[3..2] ; Input  ; Info     ; Stuck at VCC                                                                        ;
; position_y[7..6] ; Input  ; Info     ; Stuck at GND                                                                        ;
; position_y[1..0] ; Input  ; Info     ; Stuck at GND                                                                        ;
; position_y[9]    ; Input  ; Info     ; Stuck at GND                                                                        ;
; position_y[8]    ; Input  ; Info     ; Stuck at VCC                                                                        ;
; position_y[5]    ; Input  ; Info     ; Stuck at VCC                                                                        ;
; position_y[4]    ; Input  ; Info     ; Stuck at GND                                                                        ;
; text_scale[1]    ; Input  ; Info     ; Stuck at GND                                                                        ;
; text_scale[0]    ; Input  ; Info     ; Stuck at VCC                                                                        ;
; text_rgb         ; Output ; Info     ; Connected to dangling logic. Logic that only feeds a dangling port will be removed. ;
+------------------+--------+----------+-------------------------------------------------------------------------------------+


+----------------------------------------------------------------------------------------------------------------------------+
; Port Connectivity Checks: "text_engine:t_over"                                                                             ;
+------------------+--------+----------+-------------------------------------------------------------------------------------+
; Port             ; Type   ; Severity ; Details                                                                             ;
+------------------+--------+----------+-------------------------------------------------------------------------------------+
; position_x[5..4] ; Input  ; Info     ; Stuck at VCC                                                                        ;
; position_x[9..8] ; Input  ; Info     ; Stuck at GND                                                                        ;
; position_x[3..0] ; Input  ; Info     ; Stuck at GND                                                                        ;
; position_x[7]    ; Input  ; Info     ; Stuck at VCC                                                                        ;
; position_x[6]    ; Input  ; Info     ; Stuck at GND                                                                        ;
; position_y[2..1] ; Input  ; Info     ; Stuck at VCC                                                                        ;
; position_y[9..8] ; Input  ; Info     ; Stuck at GND                                                                        ;
; position_y[6..5] ; Input  ; Info     ; Stuck at GND                                                                        ;
; position_y[7]    ; Input  ; Info     ; Stuck at VCC                                                                        ;
; position_y[4]    ; Input  ; Info     ; Stuck at VCC                                                                        ;
; position_y[3]    ; Input  ; Info     ; Stuck at GND                                                                        ;
; position_y[0]    ; Input  ; Info     ; Stuck at GND                                                                        ;
; text_scale[1]    ; Input  ; Info     ; Stuck at VCC                                                                        ;
; text_scale[0]    ; Input  ; Info     ; Stuck at GND                                                                        ;
; text_rgb         ; Output ; Info     ; Connected to dangling logic. Logic that only feeds a dangling port will be removed. ;
+------------------+--------+----------+-------------------------------------------------------------------------------------+


+----------------------------------------------------------------------------------------------------------------------------+
; Port Connectivity Checks: "text_engine:t_pause"                                                                            ;
+------------------+--------+----------+-------------------------------------------------------------------------------------+
; Port             ; Type   ; Severity ; Details                                                                             ;
+------------------+--------+----------+-------------------------------------------------------------------------------------+
; position_x[7..5] ; Input  ; Info     ; Stuck at VCC                                                                        ;
; position_x[9..8] ; Input  ; Info     ; Stuck at GND                                                                        ;
; position_x[4..0] ; Input  ; Info     ; Stuck at GND                                                                        ;
; position_y[7..6] ; Input  ; Info     ; Stuck at VCC                                                                        ;
; position_y[9..8] ; Input  ; Info     ; Stuck at GND                                                                        ;
; position_y[5..4] ; Input  ; Info     ; Stuck at GND                                                                        ;
; position_y[2..0] ; Input  ; Info     ; Stuck at GND                                                                        ;
; position_y[3]    ; Input  ; Info     ; Stuck at VCC                                                                        ;
; text_scale[1]    ; Input  ; Info     ; Stuck at VCC                                                                        ;
; text_scale[0]    ; Input  ; Info     ; Stuck at GND                                                                        ;
; text_rgb         ; Output ; Info     ; Connected to dangling logic. Logic that only feeds a dangling port will be removed. ;
+------------------+--------+----------+-------------------------------------------------------------------------------------+


+----------------------------------------------------------------------------------------------------------------------------+
; Port Connectivity Checks: "text_engine:t_play_game"                                                                        ;
+------------------+--------+----------+-------------------------------------------------------------------------------------+
; Port             ; Type   ; Severity ; Details                                                                             ;
+------------------+--------+----------+-------------------------------------------------------------------------------------+
; position_x[9..5] ; Input  ; Info     ; Stuck at GND                                                                        ;
; position_x[3..0] ; Input  ; Info     ; Stuck at GND                                                                        ;
; position_x[4]    ; Input  ; Info     ; Stuck at VCC                                                                        ;
; position_y[9..5] ; Input  ; Info     ; Stuck at GND                                                                        ;
; position_y[3..0] ; Input  ; Info     ; Stuck at GND                                                                        ;
; position_y[4]    ; Input  ; Info     ; Stuck at VCC                                                                        ;
; text_scale[1]    ; Input  ; Info     ; Stuck at GND                                                                        ;
; text_scale[0]    ; Input  ; Info     ; Stuck at VCC                                                                        ;
; text_rgb         ; Output ; Info     ; Connected to dangling logic. Logic that only feeds a dangling port will be removed. ;
+------------------+--------+----------+-------------------------------------------------------------------------------------+


+----------------------------------------------------------------------------------------------------------------------------+
; Port Connectivity Checks: "text_engine:t_play_train"                                                                       ;
+------------------+--------+----------+-------------------------------------------------------------------------------------+
; Port             ; Type   ; Severity ; Details                                                                             ;
+------------------+--------+----------+-------------------------------------------------------------------------------------+
; position_x[9..5] ; Input  ; Info     ; Stuck at GND                                                                        ;
; position_x[3..0] ; Input  ; Info     ; Stuck at GND                                                                        ;
; position_x[4]    ; Input  ; Info     ; Stuck at VCC                                                                        ;
; position_y[9..5] ; Input  ; Info     ; Stuck at GND                                                                        ;
; position_y[3..0] ; Input  ; Info     ; Stuck at GND                                                                        ;
; position_y[4]    ; Input  ; Info     ; Stuck at VCC                                                                        ;
; text_scale[1]    ; Input  ; Info     ; Stuck at GND                                                                        ;
; text_scale[0]    ; Input  ; Info     ; Stuck at VCC                                                                        ;
; text_rgb         ; Output ; Info     ; Connected to dangling logic. Logic that only feeds a dangling port will be removed. ;
+------------------+--------+----------+-------------------------------------------------------------------------------------+


+----------------------------------------------------------------------------------------------------------------------------+
; Port Connectivity Checks: "text_engine:t_menu_game"                                                                        ;
+------------------+--------+----------+-------------------------------------------------------------------------------------+
; Port             ; Type   ; Severity ; Details                                                                             ;
+------------------+--------+----------+-------------------------------------------------------------------------------------+
; position_x[7..6] ; Input  ; Info     ; Stuck at GND                                                                        ;
; position_x[4..0] ; Input  ; Info     ; Stuck at GND                                                                        ;
; position_x[9]    ; Input  ; Info     ; Stuck at GND                                                                        ;
; position_x[8]    ; Input  ; Info     ; Stuck at VCC                                                                        ;
; position_x[5]    ; Input  ; Info     ; Stuck at VCC                                                                        ;
; position_y[3..2] ; Input  ; Info     ; Stuck at VCC                                                                        ;
; position_y[7..6] ; Input  ; Info     ; Stuck at GND                                                                        ;
; position_y[1..0] ; Input  ; Info     ; Stuck at GND                                                                        ;
; position_y[9]    ; Input  ; Info     ; Stuck at GND                                                                        ;
; position_y[8]    ; Input  ; Info     ; Stuck at VCC                                                                        ;
; position_y[5]    ; Input  ; Info     ; Stuck at VCC                                                                        ;
; position_y[4]    ; Input  ; Info     ; Stuck at GND                                                                        ;
; text_scale[1]    ; Input  ; Info     ; Stuck at GND                                                                        ;
; text_scale[0]    ; Input  ; Info     ; Stuck at VCC                                                                        ;
; text_rgb         ; Output ; Info     ; Connected to dangling logic. Logic that only feeds a dangling port will be removed. ;
+------------------+--------+----------+-------------------------------------------------------------------------------------+


+----------------------------------------------------------------------------------------------------------------------------+
; Port Connectivity Checks: "text_engine:t_menu_train"                                                                       ;
+------------------+--------+----------+-------------------------------------------------------------------------------------+
; Port             ; Type   ; Severity ; Details                                                                             ;
+------------------+--------+----------+-------------------------------------------------------------------------------------+
; position_x[7..0] ; Input  ; Info     ; Stuck at GND                                                                        ;
; position_x[9]    ; Input  ; Info     ; Stuck at GND                                                                        ;
; position_x[8]    ; Input  ; Info     ; Stuck at VCC                                                                        ;
; position_y[7..3] ; Input  ; Info     ; Stuck at VCC                                                                        ;
; position_y[9..8] ; Input  ; Info     ; Stuck at GND                                                                        ;
; position_y[2]    ; Input  ; Info     ; Stuck at GND                                                                        ;
; position_y[1]    ; Input  ; Info     ; Stuck at VCC                                                                        ;
; position_y[0]    ; Input  ; Info     ; Stuck at GND                                                                        ;
; text_scale[1]    ; Input  ; Info     ; Stuck at GND                                                                        ;
; text_scale[0]    ; Input  ; Info     ; Stuck at VCC                                                                        ;
; text_rgb         ; Output ; Info     ; Connected to dangling logic. Logic that only feeds a dangling port will be removed. ;
+------------------+--------+----------+-------------------------------------------------------------------------------------+


+----------------------------------------------------------------------------------------------------------------------------+
; Port Connectivity Checks: "text_engine:t_title"                                                                            ;
+------------------+--------+----------+-------------------------------------------------------------------------------------+
; Port             ; Type   ; Severity ; Details                                                                             ;
+------------------+--------+----------+-------------------------------------------------------------------------------------+
; position_x[9..8] ; Input  ; Info     ; Stuck at GND                                                                        ;
; position_x[4..0] ; Input  ; Info     ; Stuck at GND                                                                        ;
; position_x[7]    ; Input  ; Info     ; Stuck at VCC                                                                        ;
; position_x[6]    ; Input  ; Info     ; Stuck at GND                                                                        ;
; position_x[5]    ; Input  ; Info     ; Stuck at VCC                                                                        ;
; position_y[6..5] ; Input  ; Info     ; Stuck at VCC                                                                        ;
; position_y[9..7] ; Input  ; Info     ; Stuck at GND                                                                        ;
; position_y[4..3] ; Input  ; Info     ; Stuck at GND                                                                        ;
; position_y[1..0] ; Input  ; Info     ; Stuck at GND                                                                        ;
; position_y[2]    ; Input  ; Info     ; Stuck at VCC                                                                        ;
; text_scale[1]    ; Input  ; Info     ; Stuck at VCC                                                                        ;
; text_scale[0]    ; Input  ; Info     ; Stuck at GND                                                                        ;
; text_rgb         ; Output ; Info     ; Connected to dangling logic. Logic that only feeds a dangling port will be removed. ;
+------------------+--------+----------+-------------------------------------------------------------------------------------+


+------------------------------------------------------------------------------------------------------------------------+
; Port Connectivity Checks: "MOUSE:mouse_inst"                                                                           ;
+--------------+--------+----------+-------------------------------------------------------------------------------------+
; Port         ; Type   ; Severity ; Details                                                                             ;
+--------------+--------+----------+-------------------------------------------------------------------------------------+
; right_button ; Output ; Info     ; Connected to dangling logic. Logic that only feeds a dangling port will be removed. ;
+--------------+--------+----------+-------------------------------------------------------------------------------------+


+-----------------------------------------------------+
; Post-Synthesis Netlist Statistics for Top Partition ;
+-----------------------+-----------------------------+
; Type                  ; Count                       ;
+-----------------------+-----------------------------+
; arriav_ff             ; 459                         ;
;     CLR               ; 32                          ;
;     ENA               ; 57                          ;
;     ENA CLR           ; 167                         ;
;     ENA CLR SCLR      ; 113                         ;
;     ENA SCLR          ; 18                          ;
;     ENA SLD           ; 20                          ;
;     SCLR              ; 10                          ;
;     plain             ; 42                          ;
; arriav_io_obuf        ; 2                           ;
; arriav_lcell_comb     ; 2645                        ;
;     arith             ; 1121                        ;
;         0 data inputs ; 195                         ;
;         1 data inputs ; 823                         ;
;         2 data inputs ; 61                          ;
;         3 data inputs ; 18                          ;
;         4 data inputs ; 12                          ;
;         5 data inputs ; 12                          ;
;     extend            ; 27                          ;
;         7 data inputs ; 27                          ;
;     normal            ; 1306                        ;
;         0 data inputs ; 2                           ;
;         1 data inputs ; 36                          ;
;         2 data inputs ; 188                         ;
;         3 data inputs ; 121                         ;
;         4 data inputs ; 225                         ;
;         5 data inputs ; 287                         ;
;         6 data inputs ; 447                         ;
;     shared            ; 191                         ;
;         0 data inputs ; 1                           ;
;         1 data inputs ; 37                          ;
;         2 data inputs ; 149                         ;
;         3 data inputs ; 3                           ;
;         4 data inputs ; 1                           ;
; arriav_mac            ; 8                           ;
; boundary_port         ; 84                          ;
; stratixv_ram_block    ; 76                          ;
;                       ;                             ;
; Max LUT depth         ; 13.80                       ;
; Average LUT depth     ; 7.77                        ;
+-----------------------+-----------------------------+


+-------------------------------+
; Elapsed Time Per Partition    ;
+----------------+--------------+
; Partition Name ; Elapsed Time ;
+----------------+--------------+
; Top            ; 00:00:09     ;
+----------------+--------------+


+-------------------------------+
; Analysis & Synthesis Messages ;
+-------------------------------+
Info: *******************************************************************
Info: Running Quartus Prime Analysis & Synthesis
    Info: Version 24.1std.0 Build 1077 03/04/2025 SC Lite Edition
    Info: Processing started: Thu May 28 22:03:07 2026
Info: Command: quartus_map --read_settings_files=on --write_settings_files=off flap -c de0_cv_default
Warning (136002): Ignored duplicate of assignment PARTITION_SOURCE for node ""
Warning (136002): Ignored duplicate of assignment PARTITION_PRESERVE_HIGH_SPEED_TILES for node ""
Warning (136002): Ignored duplicate of assignment PARTITION_IGNORE_SOURCE_FILE_CHANGES for node ""
Warning (136002): Ignored duplicate of assignment PARTITION_ALWAYS_USE_QXP_NETLIST for node ""
Warning (136002): Ignored duplicate of assignment PARTITION_IMPORT_NEW_ASSIGNMENTS for node ""
Warning (136002): Ignored duplicate of assignment PARTITION_IMPORT_EXISTING_ASSIGNMENTS for node ""
Warning (136002): Ignored duplicate of assignment PARTITION_IMPORT_EXISTING_LOGICLOCK_REGIONS for node ""
Warning (136002): Ignored duplicate of assignment PARTITION_IMPORT_PIN_ASSIGNMENTS for node ""
Warning (136002): Ignored duplicate of assignment PARTITION_IMPORT_PROMOTE_ASSIGNMENTS for node ""
Warning (136002): Ignored duplicate of assignment PARTITION_TYPE for node ""
Warning (136002): Ignored duplicate of assignment ALLOW_MULTIPLE_PERSONAS for node ""
Warning (136002): Ignored duplicate of assignment PARTITION_ASD_REGION_ID for node ""
Warning (136002): Ignored duplicate of assignment CROSS_BOUNDARY_OPTIMIZATIONS for node ""
Warning (136002): Ignored duplicate of assignment PROPAGATE_CONSTANTS_ON_INPUTS for node ""
Warning (136002): Ignored duplicate of assignment PROPAGATE_INVERSIONS_ON_INPUTS for node ""
Warning (136002): Ignored duplicate of assignment REMOVE_LOGIC_ON_UNCONNECTED_OUTPUTS for node ""
Warning (136002): Ignored duplicate of assignment MERGE_EQUIVALENT_INPUTS for node ""
Warning (136002): Ignored duplicate of assignment MERGE_EQUIVALENT_BIDIRS for node ""
Warning (136002): Ignored duplicate of assignment ABSORB_PATHS_FROM_OUTPUTS_TO_INPUTS for node ""
Warning (136002): Ignored duplicate of assignment PARTITION_EXTRACT_HARD_BLOCK_NODES for node ""
Warning (136002): Ignored duplicate of assignment PARTITION_ENABLE_STRICT_PRESERVATION for node ""
Warning (136002): Ignored duplicate of assignment PARTITION_BACK_ANNOTATION for node ""
Warning (136002): Ignored duplicate of assignment PARTITION_COLOR for node ""
Warning (136002): Ignored duplicate of assignment HIERARCHY_BLACKBOX_FILE for node "|"
Warning (136002): Ignored duplicate of assignment PARTITION_SOURCE for node ""
Warning (136002): Ignored duplicate of assignment PARTITION_PRESERVE_HIGH_SPEED_TILES for node ""
Warning (136002): Ignored duplicate of assignment PARTITION_IGNORE_SOURCE_FILE_CHANGES for node ""
Warning (136002): Ignored duplicate of assignment PARTITION_ALWAYS_USE_QXP_NETLIST for node ""
Warning (136002): Ignored duplicate of assignment PARTITION_IMPORT_NEW_ASSIGNMENTS for node ""
Warning (136002): Ignored duplicate of assignment PARTITION_IMPORT_EXISTING_ASSIGNMENTS for node ""
Warning (136002): Ignored duplicate of assignment PARTITION_IMPORT_EXISTING_LOGICLOCK_REGIONS for node ""
Warning (136002): Ignored duplicate of assignment PARTITION_IMPORT_PIN_ASSIGNMENTS for node ""
Warning (136002): Ignored duplicate of assignment PARTITION_IMPORT_PROMOTE_ASSIGNMENTS for node ""
Warning (136002): Ignored duplicate of assignment PARTITION_TYPE for node ""
Warning (136002): Ignored duplicate of assignment ALLOW_MULTIPLE_PERSONAS for node ""
Warning (136002): Ignored duplicate of assignment PARTITION_ASD_REGION_ID for node ""
Warning (136002): Ignored duplicate of assignment CROSS_BOUNDARY_OPTIMIZATIONS for node ""
Warning (136002): Ignored duplicate of assignment PROPAGATE_CONSTANTS_ON_INPUTS for node ""
Warning (136002): Ignored duplicate of assignment PROPAGATE_INVERSIONS_ON_INPUTS for node ""
Warning (136002): Ignored duplicate of assignment REMOVE_LOGIC_ON_UNCONNECTED_OUTPUTS for node ""
Warning (136002): Ignored duplicate of assignment MERGE_EQUIVALENT_INPUTS for node ""
Warning (136002): Ignored duplicate of assignment MERGE_EQUIVALENT_BIDIRS for node ""
Warning (136002): Ignored duplicate of assignment ABSORB_PATHS_FROM_OUTPUTS_TO_INPUTS for node ""
Warning (136002): Ignored duplicate of assignment PARTITION_EXTRACT_HARD_BLOCK_NODES for node ""
Warning (136002): Ignored duplicate of assignment PARTITION_ENABLE_STRICT_PRESERVATION for node ""
Warning (136002): Ignored duplicate of assignment PARTITION_BACK_ANNOTATION for node ""
Warning (136002): Ignored duplicate of assignment PARTITION_COLOR for node ""
Warning (136002): Ignored duplicate of assignment HIERARCHY_BLACKBOX_FILE for node "|"
Warning (136002): Ignored duplicate of assignment PARTITION_SOURCE for node ""
Warning (136002): Ignored duplicate of assignment PARTITION_PRESERVE_HIGH_SPEED_TILES for node ""
Warning (136002): Ignored duplicate of assignment PARTITION_IGNORE_SOURCE_FILE_CHANGES for node ""
Warning (136002): Ignored duplicate of assignment PARTITION_ALWAYS_USE_QXP_NETLIST for node ""
Warning (136002): Ignored duplicate of assignment PARTITION_IMPORT_NEW_ASSIGNMENTS for node ""
Warning (136002): Ignored duplicate of assignment PARTITION_IMPORT_EXISTING_ASSIGNMENTS for node ""
Warning (136002): Ignored duplicate of assignment PARTITION_IMPORT_EXISTING_LOGICLOCK_REGIONS for node ""
Warning (136002): Ignored duplicate of assignment PARTITION_IMPORT_PIN_ASSIGNMENTS for node ""
Warning (136002): Ignored duplicate of assignment PARTITION_IMPORT_PROMOTE_ASSIGNMENTS for node ""
Warning (136002): Ignored duplicate of assignment PARTITION_TYPE for node ""
Warning (136002): Ignored duplicate of assignment ALLOW_MULTIPLE_PERSONAS for node ""
Warning (136002): Ignored duplicate of assignment PARTITION_ASD_REGION_ID for node ""
Warning (136002): Ignored duplicate of assignment CROSS_BOUNDARY_OPTIMIZATIONS for node ""
Warning (136002): Ignored duplicate of assignment PROPAGATE_CONSTANTS_ON_INPUTS for node ""
Warning (136002): Ignored duplicate of assignment PROPAGATE_INVERSIONS_ON_INPUTS for node ""
Warning (136002): Ignored duplicate of assignment REMOVE_LOGIC_ON_UNCONNECTED_OUTPUTS for node ""
Warning (136002): Ignored duplicate of assignment MERGE_EQUIVALENT_INPUTS for node ""
Warning (136002): Ignored duplicate of assignment MERGE_EQUIVALENT_BIDIRS for node ""
Warning (136002): Ignored duplicate of assignment ABSORB_PATHS_FROM_OUTPUTS_TO_INPUTS for node ""
Warning (136002): Ignored duplicate of assignment PARTITION_EXTRACT_HARD_BLOCK_NODES for node ""
Warning (136002): Ignored duplicate of assignment PARTITION_ENABLE_STRICT_PRESERVATION for node ""
Warning (136002): Ignored duplicate of assignment PARTITION_BACK_ANNOTATION for node ""
Warning (136002): Ignored duplicate of assignment PARTITION_COLOR for node ""
Warning (136002): Ignored duplicate of assignment HIERARCHY_BLACKBOX_FILE for node "|"
Warning (136002): Ignored duplicate of assignment PARTITION_SOURCE for node ""
Warning (136002): Ignored duplicate of assignment PARTITION_PRESERVE_HIGH_SPEED_TILES for node ""
Warning (136002): Ignored duplicate of assignment PARTITION_IGNORE_SOURCE_FILE_CHANGES for node ""
Warning (136002): Ignored duplicate of assignment PARTITION_ALWAYS_USE_QXP_NETLIST for node ""
Warning (136002): Ignored duplicate of assignment PARTITION_IMPORT_NEW_ASSIGNMENTS for node ""
Warning (136002): Ignored duplicate of assignment PARTITION_IMPORT_EXISTING_ASSIGNMENTS for node ""
Warning (136002): Ignored duplicate of assignment PARTITION_IMPORT_EXISTING_LOGICLOCK_REGIONS for node ""
Warning (136002): Ignored duplicate of assignment PARTITION_IMPORT_PIN_ASSIGNMENTS for node ""
Warning (136002): Ignored duplicate of assignment PARTITION_IMPORT_PROMOTE_ASSIGNMENTS for node ""
Warning (136002): Ignored duplicate of assignment PARTITION_TYPE for node ""
Warning (136002): Ignored duplicate of assignment ALLOW_MULTIPLE_PERSONAS for node ""
Warning (136002): Ignored duplicate of assignment PARTITION_ASD_REGION_ID for node ""
Warning (136002): Ignored duplicate of assignment CROSS_BOUNDARY_OPTIMIZATIONS for node ""
Warning (136002): Ignored duplicate of assignment PROPAGATE_CONSTANTS_ON_INPUTS for node ""
Warning (136002): Ignored duplicate of assignment PROPAGATE_INVERSIONS_ON_INPUTS for node ""
Warning (136002): Ignored duplicate of assignment REMOVE_LOGIC_ON_UNCONNECTED_OUTPUTS for node ""
Warning (136002): Ignored duplicate of assignment MERGE_EQUIVALENT_INPUTS for node ""
Warning (136002): Ignored duplicate of assignment MERGE_EQUIVALENT_BIDIRS for node ""
Warning (136002): Ignored duplicate of assignment ABSORB_PATHS_FROM_OUTPUTS_TO_INPUTS for node ""
Warning (136002): Ignored duplicate of assignment PARTITION_EXTRACT_HARD_BLOCK_NODES for node ""
Warning (136002): Ignored duplicate of assignment PARTITION_ENABLE_STRICT_PRESERVATION for node ""
Warning (136002): Ignored duplicate of assignment PARTITION_BACK_ANNOTATION for node ""
Warning (136002): Ignored duplicate of assignment PARTITION_COLOR for node ""
Warning (136002): Ignored duplicate of assignment HIERARCHY_BLACKBOX_FILE for node "|"
Warning (18236): Number of processors has not been specified which may cause overloading on shared machines.  Set the global assignment NUM_PARALLEL_PROCESSORS in your QSF to an appropriate value for best performance.
Info (20030): Parallel compilation is enabled and will use 4 of the 4 processors detected
Info (12021): Found 2 design units, including 1 entities, in source file final-demo-test-file/sprite_rom.vhd
    Info (12022): Found design unit 1: sprite_rom-SYN File: C:/Users/skipp/Desktop/COMPSYS-305-group-35-mini-project/alex/Final-demo-test-file/sprite_rom.vhd Line: 19
    Info (12023): Found entity 1: sprite_rom File: C:/Users/skipp/Desktop/COMPSYS-305-group-35-mini-project/alex/Final-demo-test-file/sprite_rom.vhd Line: 6
Info (12021): Found 2 design units, including 1 entities, in source file final-demo-test-file/vga_sync.vhd
    Info (12022): Found design unit 1: VGA_SYNC-a File: C:/Users/skipp/Desktop/COMPSYS-305-group-35-mini-project/alex/Final-demo-test-file/vga_sync.vhd Line: 13
    Info (12023): Found entity 1: VGA_SYNC File: C:/Users/skipp/Desktop/COMPSYS-305-group-35-mini-project/alex/Final-demo-test-file/vga_sync.vhd Line: 7
Info (12021): Found 2 design units, including 1 entities, in source file final-demo-test-file/text_engine.vhd
    Info (12022): Found design unit 1: text_engine-behavior File: C:/Users/skipp/Desktop/COMPSYS-305-group-35-mini-project/alex/Final-demo-test-file/text_engine.vhd Line: 19
    Info (12023): Found entity 1: text_engine File: C:/Users/skipp/Desktop/COMPSYS-305-group-35-mini-project/alex/Final-demo-test-file/text_engine.vhd Line: 5
Info (12021): Found 2 design units, including 1 entities, in source file final-demo-test-file/seven_seg.vhd
    Info (12022): Found design unit 1: seven_seg-arc1 File: C:/Users/skipp/Desktop/COMPSYS-305-group-35-mini-project/alex/Final-demo-test-file/seven_seg.vhd Line: 12
    Info (12023): Found entity 1: seven_seg File: C:/Users/skipp/Desktop/COMPSYS-305-group-35-mini-project/alex/Final-demo-test-file/seven_seg.vhd Line: 7
Info (12021): Found 2 design units, including 1 entities, in source file final-demo-test-file/score_lives.vhd
    Info (12022): Found design unit 1: score_lives-behavior File: C:/Users/skipp/Desktop/COMPSYS-305-group-35-mini-project/alex/Final-demo-test-file/score_lives.vhd Line: 25
    Info (12023): Found entity 1: score_lives File: C:/Users/skipp/Desktop/COMPSYS-305-group-35-mini-project/alex/Final-demo-test-file/score_lives.vhd Line: 5
Info (12021): Found 2 design units, including 1 entities, in source file final-demo-test-file/mouse.vhd
    Info (12022): Found design unit 1: MOUSE-behavior File: C:/Users/skipp/Desktop/COMPSYS-305-group-35-mini-project/alex/Final-demo-test-file/mouse.vhd Line: 18
    Info (12023): Found entity 1: MOUSE File: C:/Users/skipp/Desktop/COMPSYS-305-group-35-mini-project/alex/Final-demo-test-file/mouse.vhd Line: 9
Info (12021): Found 2 design units, including 1 entities, in source file final-demo-test-file/lfsr.vhd
    Info (12022): Found design unit 1: lfsr-behavior File: C:/Users/skipp/Desktop/COMPSYS-305-group-35-mini-project/alex/Final-demo-test-file/lfsr.vhd Line: 12
    Info (12023): Found entity 1: lfsr File: C:/Users/skipp/Desktop/COMPSYS-305-group-35-mini-project/alex/Final-demo-test-file/lfsr.vhd Line: 4
Info (12021): Found 1 design units, including 0 entities, in source file final-demo-test-file/layers_pack.vhd
    Info (12022): Found design unit 1: layers_pack File: C:/Users/skipp/Desktop/COMPSYS-305-group-35-mini-project/alex/Final-demo-test-file/layers_pack.vhd Line: 4
Info (12021): Found 2 design units, including 1 entities, in source file final-demo-test-file/game_fsm.vhd
    Info (12022): Found design unit 1: game_fsm-behavior File: C:/Users/skipp/Desktop/COMPSYS-305-group-35-mini-project/alex/Final-demo-test-file/game_fsm.vhd Line: 17
    Info (12023): Found entity 1: game_fsm File: C:/Users/skipp/Desktop/COMPSYS-305-group-35-mini-project/alex/Final-demo-test-file/game_fsm.vhd Line: 4
Info (12021): Found 2 design units, including 1 entities, in source file final-demo-test-file/display_pixel_router.vhd
    Info (12022): Found design unit 1: display_pixel_router-behavior File: C:/Users/skipp/Desktop/COMPSYS-305-group-35-mini-project/alex/Final-demo-test-file/display_pixel_router.vhd Line: 12
    Info (12023): Found entity 1: display_pixel_router File: C:/Users/skipp/Desktop/COMPSYS-305-group-35-mini-project/alex/Final-demo-test-file/display_pixel_router.vhd Line: 5
Info (12021): Found 2 design units, including 1 entities, in source file final-demo-test-file/de0_cv_default.vhd
    Info (12022): Found design unit 1: de0_cv_default-structural File: C:/Users/skipp/Desktop/COMPSYS-305-group-35-mini-project/alex/Final-demo-test-file/de0_cv_default.vhd Line: 23
    Info (12023): Found entity 1: de0_cv_default File: C:/Users/skipp/Desktop/COMPSYS-305-group-35-mini-project/alex/Final-demo-test-file/de0_cv_default.vhd Line: 6
Info (12021): Found 2 design units, including 1 entities, in source file final-demo-test-file/conveyor_belt.vhd
    Info (12022): Found design unit 1: conveyor_belt-behavior File: C:/Users/skipp/Desktop/COMPSYS-305-group-35-mini-project/alex/Final-demo-test-file/conveyor_belt.vhd Line: 35
    Info (12023): Found entity 1: conveyor_belt File: C:/Users/skipp/Desktop/COMPSYS-305-group-35-mini-project/alex/Final-demo-test-file/conveyor_belt.vhd Line: 5
Info (12021): Found 2 design units, including 1 entities, in source file final-demo-test-file/clk25_gen.vhd
    Info (12022): Found design unit 1: clk25_gen-behavior File: C:/Users/skipp/Desktop/COMPSYS-305-group-35-mini-project/alex/Final-demo-test-file/clk25_gen.vhd Line: 12
    Info (12023): Found entity 1: clk25_gen File: C:/Users/skipp/Desktop/COMPSYS-305-group-35-mini-project/alex/Final-demo-test-file/clk25_gen.vhd Line: 5
Info (12021): Found 2 design units, including 1 entities, in source file final-demo-test-file/char_rom.vhd
    Info (12022): Found design unit 1: char_rom-SYN File: C:/Users/skipp/Desktop/COMPSYS-305-group-35-mini-project/alex/Final-demo-test-file/char_rom.vhd Line: 20
    Info (12023): Found entity 1: char_rom File: C:/Users/skipp/Desktop/COMPSYS-305-group-35-mini-project/alex/Final-demo-test-file/char_rom.vhd Line: 9
Info (12021): Found 2 design units, including 1 entities, in source file final-demo-test-file/bird_logic.vhd
    Info (12022): Found design unit 1: bird_logic-behavior File: C:/Users/skipp/Desktop/COMPSYS-305-group-35-mini-project/alex/Final-demo-test-file/bird_logic.vhd Line: 17
    Info (12023): Found entity 1: bird_logic File: C:/Users/skipp/Desktop/COMPSYS-305-group-35-mini-project/alex/Final-demo-test-file/bird_logic.vhd Line: 5
Info (12127): Elaborating entity "de0_cv_default" for the top level hierarchy
Warning (10036): Verilog HDL or VHDL warning at de0_cv_default.vhd(37): object "right_btn" assigned a value but never read File: C:/Users/skipp/Desktop/COMPSYS-305-group-35-mini-project/alex/Final-demo-test-file/de0_cv_default.vhd Line: 37
Warning (10036): Verilog HDL or VHDL warning at de0_cv_default.vhd(74): object "text_title_rgb" assigned a value but never read File: C:/Users/skipp/Desktop/COMPSYS-305-group-35-mini-project/alex/Final-demo-test-file/de0_cv_default.vhd Line: 74
Warning (10036): Verilog HDL or VHDL warning at de0_cv_default.vhd(74): object "text_menu_train_rgb" assigned a value but never read File: C:/Users/skipp/Desktop/COMPSYS-305-group-35-mini-project/alex/Final-demo-test-file/de0_cv_default.vhd Line: 74
Warning (10036): Verilog HDL or VHDL warning at de0_cv_default.vhd(74): object "text_menu_game_rgb" assigned a value but never read File: C:/Users/skipp/Desktop/COMPSYS-305-group-35-mini-project/alex/Final-demo-test-file/de0_cv_default.vhd Line: 74
Warning (10036): Verilog HDL or VHDL warning at de0_cv_default.vhd(75): object "text_play_train_rgb" assigned a value but never read File: C:/Users/skipp/Desktop/COMPSYS-305-group-35-mini-project/alex/Final-demo-test-file/de0_cv_default.vhd Line: 75
Warning (10036): Verilog HDL or VHDL warning at de0_cv_default.vhd(75): object "text_play_game_rgb" assigned a value but never read File: C:/Users/skipp/Desktop/COMPSYS-305-group-35-mini-project/alex/Final-demo-test-file/de0_cv_default.vhd Line: 75
Warning (10036): Verilog HDL or VHDL warning at de0_cv_default.vhd(76): object "text_pause_rgb" assigned a value but never read File: C:/Users/skipp/Desktop/COMPSYS-305-group-35-mini-project/alex/Final-demo-test-file/de0_cv_default.vhd Line: 76
Warning (10036): Verilog HDL or VHDL warning at de0_cv_default.vhd(76): object "text_over_rgb" assigned a value but never read File: C:/Users/skipp/Desktop/COMPSYS-305-group-35-mini-project/alex/Final-demo-test-file/de0_cv_default.vhd Line: 76
Warning (10036): Verilog HDL or VHDL warning at de0_cv_default.vhd(76): object "text_press_start_rgb" assigned a value but never read File: C:/Users/skipp/Desktop/COMPSYS-305-group-35-mini-project/alex/Final-demo-test-file/de0_cv_default.vhd Line: 76
Info (12128): Elaborating entity "clk25_gen" for hierarchy "clk25_gen:clk_inst" File: C:/Users/skipp/Desktop/COMPSYS-305-group-35-mini-project/alex/Final-demo-test-file/de0_cv_default.vhd Line: 98
Info (12128): Elaborating entity "VGA_SYNC" for hierarchy "VGA_SYNC:vga_sync_inst" File: C:/Users/skipp/Desktop/COMPSYS-305-group-35-mini-project/alex/Final-demo-test-file/de0_cv_default.vhd Line: 101
Info (12128): Elaborating entity "MOUSE" for hierarchy "MOUSE:mouse_inst" File: C:/Users/skipp/Desktop/COMPSYS-305-group-35-mini-project/alex/Final-demo-test-file/de0_cv_default.vhd Line: 121
Warning (10036): Verilog HDL or VHDL warning at mouse.vhd(25): object "CHARIN" assigned a value but never read File: C:/Users/skipp/Desktop/COMPSYS-305-group-35-mini-project/alex/Final-demo-test-file/mouse.vhd Line: 25
Warning (10492): VHDL Process Statement warning at mouse.vhd(151): signal "CHAROUT" is read inside the Process Statement but isn't in the Process Statement's sensitivity list File: C:/Users/skipp/Desktop/COMPSYS-305-group-35-mini-project/alex/Final-demo-test-file/mouse.vhd Line: 151
Warning (10492): VHDL Process Statement warning at mouse.vhd(155): signal "CHAROUT" is read inside the Process Statement but isn't in the Process Statement's sensitivity list File: C:/Users/skipp/Desktop/COMPSYS-305-group-35-mini-project/alex/Final-demo-test-file/mouse.vhd Line: 155
Warning (10492): VHDL Process Statement warning at mouse.vhd(156): signal "CHAROUT" is read inside the Process Statement but isn't in the Process Statement's sensitivity list File: C:/Users/skipp/Desktop/COMPSYS-305-group-35-mini-project/alex/Final-demo-test-file/mouse.vhd Line: 156
Warning (10492): VHDL Process Statement warning at mouse.vhd(157): signal "CHAROUT" is read inside the Process Statement but isn't in the Process Statement's sensitivity list File: C:/Users/skipp/Desktop/COMPSYS-305-group-35-mini-project/alex/Final-demo-test-file/mouse.vhd Line: 157
Info (12128): Elaborating entity "lfsr" for hierarchy "lfsr:lfsr_inst" File: C:/Users/skipp/Desktop/COMPSYS-305-group-35-mini-project/alex/Final-demo-test-file/de0_cv_default.vhd Line: 167
Info (12128): Elaborating entity "game_fsm" for hierarchy "game_fsm:fsm_inst" File: C:/Users/skipp/Desktop/COMPSYS-305-group-35-mini-project/alex/Final-demo-test-file/de0_cv_default.vhd Line: 173
Info (12128): Elaborating entity "score_lives" for hierarchy "score_lives:score_inst" File: C:/Users/skipp/Desktop/COMPSYS-305-group-35-mini-project/alex/Final-demo-test-file/de0_cv_default.vhd Line: 184
Info (12128): Elaborating entity "bird_logic" for hierarchy "bird_logic:bird_inst" File: C:/Users/skipp/Desktop/COMPSYS-305-group-35-mini-project/alex/Final-demo-test-file/de0_cv_default.vhd Line: 200
Info (12128): Elaborating entity "conveyor_belt" for hierarchy "conveyor_belt:level_inst" File: C:/Users/skipp/Desktop/COMPSYS-305-group-35-mini-project/alex/Final-demo-test-file/de0_cv_default.vhd Line: 212
Warning (10631): VHDL Process Statement warning at conveyor_belt.vhd(99): inferring latch(es) for signal or variable "ground_addr", which holds its previous value in one or more paths through the process File: C:/Users/skipp/Desktop/COMPSYS-305-group-35-mini-project/alex/Final-demo-test-file/conveyor_belt.vhd Line: 99
Info (10041): Inferred latch for "ground_addr[0]" at conveyor_belt.vhd(99) File: C:/Users/skipp/Desktop/COMPSYS-305-group-35-mini-project/alex/Final-demo-test-file/conveyor_belt.vhd Line: 99
Info (10041): Inferred latch for "ground_addr[1]" at conveyor_belt.vhd(99) File: C:/Users/skipp/Desktop/COMPSYS-305-group-35-mini-project/alex/Final-demo-test-file/conveyor_belt.vhd Line: 99
Info (10041): Inferred latch for "ground_addr[2]" at conveyor_belt.vhd(99) File: C:/Users/skipp/Desktop/COMPSYS-305-group-35-mini-project/alex/Final-demo-test-file/conveyor_belt.vhd Line: 99
Info (10041): Inferred latch for "ground_addr[3]" at conveyor_belt.vhd(99) File: C:/Users/skipp/Desktop/COMPSYS-305-group-35-mini-project/alex/Final-demo-test-file/conveyor_belt.vhd Line: 99
Info (10041): Inferred latch for "ground_addr[4]" at conveyor_belt.vhd(99) File: C:/Users/skipp/Desktop/COMPSYS-305-group-35-mini-project/alex/Final-demo-test-file/conveyor_belt.vhd Line: 99
Info (10041): Inferred latch for "ground_addr[5]" at conveyor_belt.vhd(99) File: C:/Users/skipp/Desktop/COMPSYS-305-group-35-mini-project/alex/Final-demo-test-file/conveyor_belt.vhd Line: 99
Info (10041): Inferred latch for "ground_addr[6]" at conveyor_belt.vhd(99) File: C:/Users/skipp/Desktop/COMPSYS-305-group-35-mini-project/alex/Final-demo-test-file/conveyor_belt.vhd Line: 99
Info (10041): Inferred latch for "ground_addr[7]" at conveyor_belt.vhd(99) File: C:/Users/skipp/Desktop/COMPSYS-305-group-35-mini-project/alex/Final-demo-test-file/conveyor_belt.vhd Line: 99
Info (12128): Elaborating entity "sprite_rom" for hierarchy "sprite_rom:bird_rom" File: C:/Users/skipp/Desktop/COMPSYS-305-group-35-mini-project/alex/Final-demo-test-file/de0_cv_default.vhd Line: 234
Info (12128): Elaborating entity "altsyncram" for hierarchy "sprite_rom:bird_rom|altsyncram:altsyncram_component" File: C:/Users/skipp/Desktop/COMPSYS-305-group-35-mini-project/alex/Final-demo-test-file/sprite_rom.vhd Line: 42
Info (12130): Elaborated megafunction instantiation "sprite_rom:bird_rom|altsyncram:altsyncram_component" File: C:/Users/skipp/Desktop/COMPSYS-305-group-35-mini-project/alex/Final-demo-test-file/sprite_rom.vhd Line: 42
Info (12133): Instantiated megafunction "sprite_rom:bird_rom|altsyncram:altsyncram_component" with the following parameter: File: C:/Users/skipp/Desktop/COMPSYS-305-group-35-mini-project/alex/Final-demo-test-file/sprite_rom.vhd Line: 42
    Info (12134): Parameter "clock_enable_input_a" = "BYPASS"
    Info (12134): Parameter "clock_enable_output_a" = "BYPASS"
    Info (12134): Parameter "init_file" = "bao.mif"
    Info (12134): Parameter "intended_device_family" = "Cyclone V"
    Info (12134): Parameter "lpm_hint" = "ENABLE_RUNTIME_MOD=NO"
    Info (12134): Parameter "lpm_type" = "altsyncram"
    Info (12134): Parameter "numwords_a" = "256"
    Info (12134): Parameter "operation_mode" = "ROM"
    Info (12134): Parameter "outdata_aclr_a" = "NONE"
    Info (12134): Parameter "outdata_reg_a" = "UNREGISTERED"
    Info (12134): Parameter "widthad_a" = "8"
    Info (12134): Parameter "width_a" = "3"
Info (12021): Found 1 design units, including 1 entities, in source file db/altsyncram_55c1.tdf
    Info (12023): Found entity 1: altsyncram_55c1 File: C:/Users/skipp/Desktop/COMPSYS-305-group-35-mini-project/alex/db/altsyncram_55c1.tdf Line: 28
Info (12128): Elaborating entity "altsyncram_55c1" for hierarchy "sprite_rom:bird_rom|altsyncram:altsyncram_component|altsyncram_55c1:auto_generated" File: c:/intelfpga_lite/24.1std/quartus/libraries/megafunctions/altsyncram.tdf Line: 792
Info (12128): Elaborating entity "sprite_rom" for hierarchy "sprite_rom:ground_rom" File: C:/Users/skipp/Desktop/COMPSYS-305-group-35-mini-project/alex/Final-demo-test-file/de0_cv_default.vhd Line: 235
Info (12128): Elaborating entity "altsyncram" for hierarchy "sprite_rom:ground_rom|altsyncram:altsyncram_component" File: C:/Users/skipp/Desktop/COMPSYS-305-group-35-mini-project/alex/Final-demo-test-file/sprite_rom.vhd Line: 42
Info (12130): Elaborated megafunction instantiation "sprite_rom:ground_rom|altsyncram:altsyncram_component" File: C:/Users/skipp/Desktop/COMPSYS-305-group-35-mini-project/alex/Final-demo-test-file/sprite_rom.vhd Line: 42
Info (12133): Instantiated megafunction "sprite_rom:ground_rom|altsyncram:altsyncram_component" with the following parameter: File: C:/Users/skipp/Desktop/COMPSYS-305-group-35-mini-project/alex/Final-demo-test-file/sprite_rom.vhd Line: 42
    Info (12134): Parameter "clock_enable_input_a" = "BYPASS"
    Info (12134): Parameter "clock_enable_output_a" = "BYPASS"
    Info (12134): Parameter "init_file" = "ground.mif"
    Info (12134): Parameter "intended_device_family" = "Cyclone V"
    Info (12134): Parameter "lpm_hint" = "ENABLE_RUNTIME_MOD=NO"
    Info (12134): Parameter "lpm_type" = "altsyncram"
    Info (12134): Parameter "numwords_a" = "256"
    Info (12134): Parameter "operation_mode" = "ROM"
    Info (12134): Parameter "outdata_aclr_a" = "NONE"
    Info (12134): Parameter "outdata_reg_a" = "UNREGISTERED"
    Info (12134): Parameter "widthad_a" = "8"
    Info (12134): Parameter "width_a" = "3"
Info (12021): Found 1 design units, including 1 entities, in source file db/altsyncram_2gc1.tdf
    Info (12023): Found entity 1: altsyncram_2gc1 File: C:/Users/skipp/Desktop/COMPSYS-305-group-35-mini-project/alex/db/altsyncram_2gc1.tdf Line: 28
Info (12128): Elaborating entity "altsyncram_2gc1" for hierarchy "sprite_rom:ground_rom|altsyncram:altsyncram_component|altsyncram_2gc1:auto_generated" File: c:/intelfpga_lite/24.1std/quartus/libraries/megafunctions/altsyncram.tdf Line: 792
Info (12128): Elaborating entity "sprite_rom" for hierarchy "sprite_rom:gift_rom" File: C:/Users/skipp/Desktop/COMPSYS-305-group-35-mini-project/alex/Final-demo-test-file/de0_cv_default.vhd Line: 236
Info (12128): Elaborating entity "altsyncram" for hierarchy "sprite_rom:gift_rom|altsyncram:altsyncram_component" File: C:/Users/skipp/Desktop/COMPSYS-305-group-35-mini-project/alex/Final-demo-test-file/sprite_rom.vhd Line: 42
Info (12130): Elaborated megafunction instantiation "sprite_rom:gift_rom|altsyncram:altsyncram_component" File: C:/Users/skipp/Desktop/COMPSYS-305-group-35-mini-project/alex/Final-demo-test-file/sprite_rom.vhd Line: 42
Info (12133): Instantiated megafunction "sprite_rom:gift_rom|altsyncram:altsyncram_component" with the following parameter: File: C:/Users/skipp/Desktop/COMPSYS-305-group-35-mini-project/alex/Final-demo-test-file/sprite_rom.vhd Line: 42
    Info (12134): Parameter "clock_enable_input_a" = "BYPASS"
    Info (12134): Parameter "clock_enable_output_a" = "BYPASS"
    Info (12134): Parameter "init_file" = "gift.mif"
    Info (12134): Parameter "intended_device_family" = "Cyclone V"
    Info (12134): Parameter "lpm_hint" = "ENABLE_RUNTIME_MOD=NO"
    Info (12134): Parameter "lpm_type" = "altsyncram"
    Info (12134): Parameter "numwords_a" = "400"
    Info (12134): Parameter "operation_mode" = "ROM"
    Info (12134): Parameter "outdata_aclr_a" = "NONE"
    Info (12134): Parameter "outdata_reg_a" = "UNREGISTERED"
    Info (12134): Parameter "widthad_a" = "9"
    Info (12134): Parameter "width_a" = "3"
Info (12021): Found 1 design units, including 1 entities, in source file db/altsyncram_l8c1.tdf
    Info (12023): Found entity 1: altsyncram_l8c1 File: C:/Users/skipp/Desktop/COMPSYS-305-group-35-mini-project/alex/db/altsyncram_l8c1.tdf Line: 28
Info (12128): Elaborating entity "altsyncram_l8c1" for hierarchy "sprite_rom:gift_rom|altsyncram:altsyncram_component|altsyncram_l8c1:auto_generated" File: c:/intelfpga_lite/24.1std/quartus/libraries/megafunctions/altsyncram.tdf Line: 792
Info (12128): Elaborating entity "sprite_rom" for hierarchy "sprite_rom:pipecap_rom" File: C:/Users/skipp/Desktop/COMPSYS-305-group-35-mini-project/alex/Final-demo-test-file/de0_cv_default.vhd Line: 237
Info (12128): Elaborating entity "altsyncram" for hierarchy "sprite_rom:pipecap_rom|altsyncram:altsyncram_component" File: C:/Users/skipp/Desktop/COMPSYS-305-group-35-mini-project/alex/Final-demo-test-file/sprite_rom.vhd Line: 42
Info (12130): Elaborated megafunction instantiation "sprite_rom:pipecap_rom|altsyncram:altsyncram_component" File: C:/Users/skipp/Desktop/COMPSYS-305-group-35-mini-project/alex/Final-demo-test-file/sprite_rom.vhd Line: 42
Info (12133): Instantiated megafunction "sprite_rom:pipecap_rom|altsyncram:altsyncram_component" with the following parameter: File: C:/Users/skipp/Desktop/COMPSYS-305-group-35-mini-project/alex/Final-demo-test-file/sprite_rom.vhd Line: 42
    Info (12134): Parameter "clock_enable_input_a" = "BYPASS"
    Info (12134): Parameter "clock_enable_output_a" = "BYPASS"
    Info (12134): Parameter "init_file" = "pipecap.mif"
    Info (12134): Parameter "intended_device_family" = "Cyclone V"
    Info (12134): Parameter "lpm_hint" = "ENABLE_RUNTIME_MOD=NO"
    Info (12134): Parameter "lpm_type" = "altsyncram"
    Info (12134): Parameter "numwords_a" = "800"
    Info (12134): Parameter "operation_mode" = "ROM"
    Info (12134): Parameter "outdata_aclr_a" = "NONE"
    Info (12134): Parameter "outdata_reg_a" = "UNREGISTERED"
    Info (12134): Parameter "widthad_a" = "10"
    Info (12134): Parameter "width_a" = "3"
Info (12021): Found 1 design units, including 1 entities, in source file db/altsyncram_pjc1.tdf
    Info (12023): Found entity 1: altsyncram_pjc1 File: C:/Users/skipp/Desktop/COMPSYS-305-group-35-mini-project/alex/db/altsyncram_pjc1.tdf Line: 28
Info (12128): Elaborating entity "altsyncram_pjc1" for hierarchy "sprite_rom:pipecap_rom|altsyncram:altsyncram_component|altsyncram_pjc1:auto_generated" File: c:/intelfpga_lite/24.1std/quartus/libraries/megafunctions/altsyncram.tdf Line: 792
Info (12128): Elaborating entity "text_engine" for hierarchy "text_engine:t_title" File: C:/Users/skipp/Desktop/COMPSYS-305-group-35-mini-project/alex/Final-demo-test-file/de0_cv_default.vhd Line: 241
Warning (10036): Verilog HDL or VHDL warning at text_engine.vhd(26): object "delay" assigned a value but never read File: C:/Users/skipp/Desktop/COMPSYS-305-group-35-mini-project/alex/Final-demo-test-file/text_engine.vhd Line: 26
Info (12128): Elaborating entity "char_rom" for hierarchy "text_engine:t_title|char_rom:rom_inst" File: C:/Users/skipp/Desktop/COMPSYS-305-group-35-mini-project/alex/Final-demo-test-file/text_engine.vhd Line: 75
Info (12128): Elaborating entity "altsyncram" for hierarchy "text_engine:t_title|char_rom:rom_inst|altsyncram:altsyncram_component" File: C:/Users/skipp/Desktop/COMPSYS-305-group-35-mini-project/alex/Final-demo-test-file/char_rom.vhd Line: 51
Info (12130): Elaborated megafunction instantiation "text_engine:t_title|char_rom:rom_inst|altsyncram:altsyncram_component" File: C:/Users/skipp/Desktop/COMPSYS-305-group-35-mini-project/alex/Final-demo-test-file/char_rom.vhd Line: 51
Info (12133): Instantiated megafunction "text_engine:t_title|char_rom:rom_inst|altsyncram:altsyncram_component" with the following parameter: File: C:/Users/skipp/Desktop/COMPSYS-305-group-35-mini-project/alex/Final-demo-test-file/char_rom.vhd Line: 51
    Info (12134): Parameter "address_aclr_a" = "NONE"
    Info (12134): Parameter "clock_enable_input_a" = "BYPASS"
    Info (12134): Parameter "clock_enable_output_a" = "BYPASS"
    Info (12134): Parameter "init_file" = "tcgrom.mif"
    Info (12134): Parameter "intended_device_family" = "Cyclone III"
    Info (12134): Parameter "lpm_hint" = "ENABLE_RUNTIME_MOD=NO"
    Info (12134): Parameter "lpm_type" = "altsyncram"
    Info (12134): Parameter "numwords_a" = "512"
    Info (12134): Parameter "operation_mode" = "ROM"
    Info (12134): Parameter "outdata_aclr_a" = "NONE"
    Info (12134): Parameter "outdata_reg_a" = "UNREGISTERED"
    Info (12134): Parameter "widthad_a" = "9"
    Info (12134): Parameter "width_a" = "8"
    Info (12134): Parameter "width_byteena_a" = "1"
Info (12021): Found 1 design units, including 1 entities, in source file db/altsyncram_d5g1.tdf
    Info (12023): Found entity 1: altsyncram_d5g1 File: C:/Users/skipp/Desktop/COMPSYS-305-group-35-mini-project/alex/db/altsyncram_d5g1.tdf Line: 28
Info (12128): Elaborating entity "altsyncram_d5g1" for hierarchy "text_engine:t_title|char_rom:rom_inst|altsyncram:altsyncram_component|altsyncram_d5g1:auto_generated" File: c:/intelfpga_lite/24.1std/quartus/libraries/megafunctions/altsyncram.tdf Line: 792
Info (12128): Elaborating entity "text_engine" for hierarchy "text_engine:t_menu_train" File: C:/Users/skipp/Desktop/COMPSYS-305-group-35-mini-project/alex/Final-demo-test-file/de0_cv_default.vhd Line: 254
Warning (10036): Verilog HDL or VHDL warning at text_engine.vhd(26): object "delay" assigned a value but never read File: C:/Users/skipp/Desktop/COMPSYS-305-group-35-mini-project/alex/Final-demo-test-file/text_engine.vhd Line: 26
Info (12128): Elaborating entity "text_engine" for hierarchy "text_engine:t_menu_game" File: C:/Users/skipp/Desktop/COMPSYS-305-group-35-mini-project/alex/Final-demo-test-file/de0_cv_default.vhd Line: 266
Warning (10036): Verilog HDL or VHDL warning at text_engine.vhd(26): object "delay" assigned a value but never read File: C:/Users/skipp/Desktop/COMPSYS-305-group-35-mini-project/alex/Final-demo-test-file/text_engine.vhd Line: 26
Info (12128): Elaborating entity "text_engine" for hierarchy "text_engine:t_pause" File: C:/Users/skipp/Desktop/COMPSYS-305-group-35-mini-project/alex/Final-demo-test-file/de0_cv_default.vhd Line: 302
Warning (10036): Verilog HDL or VHDL warning at text_engine.vhd(26): object "delay" assigned a value but never read File: C:/Users/skipp/Desktop/COMPSYS-305-group-35-mini-project/alex/Final-demo-test-file/text_engine.vhd Line: 26
Info (12128): Elaborating entity "text_engine" for hierarchy "text_engine:t_over" File: C:/Users/skipp/Desktop/COMPSYS-305-group-35-mini-project/alex/Final-demo-test-file/de0_cv_default.vhd Line: 314
Warning (10036): Verilog HDL or VHDL warning at text_engine.vhd(26): object "delay" assigned a value but never read File: C:/Users/skipp/Desktop/COMPSYS-305-group-35-mini-project/alex/Final-demo-test-file/text_engine.vhd Line: 26
Info (12128): Elaborating entity "text_engine" for hierarchy "text_engine:t_press_start" File: C:/Users/skipp/Desktop/COMPSYS-305-group-35-mini-project/alex/Final-demo-test-file/de0_cv_default.vhd Line: 326
Warning (10036): Verilog HDL or VHDL warning at text_engine.vhd(26): object "delay" assigned a value but never read File: C:/Users/skipp/Desktop/COMPSYS-305-group-35-mini-project/alex/Final-demo-test-file/text_engine.vhd Line: 26
Info (12128): Elaborating entity "display_pixel_router" for hierarchy "display_pixel_router:router_inst" File: C:/Users/skipp/Desktop/COMPSYS-305-group-35-mini-project/alex/Final-demo-test-file/de0_cv_default.vhd Line: 496
Info (12128): Elaborating entity "seven_seg" for hierarchy "seven_seg:seg_score0" File: C:/Users/skipp/Desktop/COMPSYS-305-group-35-mini-project/alex/Final-demo-test-file/de0_cv_default.vhd Line: 504
Warning (13012): Latch conveyor_belt:level_inst|ground_addr[5] has unsafe behavior File: C:/Users/skipp/Desktop/COMPSYS-305-group-35-mini-project/alex/Final-demo-test-file/conveyor_belt.vhd Line: 99
    Warning (13013): Ports D and ENA on the latch are fed by the same signal VGA_SYNC:vga_sync_inst|pixel_row[1] File: C:/Users/skipp/Desktop/COMPSYS-305-group-35-mini-project/alex/Final-demo-test-file/vga_sync.vhd Line: 88
Warning (13012): Latch conveyor_belt:level_inst|ground_addr[6] has unsafe behavior File: C:/Users/skipp/Desktop/COMPSYS-305-group-35-mini-project/alex/Final-demo-test-file/conveyor_belt.vhd Line: 99
    Warning (13013): Ports D and ENA on the latch are fed by the same signal VGA_SYNC:vga_sync_inst|pixel_row[2] File: C:/Users/skipp/Desktop/COMPSYS-305-group-35-mini-project/alex/Final-demo-test-file/vga_sync.vhd Line: 88
Warning (13012): Latch conveyor_belt:level_inst|ground_addr[7] has unsafe behavior File: C:/Users/skipp/Desktop/COMPSYS-305-group-35-mini-project/alex/Final-demo-test-file/conveyor_belt.vhd Line: 99
    Warning (13013): Ports D and ENA on the latch are fed by the same signal VGA_SYNC:vga_sync_inst|pixel_row[3] File: C:/Users/skipp/Desktop/COMPSYS-305-group-35-mini-project/alex/Final-demo-test-file/vga_sync.vhd Line: 88
Info (13000): Registers with preset signals will power-up high File: C:/Users/skipp/Desktop/COMPSYS-305-group-35-mini-project/alex/Final-demo-test-file/mouse.vhd Line: 146
Info (13003): DEV_CLRn pin will set, and not reset, register with preset signal due to NOT Gate Push-Back
Warning (13024): Output pins are stuck at VCC or GND
    Warning (13410): Pin "hex2[5]" is stuck at VCC File: C:/Users/skipp/Desktop/COMPSYS-305-group-35-mini-project/alex/Final-demo-test-file/de0_cv_default.vhd Line: 13
    Warning (13410): Pin "hex3[0]" is stuck at VCC File: C:/Users/skipp/Desktop/COMPSYS-305-group-35-mini-project/alex/Final-demo-test-file/de0_cv_default.vhd Line: 13
    Warning (13410): Pin "hex3[1]" is stuck at VCC File: C:/Users/skipp/Desktop/COMPSYS-305-group-35-mini-project/alex/Final-demo-test-file/de0_cv_default.vhd Line: 13
    Warning (13410): Pin "hex3[2]" is stuck at VCC File: C:/Users/skipp/Desktop/COMPSYS-305-group-35-mini-project/alex/Final-demo-test-file/de0_cv_default.vhd Line: 13
    Warning (13410): Pin "hex3[3]" is stuck at VCC File: C:/Users/skipp/Desktop/COMPSYS-305-group-35-mini-project/alex/Final-demo-test-file/de0_cv_default.vhd Line: 13
    Warning (13410): Pin "hex3[4]" is stuck at VCC File: C:/Users/skipp/Desktop/COMPSYS-305-group-35-mini-project/alex/Final-demo-test-file/de0_cv_default.vhd Line: 13
    Warning (13410): Pin "hex3[5]" is stuck at VCC File: C:/Users/skipp/Desktop/COMPSYS-305-group-35-mini-project/alex/Final-demo-test-file/de0_cv_default.vhd Line: 13
    Warning (13410): Pin "hex3[6]" is stuck at VCC File: C:/Users/skipp/Desktop/COMPSYS-305-group-35-mini-project/alex/Final-demo-test-file/de0_cv_default.vhd Line: 13
    Warning (13410): Pin "hex4[0]" is stuck at VCC File: C:/Users/skipp/Desktop/COMPSYS-305-group-35-mini-project/alex/Final-demo-test-file/de0_cv_default.vhd Line: 13
    Warning (13410): Pin "hex4[1]" is stuck at VCC File: C:/Users/skipp/Desktop/COMPSYS-305-group-35-mini-project/alex/Final-demo-test-file/de0_cv_default.vhd Line: 13
    Warning (13410): Pin "hex4[2]" is stuck at VCC File: C:/Users/skipp/Desktop/COMPSYS-305-group-35-mini-project/alex/Final-demo-test-file/de0_cv_default.vhd Line: 13
    Warning (13410): Pin "hex4[3]" is stuck at VCC File: C:/Users/skipp/Desktop/COMPSYS-305-group-35-mini-project/alex/Final-demo-test-file/de0_cv_default.vhd Line: 13
    Warning (13410): Pin "hex4[4]" is stuck at VCC File: C:/Users/skipp/Desktop/COMPSYS-305-group-35-mini-project/alex/Final-demo-test-file/de0_cv_default.vhd Line: 13
    Warning (13410): Pin "hex4[5]" is stuck at VCC File: C:/Users/skipp/Desktop/COMPSYS-305-group-35-mini-project/alex/Final-demo-test-file/de0_cv_default.vhd Line: 13
    Warning (13410): Pin "hex4[6]" is stuck at VCC File: C:/Users/skipp/Desktop/COMPSYS-305-group-35-mini-project/alex/Final-demo-test-file/de0_cv_default.vhd Line: 13
Info (286030): Timing-Driven Synthesis is running
Critical Warning (18061): Ignored Power-Up Level option on the following registers
    Critical Warning (18010): Register conveyor_belt:level_inst|pipes[1].x[31] will power up to Low File: C:/Users/skipp/Desktop/COMPSYS-305-group-35-mini-project/alex/Final-demo-test-file/conveyor_belt.vhd Line: 44
    Critical Warning (18010): Register conveyor_belt:level_inst|pipes[1].x[9] will power up to High File: C:/Users/skipp/Desktop/COMPSYS-305-group-35-mini-project/alex/Final-demo-test-file/conveyor_belt.vhd Line: 44
    Critical Warning (18010): Register conveyor_belt:level_inst|pipes[1].x[8] will power up to High File: C:/Users/skipp/Desktop/COMPSYS-305-group-35-mini-project/alex/Final-demo-test-file/conveyor_belt.vhd Line: 44
    Critical Warning (18010): Register conveyor_belt:level_inst|pipes[1].x[7] will power up to High File: C:/Users/skipp/Desktop/COMPSYS-305-group-35-mini-project/alex/Final-demo-test-file/conveyor_belt.vhd Line: 44
    Critical Warning (18010): Register conveyor_belt:level_inst|pipes[1].x[5] will power up to High File: C:/Users/skipp/Desktop/COMPSYS-305-group-35-mini-project/alex/Final-demo-test-file/conveyor_belt.vhd Line: 44
    Critical Warning (18010): Register conveyor_belt:level_inst|pipes[1].gap_y[0] will power up to Low File: C:/Users/skipp/Desktop/COMPSYS-305-group-35-mini-project/alex/Final-demo-test-file/conveyor_belt.vhd Line: 44
    Critical Warning (18010): Register conveyor_belt:level_inst|pipes[1].gap_y[31] will power up to Low File: C:/Users/skipp/Desktop/COMPSYS-305-group-35-mini-project/alex/Final-demo-test-file/conveyor_belt.vhd Line: 44
    Critical Warning (18010): Register conveyor_belt:level_inst|pipes[1].gap_y[7] will power up to High File: C:/Users/skipp/Desktop/COMPSYS-305-group-35-mini-project/alex/Final-demo-test-file/conveyor_belt.vhd Line: 44
    Critical Warning (18010): Register conveyor_belt:level_inst|pipes[1].gap_y[4] will power up to High File: C:/Users/skipp/Desktop/COMPSYS-305-group-35-mini-project/alex/Final-demo-test-file/conveyor_belt.vhd Line: 44
    Critical Warning (18010): Register conveyor_belt:level_inst|pipes[1].gap_y[2] will power up to High File: C:/Users/skipp/Desktop/COMPSYS-305-group-35-mini-project/alex/Final-demo-test-file/conveyor_belt.vhd Line: 44
    Critical Warning (18010): Register conveyor_belt:level_inst|pipes[1].gap_y[1] will power up to High File: C:/Users/skipp/Desktop/COMPSYS-305-group-35-mini-project/alex/Final-demo-test-file/conveyor_belt.vhd Line: 44
    Critical Warning (18010): Register conveyor_belt:level_inst|pipes[1].x[0] will power up to Low File: C:/Users/skipp/Desktop/COMPSYS-305-group-35-mini-project/alex/Final-demo-test-file/conveyor_belt.vhd Line: 44
    Critical Warning (18010): Register conveyor_belt:level_inst|pipes[2].x[31] will power up to Low File: C:/Users/skipp/Desktop/COMPSYS-305-group-35-mini-project/alex/Final-demo-test-file/conveyor_belt.vhd Line: 44
    Critical Warning (18010): Register conveyor_belt:level_inst|pipes[2].x[7] will power up to High File: C:/Users/skipp/Desktop/COMPSYS-305-group-35-mini-project/alex/Final-demo-test-file/conveyor_belt.vhd Line: 44
    Critical Warning (18010): Register conveyor_belt:level_inst|pipes[2].x[6] will power up to High File: C:/Users/skipp/Desktop/COMPSYS-305-group-35-mini-project/alex/Final-demo-test-file/conveyor_belt.vhd Line: 44
    Critical Warning (18010): Register conveyor_belt:level_inst|pipes[2].x[4] will power up to High File: C:/Users/skipp/Desktop/COMPSYS-305-group-35-mini-project/alex/Final-demo-test-file/conveyor_belt.vhd Line: 44
    Critical Warning (18010): Register conveyor_belt:level_inst|pipes[2].x[10] will power up to High File: C:/Users/skipp/Desktop/COMPSYS-305-group-35-mini-project/alex/Final-demo-test-file/conveyor_belt.vhd Line: 44
    Critical Warning (18010): Register conveyor_belt:level_inst|pipes[2].x[0] will power up to Low File: C:/Users/skipp/Desktop/COMPSYS-305-group-35-mini-project/alex/Final-demo-test-file/conveyor_belt.vhd Line: 44
    Critical Warning (18010): Register conveyor_belt:level_inst|pipes[2].gap_y[0] will power up to Low File: C:/Users/skipp/Desktop/COMPSYS-305-group-35-mini-project/alex/Final-demo-test-file/conveyor_belt.vhd Line: 44
    Critical Warning (18010): Register conveyor_belt:level_inst|pipes[2].gap_y[31] will power up to Low File: C:/Users/skipp/Desktop/COMPSYS-305-group-35-mini-project/alex/Final-demo-test-file/conveyor_belt.vhd Line: 44
    Critical Warning (18010): Register conveyor_belt:level_inst|pipes[2].gap_y[7] will power up to High File: C:/Users/skipp/Desktop/COMPSYS-305-group-35-mini-project/alex/Final-demo-test-file/conveyor_belt.vhd Line: 44
    Critical Warning (18010): Register conveyor_belt:level_inst|pipes[2].gap_y[6] will power up to High File: C:/Users/skipp/Desktop/COMPSYS-305-group-35-mini-project/alex/Final-demo-test-file/conveyor_belt.vhd Line: 44
    Critical Warning (18010): Register conveyor_belt:level_inst|pipes[2].gap_y[5] will power up to High File: C:/Users/skipp/Desktop/COMPSYS-305-group-35-mini-project/alex/Final-demo-test-file/conveyor_belt.vhd Line: 44
    Critical Warning (18010): Register conveyor_belt:level_inst|pipes[2].gap_y[4] will power up to High File: C:/Users/skipp/Desktop/COMPSYS-305-group-35-mini-project/alex/Final-demo-test-file/conveyor_belt.vhd Line: 44
    Critical Warning (18010): Register conveyor_belt:level_inst|pipes[2].gap_y[3] will power up to High File: C:/Users/skipp/Desktop/COMPSYS-305-group-35-mini-project/alex/Final-demo-test-file/conveyor_belt.vhd Line: 44
    Critical Warning (18010): Register conveyor_belt:level_inst|pipes[2].gap_y[1] will power up to High File: C:/Users/skipp/Desktop/COMPSYS-305-group-35-mini-project/alex/Final-demo-test-file/conveyor_belt.vhd Line: 44
    Critical Warning (18010): Register conveyor_belt:level_inst|pipes[3].x[31] will power up to Low File: C:/Users/skipp/Desktop/COMPSYS-305-group-35-mini-project/alex/Final-demo-test-file/conveyor_belt.vhd Line: 44
    Critical Warning (18010): Register conveyor_belt:level_inst|pipes[3].x[9] will power up to High File: C:/Users/skipp/Desktop/COMPSYS-305-group-35-mini-project/alex/Final-demo-test-file/conveyor_belt.vhd Line: 44
    Critical Warning (18010): Register conveyor_belt:level_inst|pipes[3].x[10] will power up to High File: C:/Users/skipp/Desktop/COMPSYS-305-group-35-mini-project/alex/Final-demo-test-file/conveyor_belt.vhd Line: 44
    Critical Warning (18010): Register conveyor_belt:level_inst|pipes[3].x[0] will power up to Low File: C:/Users/skipp/Desktop/COMPSYS-305-group-35-mini-project/alex/Final-demo-test-file/conveyor_belt.vhd Line: 44
    Critical Warning (18010): Register conveyor_belt:level_inst|pipes[3].gap_y[0] will power up to Low File: C:/Users/skipp/Desktop/COMPSYS-305-group-35-mini-project/alex/Final-demo-test-file/conveyor_belt.vhd Line: 44
    Critical Warning (18010): Register conveyor_belt:level_inst|pipes[3].gap_y[31] will power up to Low File: C:/Users/skipp/Desktop/COMPSYS-305-group-35-mini-project/alex/Final-demo-test-file/conveyor_belt.vhd Line: 44
    Critical Warning (18010): Register conveyor_belt:level_inst|pipes[3].gap_y[6] will power up to High File: C:/Users/skipp/Desktop/COMPSYS-305-group-35-mini-project/alex/Final-demo-test-file/conveyor_belt.vhd Line: 44
    Critical Warning (18010): Register conveyor_belt:level_inst|pipes[3].gap_y[5] will power up to High File: C:/Users/skipp/Desktop/COMPSYS-305-group-35-mini-project/alex/Final-demo-test-file/conveyor_belt.vhd Line: 44
    Critical Warning (18010): Register conveyor_belt:level_inst|pipes[3].gap_y[2] will power up to High File: C:/Users/skipp/Desktop/COMPSYS-305-group-35-mini-project/alex/Final-demo-test-file/conveyor_belt.vhd Line: 44
    Critical Warning (18010): Register conveyor_belt:level_inst|pipes[0].x[31] will power up to Low File: C:/Users/skipp/Desktop/COMPSYS-305-group-35-mini-project/alex/Final-demo-test-file/conveyor_belt.vhd Line: 44
    Critical Warning (18010): Register conveyor_belt:level_inst|pipes[0].x[9] will power up to High File: C:/Users/skipp/Desktop/COMPSYS-305-group-35-mini-project/alex/Final-demo-test-file/conveyor_belt.vhd Line: 44
    Critical Warning (18010): Register conveyor_belt:level_inst|pipes[0].x[7] will power up to High File: C:/Users/skipp/Desktop/COMPSYS-305-group-35-mini-project/alex/Final-demo-test-file/conveyor_belt.vhd Line: 44
    Critical Warning (18010): Register conveyor_belt:level_inst|pipes[0].x[0] will power up to Low File: C:/Users/skipp/Desktop/COMPSYS-305-group-35-mini-project/alex/Final-demo-test-file/conveyor_belt.vhd Line: 44
    Critical Warning (18010): Register conveyor_belt:level_inst|pipes[0].gap_y[0] will power up to Low File: C:/Users/skipp/Desktop/COMPSYS-305-group-35-mini-project/alex/Final-demo-test-file/conveyor_belt.vhd Line: 44
    Critical Warning (18010): Register conveyor_belt:level_inst|pipes[0].gap_y[31] will power up to Low File: C:/Users/skipp/Desktop/COMPSYS-305-group-35-mini-project/alex/Final-demo-test-file/conveyor_belt.vhd Line: 44
    Critical Warning (18010): Register conveyor_belt:level_inst|pipes[0].gap_y[7] will power up to High File: C:/Users/skipp/Desktop/COMPSYS-305-group-35-mini-project/alex/Final-demo-test-file/conveyor_belt.vhd Line: 44
    Critical Warning (18010): Register conveyor_belt:level_inst|pipes[0].gap_y[6] will power up to High File: C:/Users/skipp/Desktop/COMPSYS-305-group-35-mini-project/alex/Final-demo-test-file/conveyor_belt.vhd Line: 44
    Critical Warning (18010): Register conveyor_belt:level_inst|pipes[0].gap_y[3] will power up to High File: C:/Users/skipp/Desktop/COMPSYS-305-group-35-mini-project/alex/Final-demo-test-file/conveyor_belt.vhd Line: 44
    Critical Warning (18010): Register conveyor_belt:level_inst|pipes[1].x[3] will power up to High File: C:/Users/skipp/Desktop/COMPSYS-305-group-35-mini-project/alex/Final-demo-test-file/conveyor_belt.vhd Line: 44
    Critical Warning (18010): Register conveyor_belt:level_inst|pipes[1].x[2] will power up to High File: C:/Users/skipp/Desktop/COMPSYS-305-group-35-mini-project/alex/Final-demo-test-file/conveyor_belt.vhd Line: 44
    Critical Warning (18010): Register conveyor_belt:level_inst|pipes[2].x[3] will power up to High File: C:/Users/skipp/Desktop/COMPSYS-305-group-35-mini-project/alex/Final-demo-test-file/conveyor_belt.vhd Line: 44
    Critical Warning (18010): Register conveyor_belt:level_inst|pipes[3].x[2] will power up to High File: C:/Users/skipp/Desktop/COMPSYS-305-group-35-mini-project/alex/Final-demo-test-file/conveyor_belt.vhd Line: 44
Info (16010): Generating hard_block partition "hard_block:auto_generated_inst"
    Info (16011): Adding 0 node(s), including 0 DDIO, 0 PLL, 0 transceiver and 0 LCELL
Warning (21074): Design contains 10 input pin(s) that do not drive logic
    Warning (15610): No output dependent on input pin "sw[0]" File: C:/Users/skipp/Desktop/COMPSYS-305-group-35-mini-project/alex/Final-demo-test-file/de0_cv_default.vhd Line: 10
    Warning (15610): No output dependent on input pin "sw[1]" File: C:/Users/skipp/Desktop/COMPSYS-305-group-35-mini-project/alex/Final-demo-test-file/de0_cv_default.vhd Line: 10
    Warning (15610): No output dependent on input pin "sw[2]" File: C:/Users/skipp/Desktop/COMPSYS-305-group-35-mini-project/alex/Final-demo-test-file/de0_cv_default.vhd Line: 10
    Warning (15610): No output dependent on input pin "sw[3]" File: C:/Users/skipp/Desktop/COMPSYS-305-group-35-mini-project/alex/Final-demo-test-file/de0_cv_default.vhd Line: 10
    Warning (15610): No output dependent on input pin "sw[4]" File: C:/Users/skipp/Desktop/COMPSYS-305-group-35-mini-project/alex/Final-demo-test-file/de0_cv_default.vhd Line: 10
    Warning (15610): No output dependent on input pin "sw[5]" File: C:/Users/skipp/Desktop/COMPSYS-305-group-35-mini-project/alex/Final-demo-test-file/de0_cv_default.vhd Line: 10
    Warning (15610): No output dependent on input pin "sw[6]" File: C:/Users/skipp/Desktop/COMPSYS-305-group-35-mini-project/alex/Final-demo-test-file/de0_cv_default.vhd Line: 10
    Warning (15610): No output dependent on input pin "sw[7]" File: C:/Users/skipp/Desktop/COMPSYS-305-group-35-mini-project/alex/Final-demo-test-file/de0_cv_default.vhd Line: 10
    Warning (15610): No output dependent on input pin "sw[8]" File: C:/Users/skipp/Desktop/COMPSYS-305-group-35-mini-project/alex/Final-demo-test-file/de0_cv_default.vhd Line: 10
    Warning (15610): No output dependent on input pin "key[3]" File: C:/Users/skipp/Desktop/COMPSYS-305-group-35-mini-project/alex/Final-demo-test-file/de0_cv_default.vhd Line: 11
Info (21057): Implemented 2906 device resources after synthesis - the final resource count might be different
    Info (21058): Implemented 16 input pins
    Info (21059): Implemented 66 output pins
    Info (21060): Implemented 2 bidirectional pins
    Info (21061): Implemented 2738 logic cells
    Info (21064): Implemented 76 RAM segments
    Info (21062): Implemented 8 DSP elements
Info: Quartus Prime Analysis & Synthesis was successful. 0 errors, 200 warnings
    Info: Peak virtual memory: 4960 megabytes
    Info: Processing ended: Thu May 28 22:03:35 2026
    Info: Elapsed time: 00:00:28
    Info: Total CPU time (on all processors): 00:00:44


