Fitter report for de0_cv_default
Thu May 28 22:05:17 2026
Quartus Prime Version 24.1std.0 Build 1077 03/04/2025 SC Lite Edition


---------------------
; Table of Contents ;
---------------------
  1. Legal Notice
  2. Fitter Summary
  3. Fitter Settings
  4. Parallel Compilation
  5. Fitter Netlist Optimizations
  6. Ignored Assignments
  7. Incremental Compilation Preservation Summary
  8. Incremental Compilation Partition Settings
  9. Incremental Compilation Placement Preservation
 10. Pin-Out File
 11. Fitter Resource Usage Summary
 12. Fitter Partition Statistics
 13. Input Pins
 14. Output Pins
 15. Bidir Pins
 16. I/O Bank Usage
 17. All Package Pins
 18. I/O Assignment Warnings
 19. Fitter Resource Utilization by Entity
 20. Delay Chain Summary
 21. Pad To Core Delay Chain Fanout
 22. Control Signals
 23. Fitter RAM Summary
 24. Fitter DSP Block Usage Summary
 25. DSP Block Details
 26. Routing Usage Summary
 27. I/O Rules Summary
 28. I/O Rules Details
 29. I/O Rules Matrix
 30. Fitter Device Options
 31. Operating Settings and Conditions
 32. Estimated Delay Added for Hold Timing Summary
 33. Estimated Delay Added for Hold Timing Details
 34. Fitter Messages
 35. Fitter Suppressed Messages



----------------
; Legal Notice ;
----------------
Copyright (C) 2025  Altera Corporation. All rights reserved.
Your use of Altera Corporation's design tools, logic functions 
and other software and tools, and any partner logic 
functions, and any output files from any of the foregoing 
(including device programming or simulation files), and any 
associated documentation or information are expressly subject 
to the terms and conditions of the Altera Program License 
Subscription Agreement, the Altera Quartus Prime License Agreement,
the Altera IP License Agreement, or other applicable license
agreement, including, without limitation, that your use is for
the sole purpose of programming logic devices manufactured by
Altera and sold by Altera or its authorized distributors.  Please
refer to the Altera Software License Subscription Agreements 
on the Quartus Prime software download page.



+-----------------------------------------------------------------------------------+
; Fitter Summary                                                                    ;
+---------------------------------+-------------------------------------------------+
; Fitter Status                   ; Successful - Thu May 28 22:05:17 2026           ;
; Quartus Prime Version           ; 24.1std.0 Build 1077 03/04/2025 SC Lite Edition ;
; Revision Name                   ; de0_cv_default                                  ;
; Top-level Entity Name           ; de0_cv_default                                  ;
; Family                          ; Cyclone V                                       ;
; Device                          ; 5CEBA4F23C7                                     ;
; Timing Models                   ; Final                                           ;
; Logic utilization (in ALMs)     ; 1,569 / 18,480 ( 8 % )                          ;
; Total registers                 ; 468                                             ;
; Total pins                      ; 84 / 224 ( 38 % )                               ;
; Total virtual pins              ; 0                                               ;
; Total block memory bits         ; 37,904 / 3,153,920 ( 1 % )                      ;
; Total RAM Blocks                ; 12 / 308 ( 4 % )                                ;
; Total DSP Blocks                ; 8 / 66 ( 12 % )                                 ;
; Total HSSI RX PCSs              ; 0                                               ;
; Total HSSI PMA RX Deserializers ; 0                                               ;
; Total HSSI TX PCSs              ; 0                                               ;
; Total HSSI PMA TX Serializers   ; 0                                               ;
; Total PLLs                      ; 0 / 4 ( 0 % )                                   ;
; Total DLLs                      ; 0 / 4 ( 0 % )                                   ;
+---------------------------------+-------------------------------------------------+


+----------------------------------------------------------------------------------------------------------------------------------------------------+
; Fitter Settings                                                                                                                                    ;
+--------------------------------------------------------------------+---------------------------------------+---------------------------------------+
; Option                                                             ; Setting                               ; Default Value                         ;
+--------------------------------------------------------------------+---------------------------------------+---------------------------------------+
; Device                                                             ; 5CEBA4F23C7                           ;                                       ;
; Minimum Core Junction Temperature                                  ; 0                                     ;                                       ;
; Maximum Core Junction Temperature                                  ; 85                                    ;                                       ;
; Use smart compilation                                              ; Off                                   ; Off                                   ;
; Enable parallel Assembler and Timing Analyzer during compilation   ; On                                    ; On                                    ;
; Enable compact report table                                        ; Off                                   ; Off                                   ;
; Router Timing Optimization Level                                   ; Normal                                ; Normal                                ;
; Perform Clocking Topology Analysis During Routing                  ; Off                                   ; Off                                   ;
; Placement Effort Multiplier                                        ; 1.0                                   ; 1.0                                   ;
; Device initialization clock source                                 ; INIT_INTOSC                           ; INIT_INTOSC                           ;
; Optimize Hold Timing                                               ; All Paths                             ; All Paths                             ;
; Optimize Multi-Corner Timing                                       ; On                                    ; On                                    ;
; Auto RAM to MLAB Conversion                                        ; On                                    ; On                                    ;
; Equivalent RAM and MLAB Power Up                                   ; Auto                                  ; Auto                                  ;
; Equivalent RAM and MLAB Paused Read Capabilities                   ; Care                                  ; Care                                  ;
; Power Optimization During Fitting                                  ; Normal compilation                    ; Normal compilation                    ;
; SSN Optimization                                                   ; Off                                   ; Off                                   ;
; Optimize Timing                                                    ; Normal compilation                    ; Normal compilation                    ;
; Optimize Timing for ECOs                                           ; Off                                   ; Off                                   ;
; Regenerate Full Fit Report During ECO Compiles                     ; Off                                   ; Off                                   ;
; Optimize IOC Register Placement for Timing                         ; Normal                                ; Normal                                ;
; Final Placement Optimizations                                      ; Automatically                         ; Automatically                         ;
; Fitter Aggressive Routability Optimizations                        ; Automatically                         ; Automatically                         ;
; Fitter Initial Placement Seed                                      ; 1                                     ; 1                                     ;
; Periphery to Core Placement and Routing Optimization               ; Off                                   ; Off                                   ;
; Weak Pull-Up Resistor                                              ; Off                                   ; Off                                   ;
; Enable Bus-Hold Circuitry                                          ; Off                                   ; Off                                   ;
; Auto Packed Registers                                              ; Auto                                  ; Auto                                  ;
; Auto Delay Chains                                                  ; On                                    ; On                                    ;
; Auto Delay Chains for High Fanout Input Pins                       ; Off                                   ; Off                                   ;
; Treat Bidirectional Pin as Output Pin                              ; Off                                   ; Off                                   ;
; Perform Physical Synthesis for Combinational Logic for Fitting     ; Off                                   ; Off                                   ;
; Perform Physical Synthesis for Combinational Logic for Performance ; Off                                   ; Off                                   ;
; Perform Register Duplication for Performance                       ; Off                                   ; Off                                   ;
; Perform Register Retiming for Performance                          ; Off                                   ; Off                                   ;
; Perform Asynchronous Signal Pipelining                             ; Off                                   ; Off                                   ;
; Fitter Effort                                                      ; Auto Fit                              ; Auto Fit                              ;
; Physical Synthesis Effort Level                                    ; Normal                                ; Normal                                ;
; Logic Cell Insertion - Logic Duplication                           ; Auto                                  ; Auto                                  ;
; Auto Register Duplication                                          ; Auto                                  ; Auto                                  ;
; Auto Global Clock                                                  ; On                                    ; On                                    ;
; Auto Global Register Control Signals                               ; On                                    ; On                                    ;
; Reserve all unused pins                                            ; As input tri-stated with weak pull-up ; As input tri-stated with weak pull-up ;
; Synchronizer Identification                                        ; Auto                                  ; Auto                                  ;
; Enable Beneficial Skew Optimization                                ; On                                    ; On                                    ;
; Optimize Design for Metastability                                  ; On                                    ; On                                    ;
; Active Serial clock source                                         ; FREQ_100MHz                           ; FREQ_100MHz                           ;
; Force Fitter to Avoid Periphery Placement Warnings                 ; Off                                   ; Off                                   ;
; Clamping Diode                                                     ; Off                                   ; Off                                   ;
; Enable input tri-state on active configuration pins in user mode   ; Off                                   ; Off                                   ;
; Advanced Physical Optimization                                     ; On                                    ; On                                    ;
+--------------------------------------------------------------------+---------------------------------------+---------------------------------------+


+------------------------------------------+
; Parallel Compilation                     ;
+----------------------------+-------------+
; Processors                 ; Number      ;
+----------------------------+-------------+
; Number detected on machine ; 8           ;
; Maximum allowed            ; 4           ;
;                            ;             ;
; Average used               ; 1.34        ;
; Maximum used               ; 4           ;
;                            ;             ;
; Usage by Processor         ; % Time Used ;
;     Processor 1            ; 100.0%      ;
;     Processor 2            ;  12.1%      ;
;     Processor 3            ;  10.9%      ;
;     Processor 4            ;  10.7%      ;
+----------------------------+-------------+


+----------------------------------------------------------------------------------------------------------------------------------------------------------------------------------------------------------------------------------------------------------------------------------------------------------------+
; Fitter Netlist Optimizations                                                                                                                                                                                                                                                                                   ;
+-----------------------------------------+-----------------+---------------------------------------------------+--------------------------+-----------+----------------+---------------------------------------------------------------------------------------------+------------------+-----------------------+
; Node                                    ; Action          ; Operation                                         ; Reason                   ; Node Port ; Node Port Name ; Destination Node                                                                            ; Destination Port ; Destination Port Name ;
+-----------------------------------------+-----------------+---------------------------------------------------+--------------------------+-----------+----------------+---------------------------------------------------------------------------------------------+------------------+-----------------------+
; layers[5].rgb[0]                        ; Packed Register ; Register Packing                                  ; Timing optimization      ; Q         ;                ; sprite_rom:ground_rom|altsyncram:altsyncram_component|altsyncram_2gc1:auto_generated|q_a[0] ; PORTADATAOUT     ;                       ;
; layers[5].rgb[1]                        ; Packed Register ; Register Packing                                  ; Timing optimization      ; Q         ;                ; sprite_rom:ground_rom|altsyncram:altsyncram_component|altsyncram_2gc1:auto_generated|q_a[1] ; PORTADATAOUT     ;                       ;
; layers[5].rgb[2]                        ; Packed Register ; Register Packing                                  ; Timing optimization      ; Q         ;                ; sprite_rom:ground_rom|altsyncram:altsyncram_component|altsyncram_2gc1:auto_generated|q_a[2] ; PORTADATAOUT     ;                       ;
; MOUSE:mouse_inst|filter[1]              ; Duplicated      ; Router Logic Cell Insertion and Logic Duplication ; Routability optimization ;           ;                ; MOUSE:mouse_inst|filter[1]~DUPLICATE                                                        ;                  ;                       ;
; MOUSE:mouse_inst|filter[2]              ; Duplicated      ; Router Logic Cell Insertion and Logic Duplication ; Routability optimization ;           ;                ; MOUSE:mouse_inst|filter[2]~DUPLICATE                                                        ;                  ;                       ;
; MOUSE:mouse_inst|filter[3]              ; Duplicated      ; Router Logic Cell Insertion and Logic Duplication ; Routability optimization ;           ;                ; MOUSE:mouse_inst|filter[3]~DUPLICATE                                                        ;                  ;                       ;
; MOUSE:mouse_inst|filter[4]              ; Duplicated      ; Router Logic Cell Insertion and Logic Duplication ; Routability optimization ;           ;                ; MOUSE:mouse_inst|filter[4]~DUPLICATE                                                        ;                  ;                       ;
; MOUSE:mouse_inst|filter[5]              ; Duplicated      ; Router Logic Cell Insertion and Logic Duplication ; Routability optimization ;           ;                ; MOUSE:mouse_inst|filter[5]~DUPLICATE                                                        ;                  ;                       ;
; MOUSE:mouse_inst|inhibit_wait_count[0]  ; Duplicated      ; Router Logic Cell Insertion and Logic Duplication ; Routability optimization ;           ;                ; MOUSE:mouse_inst|inhibit_wait_count[0]~DUPLICATE                                            ;                  ;                       ;
; MOUSE:mouse_inst|inhibit_wait_count[10] ; Duplicated      ; Router Logic Cell Insertion and Logic Duplication ; Routability optimization ;           ;                ; MOUSE:mouse_inst|inhibit_wait_count[10]~DUPLICATE                                           ;                  ;                       ;
; VGA_SYNC:vga_sync_inst|h_count[5]       ; Duplicated      ; Router Logic Cell Insertion and Logic Duplication ; Routability optimization ;           ;                ; VGA_SYNC:vga_sync_inst|h_count[5]~DUPLICATE                                                 ;                  ;                       ;
; VGA_SYNC:vga_sync_inst|pixel_column[4]  ; Duplicated      ; Router Logic Cell Insertion and Logic Duplication ; Routability optimization ;           ;                ; VGA_SYNC:vga_sync_inst|pixel_column[4]~DUPLICATE                                            ;                  ;                       ;
; VGA_SYNC:vga_sync_inst|pixel_column[5]  ; Duplicated      ; Router Logic Cell Insertion and Logic Duplication ; Routability optimization ;           ;                ; VGA_SYNC:vga_sync_inst|pixel_column[5]~DUPLICATE                                            ;                  ;                       ;
; VGA_SYNC:vga_sync_inst|pixel_column[7]  ; Duplicated      ; Router Logic Cell Insertion and Logic Duplication ; Routability optimization ;           ;                ; VGA_SYNC:vga_sync_inst|pixel_column[7]~DUPLICATE                                            ;                  ;                       ;
; VGA_SYNC:vga_sync_inst|pixel_row[0]     ; Duplicated      ; Router Logic Cell Insertion and Logic Duplication ; Routability optimization ;           ;                ; VGA_SYNC:vga_sync_inst|pixel_row[0]~DUPLICATE                                               ;                  ;                       ;
+-----------------------------------------+-----------------+---------------------------------------------------+--------------------------+-----------+----------------+---------------------------------------------------------------------------------------------+------------------+-----------------------+


+-------------------------------------------------------------------------------------------+
; Ignored Assignments                                                                       ;
+----------+----------------+--------------+---------------+---------------+----------------+
; Name     ; Ignored Entity ; Ignored From ; Ignored To    ; Ignored Value ; Ignored Source ;
+----------+----------------+--------------+---------------+---------------+----------------+
; Location ;                ;              ; CLOCK2_50     ; PIN_H13       ; QSF Assignment ;
; Location ;                ;              ; CLOCK3_50     ; PIN_E10       ; QSF Assignment ;
; Location ;                ;              ; CLOCK4_50     ; PIN_V15       ; QSF Assignment ;
; Location ;                ;              ; DRAM_ADDR[0]  ; PIN_W8        ; QSF Assignment ;
; Location ;                ;              ; DRAM_ADDR[10] ; PIN_U8        ; QSF Assignment ;
; Location ;                ;              ; DRAM_ADDR[11] ; PIN_P6        ; QSF Assignment ;
; Location ;                ;              ; DRAM_ADDR[12] ; PIN_R7        ; QSF Assignment ;
; Location ;                ;              ; DRAM_ADDR[1]  ; PIN_T8        ; QSF Assignment ;
; Location ;                ;              ; DRAM_ADDR[2]  ; PIN_U11       ; QSF Assignment ;
; Location ;                ;              ; DRAM_ADDR[3]  ; PIN_Y10       ; QSF Assignment ;
; Location ;                ;              ; DRAM_ADDR[4]  ; PIN_N6        ; QSF Assignment ;
; Location ;                ;              ; DRAM_ADDR[5]  ; PIN_AB10      ; QSF Assignment ;
; Location ;                ;              ; DRAM_ADDR[6]  ; PIN_P12       ; QSF Assignment ;
; Location ;                ;              ; DRAM_ADDR[7]  ; PIN_P7        ; QSF Assignment ;
; Location ;                ;              ; DRAM_ADDR[8]  ; PIN_P8        ; QSF Assignment ;
; Location ;                ;              ; DRAM_ADDR[9]  ; PIN_R5        ; QSF Assignment ;
; Location ;                ;              ; DRAM_BA[0]    ; PIN_T7        ; QSF Assignment ;
; Location ;                ;              ; DRAM_BA[1]    ; PIN_AB7       ; QSF Assignment ;
; Location ;                ;              ; DRAM_CAS_N    ; PIN_V6        ; QSF Assignment ;
; Location ;                ;              ; DRAM_CKE      ; PIN_R6        ; QSF Assignment ;
; Location ;                ;              ; DRAM_CLK      ; PIN_AB11      ; QSF Assignment ;
; Location ;                ;              ; DRAM_CS_N     ; PIN_U6        ; QSF Assignment ;
; Location ;                ;              ; DRAM_DQ[0]    ; PIN_Y9        ; QSF Assignment ;
; Location ;                ;              ; DRAM_DQ[10]   ; PIN_AA8       ; QSF Assignment ;
; Location ;                ;              ; DRAM_DQ[11]   ; PIN_AA7       ; QSF Assignment ;
; Location ;                ;              ; DRAM_DQ[12]   ; PIN_V10       ; QSF Assignment ;
; Location ;                ;              ; DRAM_DQ[13]   ; PIN_V9        ; QSF Assignment ;
; Location ;                ;              ; DRAM_DQ[14]   ; PIN_U10       ; QSF Assignment ;
; Location ;                ;              ; DRAM_DQ[15]   ; PIN_T9        ; QSF Assignment ;
; Location ;                ;              ; DRAM_DQ[1]    ; PIN_T10       ; QSF Assignment ;
; Location ;                ;              ; DRAM_DQ[2]    ; PIN_R9        ; QSF Assignment ;
; Location ;                ;              ; DRAM_DQ[3]    ; PIN_Y11       ; QSF Assignment ;
; Location ;                ;              ; DRAM_DQ[4]    ; PIN_R10       ; QSF Assignment ;
; Location ;                ;              ; DRAM_DQ[5]    ; PIN_R11       ; QSF Assignment ;
; Location ;                ;              ; DRAM_DQ[6]    ; PIN_R12       ; QSF Assignment ;
; Location ;                ;              ; DRAM_DQ[7]    ; PIN_AA12      ; QSF Assignment ;
; Location ;                ;              ; DRAM_DQ[8]    ; PIN_AA9       ; QSF Assignment ;
; Location ;                ;              ; DRAM_DQ[9]    ; PIN_AB8       ; QSF Assignment ;
; Location ;                ;              ; DRAM_LDQM     ; PIN_U12       ; QSF Assignment ;
; Location ;                ;              ; DRAM_RAS_N    ; PIN_AB6       ; QSF Assignment ;
; Location ;                ;              ; DRAM_UDQM     ; PIN_N8        ; QSF Assignment ;
; Location ;                ;              ; DRAM_WE_N     ; PIN_AB5       ; QSF Assignment ;
; Location ;                ;              ; GPIO_0[0]     ; PIN_N16       ; QSF Assignment ;
; Location ;                ;              ; GPIO_0[10]    ; PIN_N21       ; QSF Assignment ;
; Location ;                ;              ; GPIO_0[11]    ; PIN_R22       ; QSF Assignment ;
; Location ;                ;              ; GPIO_0[12]    ; PIN_R21       ; QSF Assignment ;
; Location ;                ;              ; GPIO_0[13]    ; PIN_T22       ; QSF Assignment ;
; Location ;                ;              ; GPIO_0[14]    ; PIN_N20       ; QSF Assignment ;
; Location ;                ;              ; GPIO_0[15]    ; PIN_N19       ; QSF Assignment ;
; Location ;                ;              ; GPIO_0[16]    ; PIN_M22       ; QSF Assignment ;
; Location ;                ;              ; GPIO_0[17]    ; PIN_P19       ; QSF Assignment ;
; Location ;                ;              ; GPIO_0[18]    ; PIN_L22       ; QSF Assignment ;
; Location ;                ;              ; GPIO_0[19]    ; PIN_P17       ; QSF Assignment ;
; Location ;                ;              ; GPIO_0[1]     ; PIN_B16       ; QSF Assignment ;
; Location ;                ;              ; GPIO_0[20]    ; PIN_P16       ; QSF Assignment ;
; Location ;                ;              ; GPIO_0[21]    ; PIN_M18       ; QSF Assignment ;
; Location ;                ;              ; GPIO_0[22]    ; PIN_L18       ; QSF Assignment ;
; Location ;                ;              ; GPIO_0[23]    ; PIN_L17       ; QSF Assignment ;
; Location ;                ;              ; GPIO_0[24]    ; PIN_L19       ; QSF Assignment ;
; Location ;                ;              ; GPIO_0[25]    ; PIN_K17       ; QSF Assignment ;
; Location ;                ;              ; GPIO_0[26]    ; PIN_K19       ; QSF Assignment ;
; Location ;                ;              ; GPIO_0[27]    ; PIN_P18       ; QSF Assignment ;
; Location ;                ;              ; GPIO_0[28]    ; PIN_R15       ; QSF Assignment ;
; Location ;                ;              ; GPIO_0[29]    ; PIN_R17       ; QSF Assignment ;
; Location ;                ;              ; GPIO_0[2]     ; PIN_M16       ; QSF Assignment ;
; Location ;                ;              ; GPIO_0[30]    ; PIN_R16       ; QSF Assignment ;
; Location ;                ;              ; GPIO_0[31]    ; PIN_T20       ; QSF Assignment ;
; Location ;                ;              ; GPIO_0[32]    ; PIN_T19       ; QSF Assignment ;
; Location ;                ;              ; GPIO_0[33]    ; PIN_T18       ; QSF Assignment ;
; Location ;                ;              ; GPIO_0[34]    ; PIN_T17       ; QSF Assignment ;
; Location ;                ;              ; GPIO_0[35]    ; PIN_T15       ; QSF Assignment ;
; Location ;                ;              ; GPIO_0[3]     ; PIN_C16       ; QSF Assignment ;
; Location ;                ;              ; GPIO_0[4]     ; PIN_D17       ; QSF Assignment ;
; Location ;                ;              ; GPIO_0[5]     ; PIN_K20       ; QSF Assignment ;
; Location ;                ;              ; GPIO_0[6]     ; PIN_K21       ; QSF Assignment ;
; Location ;                ;              ; GPIO_0[7]     ; PIN_K22       ; QSF Assignment ;
; Location ;                ;              ; GPIO_0[8]     ; PIN_M20       ; QSF Assignment ;
; Location ;                ;              ; GPIO_0[9]     ; PIN_M21       ; QSF Assignment ;
; Location ;                ;              ; GPIO_1[0]     ; PIN_H16       ; QSF Assignment ;
; Location ;                ;              ; GPIO_1[10]    ; PIN_H18       ; QSF Assignment ;
; Location ;                ;              ; GPIO_1[11]    ; PIN_J18       ; QSF Assignment ;
; Location ;                ;              ; GPIO_1[12]    ; PIN_J19       ; QSF Assignment ;
; Location ;                ;              ; GPIO_1[13]    ; PIN_G11       ; QSF Assignment ;
; Location ;                ;              ; GPIO_1[14]    ; PIN_H10       ; QSF Assignment ;
; Location ;                ;              ; GPIO_1[15]    ; PIN_J11       ; QSF Assignment ;
; Location ;                ;              ; GPIO_1[16]    ; PIN_H14       ; QSF Assignment ;
; Location ;                ;              ; GPIO_1[17]    ; PIN_A15       ; QSF Assignment ;
; Location ;                ;              ; GPIO_1[18]    ; PIN_J13       ; QSF Assignment ;
; Location ;                ;              ; GPIO_1[19]    ; PIN_L8        ; QSF Assignment ;
; Location ;                ;              ; GPIO_1[1]     ; PIN_A12       ; QSF Assignment ;
; Location ;                ;              ; GPIO_1[20]    ; PIN_A14       ; QSF Assignment ;
; Location ;                ;              ; GPIO_1[21]    ; PIN_B15       ; QSF Assignment ;
; Location ;                ;              ; GPIO_1[22]    ; PIN_C15       ; QSF Assignment ;
; Location ;                ;              ; GPIO_1[23]    ; PIN_E14       ; QSF Assignment ;
; Location ;                ;              ; GPIO_1[24]    ; PIN_E15       ; QSF Assignment ;
; Location ;                ;              ; GPIO_1[25]    ; PIN_E16       ; QSF Assignment ;
; Location ;                ;              ; GPIO_1[26]    ; PIN_F14       ; QSF Assignment ;
; Location ;                ;              ; GPIO_1[27]    ; PIN_F15       ; QSF Assignment ;
; Location ;                ;              ; GPIO_1[28]    ; PIN_F13       ; QSF Assignment ;
; Location ;                ;              ; GPIO_1[29]    ; PIN_F12       ; QSF Assignment ;
; Location ;                ;              ; GPIO_1[2]     ; PIN_H15       ; QSF Assignment ;
; Location ;                ;              ; GPIO_1[30]    ; PIN_G16       ; QSF Assignment ;
; Location ;                ;              ; GPIO_1[31]    ; PIN_G15       ; QSF Assignment ;
; Location ;                ;              ; GPIO_1[32]    ; PIN_G13       ; QSF Assignment ;
; Location ;                ;              ; GPIO_1[33]    ; PIN_G12       ; QSF Assignment ;
; Location ;                ;              ; GPIO_1[34]    ; PIN_J17       ; QSF Assignment ;
; Location ;                ;              ; GPIO_1[35]    ; PIN_K16       ; QSF Assignment ;
; Location ;                ;              ; GPIO_1[3]     ; PIN_B12       ; QSF Assignment ;
; Location ;                ;              ; GPIO_1[4]     ; PIN_A13       ; QSF Assignment ;
; Location ;                ;              ; GPIO_1[5]     ; PIN_B13       ; QSF Assignment ;
; Location ;                ;              ; GPIO_1[6]     ; PIN_C13       ; QSF Assignment ;
; Location ;                ;              ; GPIO_1[7]     ; PIN_D13       ; QSF Assignment ;
; Location ;                ;              ; GPIO_1[8]     ; PIN_G18       ; QSF Assignment ;
; Location ;                ;              ; GPIO_1[9]     ; PIN_G17       ; QSF Assignment ;
; Location ;                ;              ; LEDR[0]       ; PIN_AA2       ; QSF Assignment ;
; Location ;                ;              ; LEDR[1]       ; PIN_AA1       ; QSF Assignment ;
; Location ;                ;              ; LEDR[2]       ; PIN_W2        ; QSF Assignment ;
; Location ;                ;              ; LEDR[3]       ; PIN_Y3        ; QSF Assignment ;
; Location ;                ;              ; LEDR[4]       ; PIN_N2        ; QSF Assignment ;
; Location ;                ;              ; LEDR[5]       ; PIN_N1        ; QSF Assignment ;
; Location ;                ;              ; LEDR[6]       ; PIN_U2        ; QSF Assignment ;
; Location ;                ;              ; LEDR[7]       ; PIN_U1        ; QSF Assignment ;
; Location ;                ;              ; LEDR[8]       ; PIN_L2        ; QSF Assignment ;
; Location ;                ;              ; LEDR[9]       ; PIN_L1        ; QSF Assignment ;
; Location ;                ;              ; PS2_CLK2      ; PIN_E2        ; QSF Assignment ;
; Location ;                ;              ; PS2_DAT2      ; PIN_G1        ; QSF Assignment ;
; Location ;                ;              ; SD_CLK        ; PIN_H11       ; QSF Assignment ;
; Location ;                ;              ; SD_CMD        ; PIN_B11       ; QSF Assignment ;
; Location ;                ;              ; SD_DATA[0]    ; PIN_K9        ; QSF Assignment ;
; Location ;                ;              ; SD_DATA[1]    ; PIN_D12       ; QSF Assignment ;
; Location ;                ;              ; SD_DATA[2]    ; PIN_E12       ; QSF Assignment ;
; Location ;                ;              ; SD_DATA[3]    ; PIN_C11       ; QSF Assignment ;
+----------+----------------+--------------+---------------+---------------+----------------+


+---------------------------------------------------------------------------------------------------+
; Incremental Compilation Preservation Summary                                                      ;
+---------------------+---------------------+----------------------------+--------------------------+
; Type                ; Total [A + B]       ; From Design Partitions [A] ; From Rapid Recompile [B] ;
+---------------------+---------------------+----------------------------+--------------------------+
; Placement (by node) ;                     ;                            ;                          ;
;     -- Requested    ; 0.00 % ( 0 / 3352 ) ; 0.00 % ( 0 / 3352 )        ; 0.00 % ( 0 / 3352 )      ;
;     -- Achieved     ; 0.00 % ( 0 / 3352 ) ; 0.00 % ( 0 / 3352 )        ; 0.00 % ( 0 / 3352 )      ;
;                     ;                     ;                            ;                          ;
; Routing (by net)    ;                     ;                            ;                          ;
;     -- Requested    ; 0.00 % ( 0 / 0 )    ; 0.00 % ( 0 / 0 )           ; 0.00 % ( 0 / 0 )         ;
;     -- Achieved     ; 0.00 % ( 0 / 0 )    ; 0.00 % ( 0 / 0 )           ; 0.00 % ( 0 / 0 )         ;
+---------------------+---------------------+----------------------------+--------------------------+


+----------------------------------------------------------------------------------------------------------------------------------------------------------------------------------------+
; Incremental Compilation Partition Settings                                                                                                                                             ;
+--------------------------------+----------------+-------------------+-------------------------+------------------------+------------------------------+--------------------------------+
; Partition Name                 ; Partition Type ; Netlist Type Used ; Preservation Level Used ; Netlist Type Requested ; Preservation Level Requested ; Contents                       ;
+--------------------------------+----------------+-------------------+-------------------------+------------------------+------------------------------+--------------------------------+
; Top                            ; User-created   ; Source File       ; N/A                     ; Source File            ; N/A                          ;                                ;
; hard_block:auto_generated_inst ; Auto-generated ; Source File       ; N/A                     ; Source File            ; N/A                          ; hard_block:auto_generated_inst ;
+--------------------------------+----------------+-------------------+-------------------------+------------------------+------------------------------+--------------------------------+


+------------------------------------------------------------------------------------------------------------------------------------+
; Incremental Compilation Placement Preservation                                                                                     ;
+--------------------------------+-----------------------+-------------------------+-------------------+---------------------+-------+
; Partition Name                 ; Preservation Achieved ; Preservation Level Used ; Netlist Type Used ; Preservation Method ; Notes ;
+--------------------------------+-----------------------+-------------------------+-------------------+---------------------+-------+
; Top                            ; 0.00 % ( 0 / 3352 )   ; N/A                     ; Source File       ; N/A                 ;       ;
; hard_block:auto_generated_inst ; 0.00 % ( 0 / 0 )      ; N/A                     ; Source File       ; N/A                 ;       ;
+--------------------------------+-----------------------+-------------------------+-------------------+---------------------+-------+


+--------------+
; Pin-Out File ;
+--------------+
The pin-out file can be found in C:/Users/skipp/Desktop/COMPSYS-305-group-35-mini-project/alex/output_files/de0_cv_default.pin.


+---------------------------------------------------------------------------------------------+
; Fitter Resource Usage Summary                                                               ;
+-------------------------------------------------------------+-----------------------+-------+
; Resource                                                    ; Usage                 ; %     ;
+-------------------------------------------------------------+-----------------------+-------+
; Logic utilization (ALMs needed / total ALMs on device)      ; 1,569 / 18,480        ; 8 %   ;
; ALMs needed [=A-B+C]                                        ; 1,569                 ;       ;
;     [A] ALMs used in final placement [=a+b+c+d]             ; 1,639 / 18,480        ; 9 %   ;
;         [a] ALMs used for LUT logic and registers           ; 183                   ;       ;
;         [b] ALMs used for LUT logic                         ; 1,411                 ;       ;
;         [c] ALMs used for registers                         ; 45                    ;       ;
;         [d] ALMs used for memory (up to half of total ALMs) ; 0                     ;       ;
;     [B] Estimate of ALMs recoverable by dense packing       ; 103 / 18,480          ; < 1 % ;
;     [C] Estimate of ALMs unavailable [=a+b+c+d]             ; 33 / 18,480           ; < 1 % ;
;         [a] Due to location constrained logic               ; 0                     ;       ;
;         [b] Due to LAB-wide signal conflicts                ; 0                     ;       ;
;         [c] Due to LAB input limits                         ; 33                    ;       ;
;         [d] Due to virtual I/Os                             ; 0                     ;       ;
;                                                             ;                       ;       ;
; Difficulty packing design                                   ; Low                   ;       ;
;                                                             ;                       ;       ;
; Total LABs:  partially or completely used                   ; 206 / 1,848           ; 11 %  ;
;     -- Logic LABs                                           ; 206                   ;       ;
;     -- Memory LABs (up to half of total LABs)               ; 0                     ;       ;
;                                                             ;                       ;       ;
; Combinational ALUT usage for logic                          ; 2,640                 ;       ;
;     -- 7 input functions                                    ; 27                    ;       ;
;     -- 6 input functions                                    ; 447                   ;       ;
;     -- 5 input functions                                    ; 299                   ;       ;
;     -- 4 input functions                                    ; 238                   ;       ;
;     -- <=3 input functions                                  ; 1,629                 ;       ;
; Combinational ALUT usage for route-throughs                 ; 19                    ;       ;
;                                                             ;                       ;       ;
; Dedicated logic registers                                   ; 468                   ;       ;
;     -- By type:                                             ;                       ;       ;
;         -- Primary logic registers                          ; 456 / 36,960          ; 1 %   ;
;         -- Secondary logic registers                        ; 12 / 36,960           ; < 1 % ;
;     -- By function:                                         ;                       ;       ;
;         -- Design implementation registers                  ; 456                   ;       ;
;         -- Routing optimization registers                   ; 12                    ;       ;
;                                                             ;                       ;       ;
; Virtual pins                                                ; 0                     ;       ;
; I/O pins                                                    ; 84 / 224              ; 38 %  ;
;     -- Clock pins                                           ; 5 / 9                 ; 56 %  ;
;     -- Dedicated input pins                                 ; 0 / 11                ; 0 %   ;
;                                                             ;                       ;       ;
; M10K blocks                                                 ; 12 / 308              ; 4 %   ;
; Total MLAB memory bits                                      ; 0                     ;       ;
; Total block memory bits                                     ; 37,904 / 3,153,920    ; 1 %   ;
; Total block memory implementation bits                      ; 122,880 / 3,153,920   ; 4 %   ;
;                                                             ;                       ;       ;
; Total DSP Blocks                                            ; 8 / 66                ; 12 %  ;
;                                                             ;                       ;       ;
; Fractional PLLs                                             ; 0 / 4                 ; 0 %   ;
; Global signals                                              ; 0                     ;       ;
;     -- Global clocks                                        ; 0 / 16                ; 0 %   ;
;     -- Quadrant clocks                                      ; 0 / 88                ; 0 %   ;
; SERDES Transmitters                                         ; 0 / 68                ; 0 %   ;
; SERDES Receivers                                            ; 0 / 68                ; 0 %   ;
; JTAGs                                                       ; 0 / 1                 ; 0 %   ;
; ASMI blocks                                                 ; 0 / 1                 ; 0 %   ;
; CRC blocks                                                  ; 0 / 1                 ; 0 %   ;
; Remote update blocks                                        ; 0 / 1                 ; 0 %   ;
; Oscillator blocks                                           ; 0 / 1                 ; 0 %   ;
; Impedance control blocks                                    ; 0 / 3                 ; 0 %   ;
; Average interconnect usage (total/H/V)                      ; 3.5% / 3.5% / 3.6%    ;       ;
; Peak interconnect usage (total/H/V)                         ; 29.1% / 28.9% / 29.5% ;       ;
; Maximum fan-out                                             ; 379                   ;       ;
; Highest non-global fan-out                                  ; 379                   ;       ;
; Total fan-out                                               ; 10817                 ;       ;
; Average fan-out                                             ; 3.26                  ;       ;
+-------------------------------------------------------------+-----------------------+-------+


+----------------------------------------------------------------------------------------------------------------------+
; Fitter Partition Statistics                                                                                          ;
+-------------------------------------------------------------+-----------------------+--------------------------------+
; Statistic                                                   ; Top                   ; hard_block:auto_generated_inst ;
+-------------------------------------------------------------+-----------------------+--------------------------------+
; Logic utilization (ALMs needed / total ALMs on device)      ; 1569 / 18480 ( 8 % )  ; 0 / 18480 ( 0 % )              ;
; ALMs needed [=A-B+C]                                        ; 1569                  ; 0                              ;
;     [A] ALMs used in final placement [=a+b+c+d]             ; 1639 / 18480 ( 9 % )  ; 0 / 18480 ( 0 % )              ;
;         [a] ALMs used for LUT logic and registers           ; 183                   ; 0                              ;
;         [b] ALMs used for LUT logic                         ; 1411                  ; 0                              ;
;         [c] ALMs used for registers                         ; 45                    ; 0                              ;
;         [d] ALMs used for memory (up to half of total ALMs) ; 0                     ; 0                              ;
;     [B] Estimate of ALMs recoverable by dense packing       ; 103 / 18480 ( < 1 % ) ; 0 / 18480 ( 0 % )              ;
;     [C] Estimate of ALMs unavailable [=a+b+c+d]             ; 33 / 18480 ( < 1 % )  ; 0 / 18480 ( 0 % )              ;
;         [a] Due to location constrained logic               ; 0                     ; 0                              ;
;         [b] Due to LAB-wide signal conflicts                ; 0                     ; 0                              ;
;         [c] Due to LAB input limits                         ; 33                    ; 0                              ;
;         [d] Due to virtual I/Os                             ; 0                     ; 0                              ;
;                                                             ;                       ;                                ;
; Difficulty packing design                                   ; Low                   ; Low                            ;
;                                                             ;                       ;                                ;
; Total LABs:  partially or completely used                   ; 206 / 1848 ( 11 % )   ; 0 / 1848 ( 0 % )               ;
;     -- Logic LABs                                           ; 206                   ; 0                              ;
;     -- Memory LABs (up to half of total LABs)               ; 0                     ; 0                              ;
;                                                             ;                       ;                                ;
; Combinational ALUT usage for logic                          ; 2640                  ; 0                              ;
;     -- 7 input functions                                    ; 27                    ; 0                              ;
;     -- 6 input functions                                    ; 447                   ; 0                              ;
;     -- 5 input functions                                    ; 299                   ; 0                              ;
;     -- 4 input functions                                    ; 238                   ; 0                              ;
;     -- <=3 input functions                                  ; 1629                  ; 0                              ;
; Combinational ALUT usage for route-throughs                 ; 19                    ; 0                              ;
; Memory ALUT usage                                           ; 0                     ; 0                              ;
;     -- 64-address deep                                      ; 0                     ; 0                              ;
;     -- 32-address deep                                      ; 0                     ; 0                              ;
;                                                             ;                       ;                                ;
; Dedicated logic registers                                   ; 0                     ; 0                              ;
;     -- By type:                                             ;                       ;                                ;
;         -- Primary logic registers                          ; 456 / 36960 ( 1 % )   ; 0 / 36960 ( 0 % )              ;
;         -- Secondary logic registers                        ; 12 / 36960 ( < 1 % )  ; 0 / 36960 ( 0 % )              ;
;     -- By function:                                         ;                       ;                                ;
;         -- Design implementation registers                  ; 456                   ; 0                              ;
;         -- Routing optimization registers                   ; 12                    ; 0                              ;
;                                                             ;                       ;                                ;
;                                                             ;                       ;                                ;
; Virtual pins                                                ; 0                     ; 0                              ;
; I/O pins                                                    ; 84                    ; 0                              ;
; I/O registers                                               ; 0                     ; 0                              ;
; Total block memory bits                                     ; 37904                 ; 0                              ;
; Total block memory implementation bits                      ; 122880                ; 0                              ;
; M10K block                                                  ; 12 / 308 ( 3 % )      ; 0 / 308 ( 0 % )                ;
; DSP block                                                   ; 8 / 66 ( 12 % )       ; 0 / 66 ( 0 % )                 ;
;                                                             ;                       ;                                ;
; Connections                                                 ;                       ;                                ;
;     -- Input Connections                                    ; 2                     ; 0                              ;
;     -- Registered Input Connections                         ; 0                     ; 0                              ;
;     -- Output Connections                                   ; 2                     ; 0                              ;
;     -- Registered Output Connections                        ; 0                     ; 0                              ;
;                                                             ;                       ;                                ;
; Internal Connections                                        ;                       ;                                ;
;     -- Total Connections                                    ; 11074                 ; 0                              ;
;     -- Registered Connections                               ; 4229                  ; 0                              ;
;                                                             ;                       ;                                ;
; External Connections                                        ;                       ;                                ;
;     -- Top                                                  ; 4                     ; 0                              ;
;     -- hard_block:auto_generated_inst                       ; 0                     ; 0                              ;
;                                                             ;                       ;                                ;
; Partition Interface                                         ;                       ;                                ;
;     -- Input Ports                                          ; 16                    ; 0                              ;
;     -- Output Ports                                         ; 66                    ; 0                              ;
;     -- Bidir Ports                                          ; 2                     ; 0                              ;
;                                                             ;                       ;                                ;
; Registered Ports                                            ;                       ;                                ;
;     -- Registered Input Ports                               ; 0                     ; 0                              ;
;     -- Registered Output Ports                              ; 0                     ; 0                              ;
;                                                             ;                       ;                                ;
; Port Connectivity                                           ;                       ;                                ;
;     -- Input Ports driven by GND                            ; 0                     ; 0                              ;
;     -- Output Ports driven by GND                           ; 0                     ; 0                              ;
;     -- Input Ports driven by VCC                            ; 0                     ; 0                              ;
;     -- Output Ports driven by VCC                           ; 0                     ; 0                              ;
;     -- Input Ports with no Source                           ; 0                     ; 0                              ;
;     -- Output Ports with no Source                          ; 0                     ; 0                              ;
;     -- Input Ports with no Fanout                           ; 0                     ; 0                              ;
;     -- Output Ports with no Fanout                          ; 0                     ; 0                              ;
+-------------------------------------------------------------+-----------------------+--------------------------------+


+-----------------------------------------------------------------------------------------------------------------------------------------------------------------------------------------------------------------------------------------------------------------------------------------+
; Input Pins                                                                                                                                                                                                                                                                              ;
+----------+-------+----------+--------------+--------------+--------------+-----------------------+--------------------+--------+----------------+-----------------+----------+--------------+--------------+-------------+---------------------------+----------------------+-----------+
; Name     ; Pin # ; I/O Bank ; X coordinate ; Y coordinate ; Z coordinate ; Combinational Fan-Out ; Registered Fan-Out ; Global ; Input Register ; PCI I/O Enabled ; Bus Hold ; Weak Pull Up ; I/O Standard ; Termination ; Termination Control Block ; Location assigned by ; Slew Rate ;
+----------+-------+----------+--------------+--------------+--------------+-----------------------+--------------------+--------+----------------+-----------------+----------+--------------+--------------+-------------+---------------------------+----------------------+-----------+
; clock_50 ; M9    ; 3B       ; 22           ; 0            ; 0            ; 1                     ; 0                  ; no     ; no             ; no              ; no       ; Off          ; 2.5 V        ; Off         ; --                        ; User                 ; no        ;
; key[0]   ; U7    ; 3A       ; 10           ; 0            ; 91           ; 4                     ; 0                  ; no     ; no             ; no              ; no       ; Off          ; 2.5 V        ; Off         ; --                        ; User                 ; no        ;
; key[1]   ; W9    ; 3A       ; 11           ; 0            ; 34           ; 4                     ; 0                  ; no     ; no             ; no              ; no       ; Off          ; 2.5 V        ; Off         ; --                        ; User                 ; no        ;
; key[2]   ; M7    ; 3A       ; 14           ; 0            ; 0            ; 6                     ; 0                  ; no     ; no             ; no              ; no       ; Off          ; 2.5 V        ; Off         ; --                        ; User                 ; no        ;
; key[3]   ; M6    ; 3A       ; 14           ; 0            ; 17           ; 0                     ; 0                  ; no     ; no             ; no              ; no       ; Off          ; 2.5 V        ; Off         ; --                        ; User                 ; no        ;
; reset_n  ; P22   ; 5A       ; 54           ; 16           ; 54           ; 45                    ; 0                  ; no     ; no             ; no              ; no       ; Off          ; 2.5 V        ; Off         ; --                        ; User                 ; no        ;
; sw[0]    ; U13   ; 4A       ; 33           ; 0            ; 40           ; 0                     ; 0                  ; no     ; no             ; no              ; no       ; Off          ; 2.5 V        ; Off         ; --                        ; User                 ; no        ;
; sw[1]    ; V13   ; 4A       ; 33           ; 0            ; 57           ; 0                     ; 0                  ; no     ; no             ; no              ; no       ; Off          ; 2.5 V        ; Off         ; --                        ; User                 ; no        ;
; sw[2]    ; T13   ; 4A       ; 34           ; 0            ; 0            ; 0                     ; 0                  ; no     ; no             ; no              ; no       ; Off          ; 2.5 V        ; Off         ; --                        ; User                 ; no        ;
; sw[3]    ; T12   ; 4A       ; 34           ; 0            ; 17           ; 0                     ; 0                  ; no     ; no             ; no              ; no       ; Off          ; 2.5 V        ; Off         ; --                        ; User                 ; no        ;
; sw[4]    ; AA15  ; 4A       ; 36           ; 0            ; 34           ; 0                     ; 0                  ; no     ; no             ; no              ; no       ; Off          ; 2.5 V        ; Off         ; --                        ; User                 ; no        ;
; sw[5]    ; AB15  ; 4A       ; 36           ; 0            ; 51           ; 0                     ; 0                  ; no     ; no             ; no              ; no       ; Off          ; 2.5 V        ; Off         ; --                        ; User                 ; no        ;
; sw[6]    ; AA14  ; 4A       ; 34           ; 0            ; 51           ; 0                     ; 0                  ; no     ; no             ; no              ; no       ; Off          ; 2.5 V        ; Off         ; --                        ; User                 ; no        ;
; sw[7]    ; AA13  ; 4A       ; 34           ; 0            ; 34           ; 0                     ; 0                  ; no     ; no             ; no              ; no       ; Off          ; 2.5 V        ; Off         ; --                        ; User                 ; no        ;
; sw[8]    ; AB13  ; 4A       ; 33           ; 0            ; 91           ; 0                     ; 0                  ; no     ; no             ; no              ; no       ; Off          ; 2.5 V        ; Off         ; --                        ; User                 ; no        ;
; sw[9]    ; AB12  ; 4A       ; 33           ; 0            ; 74           ; 1                     ; 0                  ; no     ; no             ; no              ; no       ; Off          ; 2.5 V        ; Off         ; --                        ; User                 ; no        ;
+----------+-------+----------+--------------+--------------+--------------+-----------------------+--------------------+--------+----------------+-----------------+----------+--------------+--------------+-------------+---------------------------+----------------------+-----------+


+-----------------------------------------------------------------------------------------------------------------------------------------------------------------------------------------------------------------------------------------------------------------------------------------------------------------------------------------------------------------------------------------------------------------------------------------------------------------------------------------------+
; Output Pins                                                                                                                                                                                                                                                                                                                                                                                                                                                                                   ;
+----------+-------+----------+--------------+--------------+--------------+-----------------+------------------------+-----------+-----------------+------------+---------------+----------+--------------+--------------+------------------+-----------------------------------+---------------------------+----------------------------+-----------------------------+---------------------+-----------------------------+----------------------+----------------------+---------------------+
; Name     ; Pin # ; I/O Bank ; X coordinate ; Y coordinate ; Z coordinate ; Output Register ; Output Enable Register ; Slew Rate ; PCI I/O Enabled ; Open Drain ; TRI Primitive ; Bus Hold ; Weak Pull Up ; I/O Standard ; Current Strength ; Termination                       ; Termination Control Block ; Output Buffer Pre-emphasis ; Voltage Output Differential ; Output Buffer Delay ; Output Buffer Delay Control ; Location assigned by ; Output Enable Source ; Output Enable Group ;
+----------+-------+----------+--------------+--------------+--------------+-----------------+------------------------+-----------+-----------------+------------+---------------+----------+--------------+--------------+------------------+-----------------------------------+---------------------------+----------------------------+-----------------------------+---------------------+-----------------------------+----------------------+----------------------+---------------------+
; hex0[0]  ; U21   ; 4A       ; 52           ; 0            ; 51           ; no              ; no                     ; 1         ; no              ; no         ; no            ; no       ; Off          ; 2.5 V        ; Default          ; Series 50 Ohm without Calibration ; --                        ; no                         ; no                          ; 0                   ; Off                         ; User                 ; -                    ; -                   ;
; hex0[1]  ; V21   ; 4A       ; 51           ; 0            ; 34           ; no              ; no                     ; 1         ; no              ; no         ; no            ; no       ; Off          ; 2.5 V        ; Default          ; Series 50 Ohm without Calibration ; --                        ; no                         ; no                          ; 0                   ; Off                         ; User                 ; -                    ; -                   ;
; hex0[2]  ; W22   ; 4A       ; 48           ; 0            ; 74           ; no              ; no                     ; 1         ; no              ; no         ; no            ; no       ; Off          ; 2.5 V        ; Default          ; Series 50 Ohm without Calibration ; --                        ; no                         ; no                          ; 0                   ; Off                         ; User                 ; -                    ; -                   ;
; hex0[3]  ; W21   ; 4A       ; 50           ; 0            ; 34           ; no              ; no                     ; 1         ; no              ; no         ; no            ; no       ; Off          ; 2.5 V        ; Default          ; Series 50 Ohm without Calibration ; --                        ; no                         ; no                          ; 0                   ; Off                         ; User                 ; -                    ; -                   ;
; hex0[4]  ; Y22   ; 4A       ; 48           ; 0            ; 91           ; no              ; no                     ; 1         ; no              ; no         ; no            ; no       ; Off          ; 2.5 V        ; Default          ; Series 50 Ohm without Calibration ; --                        ; no                         ; no                          ; 0                   ; Off                         ; User                 ; -                    ; -                   ;
; hex0[5]  ; Y21   ; 4A       ; 50           ; 0            ; 51           ; no              ; no                     ; 1         ; no              ; no         ; no            ; no       ; Off          ; 2.5 V        ; Default          ; Series 50 Ohm without Calibration ; --                        ; no                         ; no                          ; 0                   ; Off                         ; User                 ; -                    ; -                   ;
; hex0[6]  ; AA22  ; 4A       ; 46           ; 0            ; 34           ; no              ; no                     ; 1         ; no              ; no         ; no            ; no       ; Off          ; 2.5 V        ; Default          ; Series 50 Ohm without Calibration ; --                        ; no                         ; no                          ; 0                   ; Off                         ; User                 ; -                    ; -                   ;
; hex1[0]  ; AA20  ; 4A       ; 44           ; 0            ; 34           ; no              ; no                     ; 1         ; no              ; no         ; no            ; no       ; Off          ; 2.5 V        ; Default          ; Series 50 Ohm without Calibration ; --                        ; no                         ; no                          ; 0                   ; Off                         ; User                 ; -                    ; -                   ;
; hex1[1]  ; AB20  ; 4A       ; 40           ; 0            ; 91           ; no              ; no                     ; 1         ; no              ; no         ; no            ; no       ; Off          ; 2.5 V        ; Default          ; Series 50 Ohm without Calibration ; --                        ; no                         ; no                          ; 0                   ; Off                         ; User                 ; -                    ; -                   ;
; hex1[2]  ; AA19  ; 4A       ; 44           ; 0            ; 51           ; no              ; no                     ; 1         ; no              ; no         ; no            ; no       ; Off          ; 2.5 V        ; Default          ; Series 50 Ohm without Calibration ; --                        ; no                         ; no                          ; 0                   ; Off                         ; User                 ; -                    ; -                   ;
; hex1[3]  ; AA18  ; 4A       ; 43           ; 0            ; 34           ; no              ; no                     ; 1         ; no              ; no         ; no            ; no       ; Off          ; 2.5 V        ; Default          ; Series 50 Ohm without Calibration ; --                        ; no                         ; no                          ; 0                   ; Off                         ; User                 ; -                    ; -                   ;
; hex1[4]  ; AB18  ; 4A       ; 38           ; 0            ; 34           ; no              ; no                     ; 1         ; no              ; no         ; no            ; no       ; Off          ; 2.5 V        ; Default          ; Series 50 Ohm without Calibration ; --                        ; no                         ; no                          ; 0                   ; Off                         ; User                 ; -                    ; -                   ;
; hex1[5]  ; AA17  ; 4A       ; 43           ; 0            ; 51           ; no              ; no                     ; 1         ; no              ; no         ; no            ; no       ; Off          ; 2.5 V        ; Default          ; Series 50 Ohm without Calibration ; --                        ; no                         ; no                          ; 0                   ; Off                         ; User                 ; -                    ; -                   ;
; hex1[6]  ; U22   ; 4A       ; 51           ; 0            ; 51           ; no              ; no                     ; 1         ; no              ; no         ; no            ; no       ; Off          ; 2.5 V        ; Default          ; Series 50 Ohm without Calibration ; --                        ; no                         ; no                          ; 0                   ; Off                         ; User                 ; -                    ; -                   ;
; hex2[0]  ; Y19   ; 4A       ; 48           ; 0            ; 40           ; no              ; no                     ; 1         ; no              ; no         ; no            ; no       ; Off          ; 2.5 V        ; Default          ; Series 50 Ohm without Calibration ; --                        ; no                         ; no                          ; 0                   ; Off                         ; User                 ; -                    ; -                   ;
; hex2[1]  ; AB17  ; 4A       ; 38           ; 0            ; 51           ; no              ; no                     ; 1         ; no              ; no         ; no            ; no       ; Off          ; 2.5 V        ; Default          ; Series 50 Ohm without Calibration ; --                        ; no                         ; no                          ; 0                   ; Off                         ; User                 ; -                    ; -                   ;
; hex2[2]  ; AA10  ; 3B       ; 22           ; 0            ; 51           ; no              ; no                     ; 1         ; no              ; no         ; no            ; no       ; Off          ; 2.5 V        ; Default          ; Series 50 Ohm without Calibration ; --                        ; no                         ; no                          ; 0                   ; Off                         ; User                 ; -                    ; -                   ;
; hex2[3]  ; Y14   ; 4A       ; 36           ; 0            ; 17           ; no              ; no                     ; 1         ; no              ; no         ; no            ; no       ; Off          ; 2.5 V        ; Default          ; Series 50 Ohm without Calibration ; --                        ; no                         ; no                          ; 0                   ; Off                         ; User                 ; -                    ; -                   ;
; hex2[4]  ; V14   ; 4A       ; 38           ; 0            ; 17           ; no              ; no                     ; 1         ; no              ; no         ; no            ; no       ; Off          ; 2.5 V        ; Default          ; Series 50 Ohm without Calibration ; --                        ; no                         ; no                          ; 0                   ; Off                         ; User                 ; -                    ; -                   ;
; hex2[5]  ; AB22  ; 4A       ; 46           ; 0            ; 51           ; no              ; no                     ; 1         ; no              ; no         ; no            ; no       ; Off          ; 2.5 V        ; Default          ; Series 50 Ohm without Calibration ; --                        ; no                         ; no                          ; 0                   ; Off                         ; User                 ; -                    ; -                   ;
; hex2[6]  ; AB21  ; 4A       ; 40           ; 0            ; 74           ; no              ; no                     ; 1         ; no              ; no         ; no            ; no       ; Off          ; 2.5 V        ; Default          ; Series 50 Ohm without Calibration ; --                        ; no                         ; no                          ; 0                   ; Off                         ; User                 ; -                    ; -                   ;
; hex3[0]  ; Y16   ; 4A       ; 40           ; 0            ; 57           ; no              ; no                     ; 1         ; no              ; no         ; no            ; no       ; Off          ; 2.5 V        ; Default          ; Series 50 Ohm without Calibration ; --                        ; no                         ; no                          ; 0                   ; Off                         ; User                 ; -                    ; -                   ;
; hex3[1]  ; W16   ; 4A       ; 46           ; 0            ; 0            ; no              ; no                     ; 1         ; no              ; no         ; no            ; no       ; Off          ; 2.5 V        ; Default          ; Series 50 Ohm without Calibration ; --                        ; no                         ; no                          ; 0                   ; Off                         ; User                 ; -                    ; -                   ;
; hex3[2]  ; Y17   ; 4A       ; 40           ; 0            ; 40           ; no              ; no                     ; 1         ; no              ; no         ; no            ; no       ; Off          ; 2.5 V        ; Default          ; Series 50 Ohm without Calibration ; --                        ; no                         ; no                          ; 0                   ; Off                         ; User                 ; -                    ; -                   ;
; hex3[3]  ; V16   ; 4A       ; 46           ; 0            ; 17           ; no              ; no                     ; 1         ; no              ; no         ; no            ; no       ; Off          ; 2.5 V        ; Default          ; Series 50 Ohm without Calibration ; --                        ; no                         ; no                          ; 0                   ; Off                         ; User                 ; -                    ; -                   ;
; hex3[4]  ; U17   ; 4A       ; 52           ; 0            ; 0            ; no              ; no                     ; 1         ; no              ; no         ; no            ; no       ; Off          ; 2.5 V        ; Default          ; Series 50 Ohm without Calibration ; --                        ; no                         ; no                          ; 0                   ; Off                         ; User                 ; -                    ; -                   ;
; hex3[5]  ; V18   ; 4A       ; 51           ; 0            ; 0            ; no              ; no                     ; 1         ; no              ; no         ; no            ; no       ; Off          ; 2.5 V        ; Default          ; Series 50 Ohm without Calibration ; --                        ; no                         ; no                          ; 0                   ; Off                         ; User                 ; -                    ; -                   ;
; hex3[6]  ; V19   ; 4A       ; 51           ; 0            ; 17           ; no              ; no                     ; 1         ; no              ; no         ; no            ; no       ; Off          ; 2.5 V        ; Default          ; Series 50 Ohm without Calibration ; --                        ; no                         ; no                          ; 0                   ; Off                         ; User                 ; -                    ; -                   ;
; hex4[0]  ; U20   ; 4A       ; 52           ; 0            ; 34           ; no              ; no                     ; 1         ; no              ; no         ; no            ; no       ; Off          ; 2.5 V        ; Default          ; Series 50 Ohm without Calibration ; --                        ; no                         ; no                          ; 0                   ; Off                         ; User                 ; -                    ; -                   ;
; hex4[1]  ; Y20   ; 4A       ; 48           ; 0            ; 57           ; no              ; no                     ; 1         ; no              ; no         ; no            ; no       ; Off          ; 2.5 V        ; Default          ; Series 50 Ohm without Calibration ; --                        ; no                         ; no                          ; 0                   ; Off                         ; User                 ; -                    ; -                   ;
; hex4[2]  ; V20   ; 4A       ; 44           ; 0            ; 17           ; no              ; no                     ; 1         ; no              ; no         ; no            ; no       ; Off          ; 2.5 V        ; Default          ; Series 50 Ohm without Calibration ; --                        ; no                         ; no                          ; 0                   ; Off                         ; User                 ; -                    ; -                   ;
; hex4[3]  ; U16   ; 4A       ; 52           ; 0            ; 17           ; no              ; no                     ; 1         ; no              ; no         ; no            ; no       ; Off          ; 2.5 V        ; Default          ; Series 50 Ohm without Calibration ; --                        ; no                         ; no                          ; 0                   ; Off                         ; User                 ; -                    ; -                   ;
; hex4[4]  ; U15   ; 4A       ; 43           ; 0            ; 0            ; no              ; no                     ; 1         ; no              ; no         ; no            ; no       ; Off          ; 2.5 V        ; Default          ; Series 50 Ohm without Calibration ; --                        ; no                         ; no                          ; 0                   ; Off                         ; User                 ; -                    ; -                   ;
; hex4[5]  ; Y15   ; 4A       ; 36           ; 0            ; 0            ; no              ; no                     ; 1         ; no              ; no         ; no            ; no       ; Off          ; 2.5 V        ; Default          ; Series 50 Ohm without Calibration ; --                        ; no                         ; no                          ; 0                   ; Off                         ; User                 ; -                    ; -                   ;
; hex4[6]  ; P9    ; 3B       ; 29           ; 0            ; 17           ; no              ; no                     ; 1         ; no              ; no         ; no            ; no       ; Off          ; 2.5 V        ; Default          ; Series 50 Ohm without Calibration ; --                        ; no                         ; no                          ; 0                   ; Off                         ; User                 ; -                    ; -                   ;
; hex5[0]  ; N9    ; 3B       ; 29           ; 0            ; 0            ; no              ; no                     ; 1         ; no              ; no         ; no            ; no       ; Off          ; 2.5 V        ; Default          ; Series 50 Ohm without Calibration ; --                        ; no                         ; no                          ; 0                   ; Off                         ; User                 ; -                    ; -                   ;
; hex5[1]  ; M8    ; 3B       ; 22           ; 0            ; 17           ; no              ; no                     ; 1         ; no              ; no         ; no            ; no       ; Off          ; 2.5 V        ; Default          ; Series 50 Ohm without Calibration ; --                        ; no                         ; no                          ; 0                   ; Off                         ; User                 ; -                    ; -                   ;
; hex5[2]  ; T14   ; 4A       ; 43           ; 0            ; 17           ; no              ; no                     ; 1         ; no              ; no         ; no            ; no       ; Off          ; 2.5 V        ; Default          ; Series 50 Ohm without Calibration ; --                        ; no                         ; no                          ; 0                   ; Off                         ; User                 ; -                    ; -                   ;
; hex5[3]  ; P14   ; 4A       ; 50           ; 0            ; 17           ; no              ; no                     ; 1         ; no              ; no         ; no            ; no       ; Off          ; 2.5 V        ; Default          ; Series 50 Ohm without Calibration ; --                        ; no                         ; no                          ; 0                   ; Off                         ; User                 ; -                    ; -                   ;
; hex5[4]  ; C1    ; 2A       ; 0            ; 21           ; 54           ; no              ; no                     ; 1         ; no              ; no         ; no            ; no       ; Off          ; 2.5 V        ; Default          ; Series 50 Ohm without Calibration ; --                        ; no                         ; no                          ; 0                   ; Off                         ; User                 ; -                    ; -                   ;
; hex5[5]  ; C2    ; 2A       ; 0            ; 21           ; 37           ; no              ; no                     ; 1         ; no              ; no         ; no            ; no       ; Off          ; 2.5 V        ; Default          ; Series 50 Ohm without Calibration ; --                        ; no                         ; no                          ; 0                   ; Off                         ; User                 ; -                    ; -                   ;
; hex5[6]  ; W19   ; 4A       ; 44           ; 0            ; 0            ; no              ; no                     ; 1         ; no              ; no         ; no            ; no       ; Off          ; 2.5 V        ; Default          ; Series 50 Ohm without Calibration ; --                        ; no                         ; no                          ; 0                   ; Off                         ; User                 ; -                    ; -                   ;
; led[0]   ; AA9   ; 3B       ; 22           ; 0            ; 34           ; no              ; no                     ; 1         ; no              ; no         ; no            ; no       ; Off          ; 2.5 V        ; Default          ; Series 50 Ohm without Calibration ; --                        ; no                         ; no                          ; 0                   ; Off                         ; Fitter               ; -                    ; -                   ;
; led[1]   ; AA1   ; 2A       ; 0            ; 18           ; 94           ; no              ; no                     ; 1         ; no              ; no         ; no            ; no       ; Off          ; 2.5 V        ; Default          ; Series 50 Ohm without Calibration ; --                        ; no                         ; no                          ; 0                   ; Off                         ; Fitter               ; -                    ; -                   ;
; led[2]   ; N8    ; 3B       ; 18           ; 0            ; 0            ; no              ; no                     ; 1         ; no              ; no         ; no            ; no       ; Off          ; 2.5 V        ; Default          ; Series 50 Ohm without Calibration ; --                        ; no                         ; no                          ; 0                   ; Off                         ; Fitter               ; -                    ; -                   ;
; led[3]   ; N1    ; 2A       ; 0            ; 19           ; 54           ; no              ; no                     ; 1         ; no              ; no         ; no            ; no       ; Off          ; 2.5 V        ; Default          ; Series 50 Ohm without Calibration ; --                        ; no                         ; no                          ; 0                   ; Off                         ; Fitter               ; -                    ; -                   ;
; led[4]   ; U10   ; 3B       ; 19           ; 0            ; 0            ; no              ; no                     ; 1         ; no              ; no         ; no            ; no       ; Off          ; 2.5 V        ; Default          ; Series 50 Ohm without Calibration ; --                        ; no                         ; no                          ; 0                   ; Off                         ; Fitter               ; -                    ; -                   ;
; led[5]   ; AB11  ; 3B       ; 25           ; 0            ; 34           ; no              ; no                     ; 1         ; no              ; no         ; no            ; no       ; Off          ; 2.5 V        ; Default          ; Series 50 Ohm without Calibration ; --                        ; no                         ; no                          ; 0                   ; Off                         ; Fitter               ; -                    ; -                   ;
; led[6]   ; AB10  ; 3B       ; 25           ; 0            ; 51           ; no              ; no                     ; 1         ; no              ; no         ; no            ; no       ; Off          ; 2.5 V        ; Default          ; Series 50 Ohm without Calibration ; --                        ; no                         ; no                          ; 0                   ; Off                         ; Fitter               ; -                    ; -                   ;
; led[7]   ; T9    ; 3B       ; 19           ; 0            ; 17           ; no              ; no                     ; 1         ; no              ; no         ; no            ; no       ; Off          ; 2.5 V        ; Default          ; Series 50 Ohm without Calibration ; --                        ; no                         ; no                          ; 0                   ; Off                         ; Fitter               ; -                    ; -                   ;
; led[8]   ; N16   ; 5B       ; 54           ; 18           ; 43           ; no              ; no                     ; 1         ; no              ; no         ; no            ; no       ; Off          ; 2.5 V        ; Default          ; Series 50 Ohm without Calibration ; --                        ; no                         ; no                          ; 0                   ; Off                         ; Fitter               ; -                    ; -                   ;
; led[9]   ; AA12  ; 3B       ; 29           ; 0            ; 34           ; no              ; no                     ; 1         ; no              ; no         ; no            ; no       ; Off          ; 2.5 V        ; Default          ; Series 50 Ohm without Calibration ; --                        ; no                         ; no                          ; 0                   ; Off                         ; Fitter               ; -                    ; -                   ;
; vga_b[0] ; B6    ; 8A       ; 14           ; 45           ; 34           ; no              ; no                     ; 1         ; no              ; no         ; no            ; no       ; Off          ; 2.5 V        ; Default          ; Series 50 Ohm without Calibration ; --                        ; no                         ; no                          ; 0                   ; Off                         ; User                 ; -                    ; -                   ;
; vga_b[1] ; B7    ; 8A       ; 14           ; 45           ; 51           ; no              ; no                     ; 1         ; no              ; no         ; no            ; no       ; Off          ; 2.5 V        ; Default          ; Series 50 Ohm without Calibration ; --                        ; no                         ; no                          ; 0                   ; Off                         ; User                 ; -                    ; -                   ;
; vga_b[2] ; A8    ; 8A       ; 12           ; 45           ; 0            ; no              ; no                     ; 1         ; no              ; no         ; no            ; no       ; Off          ; 2.5 V        ; Default          ; Series 50 Ohm without Calibration ; --                        ; no                         ; no                          ; 0                   ; Off                         ; User                 ; -                    ; -                   ;
; vga_b[3] ; A7    ; 8A       ; 12           ; 45           ; 17           ; no              ; no                     ; 1         ; no              ; no         ; no            ; no       ; Off          ; 2.5 V        ; Default          ; Series 50 Ohm without Calibration ; --                        ; no                         ; no                          ; 0                   ; Off                         ; User                 ; -                    ; -                   ;
; vga_g[0] ; L7    ; 8A       ; 22           ; 45           ; 34           ; no              ; no                     ; 1         ; no              ; no         ; no            ; no       ; Off          ; 2.5 V        ; Default          ; Series 50 Ohm without Calibration ; --                        ; no                         ; no                          ; 0                   ; Off                         ; User                 ; -                    ; -                   ;
; vga_g[1] ; K7    ; 8A       ; 22           ; 45           ; 51           ; no              ; no                     ; 1         ; no              ; no         ; no            ; no       ; Off          ; 2.5 V        ; Default          ; Series 50 Ohm without Calibration ; --                        ; no                         ; no                          ; 0                   ; Off                         ; User                 ; -                    ; -                   ;
; vga_g[2] ; J7    ; 8A       ; 20           ; 45           ; 0            ; no              ; no                     ; 1         ; no              ; no         ; no            ; no       ; Off          ; 2.5 V        ; Default          ; Series 50 Ohm without Calibration ; --                        ; no                         ; no                          ; 0                   ; Off                         ; User                 ; -                    ; -                   ;
; vga_g[3] ; J8    ; 8A       ; 20           ; 45           ; 17           ; no              ; no                     ; 1         ; no              ; no         ; no            ; no       ; Off          ; 2.5 V        ; Default          ; Series 50 Ohm without Calibration ; --                        ; no                         ; no                          ; 0                   ; Off                         ; User                 ; -                    ; -                   ;
; vga_hs   ; H8    ; 8A       ; 20           ; 45           ; 34           ; no              ; no                     ; 1         ; no              ; no         ; no            ; no       ; Off          ; 2.5 V        ; Default          ; Series 50 Ohm without Calibration ; --                        ; no                         ; no                          ; 0                   ; Off                         ; User                 ; -                    ; -                   ;
; vga_r[0] ; A9    ; 8A       ; 18           ; 45           ; 51           ; no              ; no                     ; 1         ; no              ; no         ; no            ; no       ; Off          ; 2.5 V        ; Default          ; Series 50 Ohm without Calibration ; --                        ; no                         ; no                          ; 0                   ; Off                         ; User                 ; -                    ; -                   ;
; vga_r[1] ; B10   ; 8A       ; 16           ; 45           ; 40           ; no              ; no                     ; 1         ; no              ; no         ; no            ; no       ; Off          ; 2.5 V        ; Default          ; Series 50 Ohm without Calibration ; --                        ; no                         ; no                          ; 0                   ; Off                         ; User                 ; -                    ; -                   ;
; vga_r[2] ; C9    ; 8A       ; 16           ; 45           ; 57           ; no              ; no                     ; 1         ; no              ; no         ; no            ; no       ; Off          ; 2.5 V        ; Default          ; Series 50 Ohm without Calibration ; --                        ; no                         ; no                          ; 0                   ; Off                         ; User                 ; -                    ; -                   ;
; vga_r[3] ; A5    ; 8A       ; 16           ; 45           ; 74           ; no              ; no                     ; 1         ; no              ; no         ; no            ; no       ; Off          ; 2.5 V        ; Default          ; Series 50 Ohm without Calibration ; --                        ; no                         ; no                          ; 0                   ; Off                         ; User                 ; -                    ; -                   ;
; vga_vs   ; G8    ; 8A       ; 20           ; 45           ; 51           ; no              ; no                     ; 1         ; no              ; no         ; no            ; no       ; Off          ; 2.5 V        ; Default          ; Series 50 Ohm without Calibration ; --                        ; no                         ; no                          ; 0                   ; Off                         ; User                 ; -                    ; -                   ;
+----------+-------+----------+--------------+--------------+--------------+-----------------+------------------------+-----------+-----------------+------------+---------------+----------+--------------+--------------+------------------+-----------------------------------+---------------------------+----------------------------+-----------------------------+---------------------+-----------------------------+----------------------+----------------------+---------------------+


+---------------------------------------------------------------------------------------------------------------------------------------------------------------------------------------------------------------------------------------------------------------------------------------------------------------------------------------------------------------------------------------------------------------------------------------------------------------------------------------------------------------------------------------------------------------------------------+
; Bidir Pins                                                                                                                                                                                                                                                                                                                                                                                                                                                                                                                                                                      ;
+---------+-------+----------+--------------+--------------+--------------+-----------------------+--------------------+--------+----------------+-----------------+------------------------+-----------+-----------------+------------+----------+--------------+--------------+------------------+-------------------+-----------------------------------+---------------------------+----------------------------+---------------------+-----------------------------+----------------------+----------------------+-----------------------------------------------------------+
; Name    ; Pin # ; I/O Bank ; X coordinate ; Y coordinate ; Z coordinate ; Combinational Fan-Out ; Registered Fan-Out ; Global ; Input Register ; Output Register ; Output Enable Register ; Slew Rate ; PCI I/O Enabled ; Open Drain ; Bus Hold ; Weak Pull Up ; I/O Standard ; Current Strength ; Input Termination ; Output Termination                ; Termination Control Block ; Output Buffer Pre-emphasis ; Output Buffer Delay ; Output Buffer Delay Control ; Location assigned by ; Output Enable Source ; Output Enable Group                                       ;
+---------+-------+----------+--------------+--------------+--------------+-----------------------+--------------------+--------+----------------+-----------------+------------------------+-----------+-----------------+------------+----------+--------------+--------------+------------------+-------------------+-----------------------------------+---------------------------+----------------------------+---------------------+-----------------------------+----------------------+----------------------+-----------------------------------------------------------+
; ps2_clk ; D3    ; 2A       ; 0            ; 20           ; 3            ; 1                     ; 0                  ; no     ; no             ; no              ; no                     ; 1         ; no              ; no         ; no       ; Off          ; 2.5 V        ; Default          ; Off               ; Series 50 Ohm without Calibration ; --                        ; no                         ; 0                   ; Off                         ; User                 ; 0 pF                 ; MOUSE:mouse_inst|WideOr4 (inverted)                       ;
; ps2_dat ; G2    ; 2A       ; 0            ; 21           ; 3            ; 4                     ; 0                  ; no     ; no             ; no              ; no                     ; 1         ; no              ; no         ; no       ; Off          ; 2.5 V        ; Default          ; Off               ; Series 50 Ohm without Calibration ; --                        ; no                         ; 0                   ; Off                         ; User                 ; 0 pF                 ; MOUSE:mouse_inst|mouse_state.WAIT_OUTPUT_READY (inverted) ;
+---------+-------+----------+--------------+--------------+--------------+-----------------------+--------------------+--------+----------------+-----------------+------------------------+-----------+-----------------+------------+----------+--------------+--------------+------------------+-------------------+-----------------------------------+---------------------------+----------------------------+---------------------+-----------------------------+----------------------+----------------------+-----------------------------------------------------------+


+----------------------------------------------------------------------------+
; I/O Bank Usage                                                             ;
+----------+------------------+---------------+--------------+---------------+
; I/O Bank ; Usage            ; VCCIO Voltage ; VREF Voltage ; VCCPD Voltage ;
+----------+------------------+---------------+--------------+---------------+
; 2A       ; 6 / 16 ( 38 % )  ; 2.5V          ; --           ; 2.5V          ;
; 3A       ; 4 / 16 ( 25 % )  ; 2.5V          ; --           ; 2.5V          ;
; 3B       ; 12 / 32 ( 38 % ) ; 2.5V          ; --           ; 2.5V          ;
; 4A       ; 46 / 48 ( 96 % ) ; 2.5V          ; --           ; 2.5V          ;
; 5A       ; 1 / 16 ( 6 % )   ; 2.5V          ; --           ; 2.5V          ;
; 5B       ; 1 / 16 ( 6 % )   ; 2.5V          ; --           ; 2.5V          ;
; 7A       ; 0 / 48 ( 0 % )   ; 2.5V          ; --           ; 2.5V          ;
; 8A       ; 14 / 32 ( 44 % ) ; 2.5V          ; --           ; 2.5V          ;
+----------+------------------+---------------+--------------+---------------+


+-----------------------------------------------------------------------------------------------------------------------------------------------------------------------------+
; All Package Pins                                                                                                                                                            ;
+----------+------------+----------+---------------------------------+--------+--------------+---------------------+--------------+-----------------+----------+--------------+
; Location ; Pad Number ; I/O Bank ; Pin Name/Usage                  ; Dir.   ; I/O Standard ; Voltage             ; I/O Type     ; User Assignment ; Bus Hold ; Weak Pull Up ;
+----------+------------+----------+---------------------------------+--------+--------------+---------------------+--------------+-----------------+----------+--------------+
; A1       ;            ;          ; GND                             ;        ;              ;                     ; --           ;                 ; --       ; --           ;
; A2       ; 288        ; 9A       ; ^MSEL2                          ;        ;              ;                     ; --           ;                 ; --       ; --           ;
; A3       ;            ; --       ; VCCBAT                          ; power  ;              ; 1.2V                ; --           ;                 ; --       ; --           ;
; A4       ; 290        ; 9A       ; ^nCONFIG                        ;        ;              ;                     ; --           ;                 ; --       ; --           ;
; A5       ; 264        ; 8A       ; vga_r[3]                        ; output ; 2.5 V        ;                     ; Column I/O   ; Y               ; no       ; Off          ;
; A6       ;            ; 8A       ; VCCIO8A                         ; power  ;              ; 2.5V                ; --           ;                 ; --       ; --           ;
; A7       ; 273        ; 8A       ; vga_b[3]                        ; output ; 2.5 V        ;                     ; Column I/O   ; Y               ; no       ; Off          ;
; A8       ; 271        ; 8A       ; vga_b[2]                        ; output ; 2.5 V        ;                     ; Column I/O   ; Y               ; no       ; Off          ;
; A9       ; 262        ; 8A       ; vga_r[0]                        ; output ; 2.5 V        ;                     ; Column I/O   ; Y               ; no       ; Off          ;
; A10      ; 260        ; 8A       ; RESERVED_INPUT_WITH_WEAK_PULLUP ;        ;              ;                     ; Column I/O   ;                 ; no       ; On           ;
; A11      ;            ;          ; GND                             ; gnd    ;              ;                     ; --           ;                 ; --       ; --           ;
; A12      ; 242        ; 7A       ; RESERVED_INPUT_WITH_WEAK_PULLUP ;        ;              ;                     ; Column I/O   ;                 ; no       ; On           ;
; A13      ; 230        ; 7A       ; RESERVED_INPUT_WITH_WEAK_PULLUP ;        ;              ;                     ; Column I/O   ;                 ; no       ; On           ;
; A14      ; 218        ; 7A       ; RESERVED_INPUT_WITH_WEAK_PULLUP ;        ;              ;                     ; Column I/O   ;                 ; no       ; On           ;
; A15      ; 216        ; 7A       ; RESERVED_INPUT_WITH_WEAK_PULLUP ;        ;              ;                     ; Column I/O   ;                 ; no       ; On           ;
; A16      ;            ; 7A       ; VCCIO7A                         ; power  ;              ; 2.5V                ; --           ;                 ; --       ; --           ;
; A17      ;            ;          ; NC                              ;        ;              ;                     ; --           ;                 ; --       ; --           ;
; A18      ;            ;          ; NC                              ;        ;              ;                     ; --           ;                 ; --       ; --           ;
; A19      ;            ;          ; NC                              ;        ;              ;                     ; --           ;                 ; --       ; --           ;
; A20      ;            ;          ; NC                              ;        ;              ;                     ; --           ;                 ; --       ; --           ;
; A21      ;            ;          ; GND                             ; gnd    ;              ;                     ; --           ;                 ; --       ; --           ;
; A22      ;            ;          ; NC                              ;        ;              ;                     ; --           ;                 ; --       ; --           ;
; AA1      ; 29         ; 2A       ; led[1]                          ; output ; 2.5 V        ;                     ; Row I/O      ; N               ; no       ; Off          ;
; AA2      ; 31         ; 2A       ; RESERVED_INPUT_WITH_WEAK_PULLUP ;        ;              ;                     ; Row I/O      ;                 ; no       ; On           ;
; AA3      ;            ;          ; GND                             ; gnd    ;              ;                     ; --           ;                 ; --       ; --           ;
; AA4      ;            ;          ; GND                             ; gnd    ;              ;                     ; --           ;                 ; --       ; --           ;
; AA5      ; 53         ; 3A       ; ^AS_DATA2, DATA2                ;        ;              ;                     ; Weak Pull Up ;                 ; --       ; On           ;
; AA6      ;            ;          ; GND                             ; gnd    ;              ;                     ; --           ;                 ; --       ; --           ;
; AA7      ; 79         ; 3B       ; RESERVED_INPUT_WITH_WEAK_PULLUP ;        ;              ;                     ; Column I/O   ;                 ; no       ; On           ;
; AA8      ; 82         ; 3B       ; RESERVED_INPUT_WITH_WEAK_PULLUP ;        ;              ;                     ; Column I/O   ;                 ; no       ; On           ;
; AA9      ; 89         ; 3B       ; led[0]                          ; output ; 2.5 V        ;                     ; Column I/O   ; N               ; no       ; Off          ;
; AA10     ; 87         ; 3B       ; hex2[2]                         ; output ; 2.5 V        ;                     ; Column I/O   ; Y               ; no       ; Off          ;
; AA11     ;            ;          ; GND                             ; gnd    ;              ;                     ; --           ;                 ; --       ; --           ;
; AA12     ; 105        ; 3B       ; led[9]                          ; output ; 2.5 V        ;                     ; Column I/O   ; N               ; no       ; Off          ;
; AA13     ; 113        ; 4A       ; sw[7]                           ; input  ; 2.5 V        ;                     ; Column I/O   ; Y               ; no       ; Off          ;
; AA14     ; 111        ; 4A       ; sw[6]                           ; input  ; 2.5 V        ;                     ; Column I/O   ; Y               ; no       ; Off          ;
; AA15     ; 116        ; 4A       ; sw[4]                           ; input  ; 2.5 V        ;                     ; Column I/O   ; Y               ; no       ; Off          ;
; AA16     ;            ; 4A       ; VCCIO4A                         ; power  ;              ; 2.5V                ; --           ;                 ; --       ; --           ;
; AA17     ; 127        ; 4A       ; hex1[5]                         ; output ; 2.5 V        ;                     ; Column I/O   ; Y               ; no       ; Off          ;
; AA18     ; 129        ; 4A       ; hex1[3]                         ; output ; 2.5 V        ;                     ; Column I/O   ; Y               ; no       ; Off          ;
; AA19     ; 130        ; 4A       ; hex1[2]                         ; output ; 2.5 V        ;                     ; Column I/O   ; Y               ; no       ; Off          ;
; AA20     ; 132        ; 4A       ; hex1[0]                         ; output ; 2.5 V        ;                     ; Column I/O   ; Y               ; no       ; Off          ;
; AA21     ;            ; 4A       ; VCCIO4A                         ; power  ;              ; 2.5V                ; --           ;                 ; --       ; --           ;
; AA22     ; 137        ; 4A       ; hex0[6]                         ; output ; 2.5 V        ;                     ; Column I/O   ; Y               ; no       ; Off          ;
; AB1      ;            ;          ; GND                             ; gnd    ;              ;                     ; --           ;                 ; --       ; --           ;
; AB2      ;            ;          ; GND                             ; gnd    ;              ;                     ; --           ;                 ; --       ; --           ;
; AB3      ; 55         ; 3A       ; ^AS_DATA1, DATA1                ;        ;              ;                     ; Weak Pull Up ;                 ; --       ; On           ;
; AB4      ; 57         ; 3A       ; ^AS_DATA0, ASDO, DATA0          ;        ;              ;                     ; Weak Pull Up ;                 ; --       ; On           ;
; AB5      ; 76         ; 3B       ; RESERVED_INPUT_WITH_WEAK_PULLUP ;        ;              ;                     ; Column I/O   ;                 ; no       ; On           ;
; AB6      ; 74         ; 3B       ; RESERVED_INPUT_WITH_WEAK_PULLUP ;        ;              ;                     ; Column I/O   ;                 ; no       ; On           ;
; AB7      ; 81         ; 3B       ; RESERVED_INPUT_WITH_WEAK_PULLUP ;        ;              ;                     ; Column I/O   ;                 ; no       ; On           ;
; AB8      ; 84         ; 3B       ; RESERVED_INPUT_WITH_WEAK_PULLUP ;        ;              ;                     ; Column I/O   ;                 ; no       ; On           ;
; AB9      ;            ;          ; GND                             ; gnd    ;              ;                     ; --           ;                 ; --       ; --           ;
; AB10     ; 98         ; 3B       ; led[6]                          ; output ; 2.5 V        ;                     ; Column I/O   ; N               ; no       ; Off          ;
; AB11     ; 100        ; 3B       ; led[5]                          ; output ; 2.5 V        ;                     ; Column I/O   ; N               ; no       ; Off          ;
; AB12     ; 108        ; 4A       ; sw[9]                           ; input  ; 2.5 V        ;                     ; Column I/O   ; Y               ; no       ; Off          ;
; AB13     ; 106        ; 4A       ; sw[8]                           ; input  ; 2.5 V        ;                     ; Column I/O   ; Y               ; no       ; Off          ;
; AB14     ;            ;          ; GND                             ; gnd    ;              ;                     ; --           ;                 ; --       ; --           ;
; AB15     ; 114        ; 4A       ; sw[5]                           ; input  ; 2.5 V        ;                     ; Column I/O   ; Y               ; no       ; Off          ;
; AB16     ;            ; 4A       ; VREFB4AN0                       ; power  ;              ;                     ; --           ;                 ; --       ; --           ;
; AB17     ; 119        ; 4A       ; hex2[1]                         ; output ; 2.5 V        ;                     ; Column I/O   ; Y               ; no       ; Off          ;
; AB18     ; 121        ; 4A       ; hex1[4]                         ; output ; 2.5 V        ;                     ; Column I/O   ; Y               ; no       ; Off          ;
; AB19     ;            ;          ; GND                             ; gnd    ;              ;                     ; --           ;                 ; --       ; --           ;
; AB20     ; 122        ; 4A       ; hex1[1]                         ; output ; 2.5 V        ;                     ; Column I/O   ; Y               ; no       ; Off          ;
; AB21     ; 124        ; 4A       ; hex2[6]                         ; output ; 2.5 V        ;                     ; Column I/O   ; Y               ; no       ; Off          ;
; AB22     ; 135        ; 4A       ; hex2[5]                         ; output ; 2.5 V        ;                     ; Column I/O   ; Y               ; no       ; Off          ;
; B1       ;            ;          ; GND                             ; gnd    ;              ;                     ; --           ;                 ; --       ; --           ;
; B2       ;            ;          ; GND                             ; gnd    ;              ;                     ; --           ;                 ; --       ; --           ;
; B3       ;            ;          ; DNU                             ;        ;              ;                     ; --           ;                 ; --       ; --           ;
; B4       ;            ;          ; DNU                             ;        ;              ;                     ; --           ;                 ; --       ; --           ;
; B5       ; 266        ; 8A       ; RESERVED_INPUT_WITH_WEAK_PULLUP ;        ;              ;                     ; Column I/O   ;                 ; no       ; On           ;
; B6       ; 268        ; 8A       ; vga_b[0]                        ; output ; 2.5 V        ;                     ; Column I/O   ; Y               ; no       ; Off          ;
; B7       ; 270        ; 8A       ; vga_b[1]                        ; output ; 2.5 V        ;                     ; Column I/O   ; Y               ; no       ; Off          ;
; B8       ;            ; 8A       ; VREFB8AN0                       ; power  ;              ;                     ; --           ;                 ; --       ; --           ;
; B9       ;            ;          ; GND                             ; gnd    ;              ;                     ; --           ;                 ; --       ; --           ;
; B10      ; 263        ; 8A       ; vga_r[1]                        ; output ; 2.5 V        ;                     ; Column I/O   ; Y               ; no       ; Off          ;
; B11      ; 250        ; 7A       ; RESERVED_INPUT_WITH_WEAK_PULLUP ;        ;              ;                     ; Column I/O   ;                 ; no       ; On           ;
; B12      ; 240        ; 7A       ; RESERVED_INPUT_WITH_WEAK_PULLUP ;        ;              ;                     ; Column I/O   ;                 ; no       ; On           ;
; B13      ; 228        ; 7A       ; RESERVED_INPUT_WITH_WEAK_PULLUP ;        ;              ;                     ; Column I/O   ;                 ; no       ; On           ;
; B14      ;            ;          ; GND                             ; gnd    ;              ;                     ; --           ;                 ; --       ; --           ;
; B15      ; 225        ; 7A       ; RESERVED_INPUT_WITH_WEAK_PULLUP ;        ;              ;                     ; Column I/O   ;                 ; no       ; On           ;
; B16      ; 204        ; 7A       ; RESERVED_INPUT_WITH_WEAK_PULLUP ;        ;              ;                     ; Column I/O   ;                 ; no       ; On           ;
; B17      ;            ;          ; NC                              ;        ;              ;                     ; --           ;                 ; --       ; --           ;
; B18      ;            ;          ; NC                              ;        ;              ;                     ; --           ;                 ; --       ; --           ;
; B19      ;            ; 7A       ; VCCIO7A                         ; power  ;              ; 2.5V                ; --           ;                 ; --       ; --           ;
; B20      ;            ;          ; NC                              ;        ;              ;                     ; --           ;                 ; --       ; --           ;
; B21      ;            ;          ; NC                              ;        ;              ;                     ; --           ;                 ; --       ; --           ;
; B22      ;            ;          ; NC                              ;        ;              ;                     ; --           ;                 ; --       ; --           ;
; C1       ; 16         ; 2A       ; hex5[4]                         ; output ; 2.5 V        ;                     ; Row I/O      ; Y               ; no       ; Off          ;
; C2       ; 18         ; 2A       ; hex5[5]                         ; output ; 2.5 V        ;                     ; Row I/O      ; Y               ; no       ; Off          ;
; C3       ;            ;          ; GND                             ; gnd    ;              ;                     ; --           ;                 ; --       ; --           ;
; C4       ;            ;          ; GND                             ; gnd    ;              ;                     ; --           ;                 ; --       ; --           ;
; C5       ; 292        ; 9A       ; ^GND                            ;        ;              ;                     ; --           ;                 ; --       ; --           ;
; C6       ; 272        ; 8A       ; RESERVED_INPUT_WITH_WEAK_PULLUP ;        ;              ;                     ; Column I/O   ;                 ; no       ; On           ;
; C7       ;            ; 8A       ; VCCIO8A                         ; power  ;              ; 2.5V                ; --           ;                 ; --       ; --           ;
; C8       ; 278        ; 8A       ; RESERVED_INPUT_WITH_WEAK_PULLUP ;        ;              ;                     ; Column I/O   ;                 ; no       ; On           ;
; C9       ; 265        ; 8A       ; vga_r[2]                        ; output ; 2.5 V        ;                     ; Column I/O   ; Y               ; no       ; Off          ;
; C10      ;            ; 7A, 8A   ; VCCPD7A8A                       ; power  ;              ; 2.5V                ; --           ;                 ; --       ; --           ;
; C11      ; 248        ; 7A       ; RESERVED_INPUT_WITH_WEAK_PULLUP ;        ;              ;                     ; Column I/O   ;                 ; no       ; On           ;
; C12      ;            ; 7A       ; VCCIO7A                         ; power  ;              ; 2.5V                ; --           ;                 ; --       ; --           ;
; C13      ; 241        ; 7A       ; RESERVED_INPUT_WITH_WEAK_PULLUP ;        ;              ;                     ; Column I/O   ;                 ; no       ; On           ;
; C14      ;            ; 7A       ; VREFB7AN0                       ; power  ;              ;                     ; --           ;                 ; --       ; --           ;
; C15      ; 223        ; 7A       ; RESERVED_INPUT_WITH_WEAK_PULLUP ;        ;              ;                     ; Column I/O   ;                 ; no       ; On           ;
; C16      ; 206        ; 7A       ; RESERVED_INPUT_WITH_WEAK_PULLUP ;        ;              ;                     ; Column I/O   ;                 ; no       ; On           ;
; C17      ;            ;          ; GND                             ; gnd    ;              ;                     ; --           ;                 ; --       ; --           ;
; C18      ;            ;          ; NC                              ;        ;              ;                     ; --           ;                 ; --       ; --           ;
; C19      ;            ;          ; NC                              ;        ;              ;                     ; --           ;                 ; --       ; --           ;
; C20      ;            ;          ; NC                              ;        ;              ;                     ; --           ;                 ; --       ; --           ;
; C21      ;            ;          ; NC                              ;        ;              ;                     ; --           ;                 ; --       ; --           ;
; C22      ;            ; 7A       ; VCCIO7A                         ; power  ;              ; 2.5V                ; --           ;                 ; --       ; --           ;
; D1       ;            ;          ; GND                             ; gnd    ;              ;                     ; --           ;                 ; --       ; --           ;
; D2       ;            ;          ; GND                             ; gnd    ;              ;                     ; --           ;                 ; --       ; --           ;
; D3       ; 22         ; 2A       ; ps2_clk                         ; bidir  ; 2.5 V        ;                     ; Row I/O      ; Y               ; no       ; Off          ;
; D4       ;            ; 2A       ; VCCIO2A                         ; power  ;              ; 2.5V                ; --           ;                 ; --       ; --           ;
; D5       ;            ;          ; GND                             ; gnd    ;              ;                     ; --           ;                 ; --       ; --           ;
; D6       ; 274        ; 8A       ; RESERVED_INPUT_WITH_WEAK_PULLUP ;        ;              ;                     ; Column I/O   ;                 ; no       ; On           ;
; D7       ; 276        ; 8A       ; RESERVED_INPUT_WITH_WEAK_PULLUP ;        ;              ;                     ; Column I/O   ;                 ; no       ; On           ;
; D8       ;            ; 7A, 8A   ; VCCPD7A8A                       ; power  ;              ; 2.5V                ; --           ;                 ; --       ; --           ;
; D9       ; 277        ; 8A       ; RESERVED_INPUT_WITH_WEAK_PULLUP ;        ;              ;                     ; Column I/O   ;                 ; no       ; On           ;
; D10      ;            ;          ; GND                             ; gnd    ;              ;                     ; --           ;                 ; --       ; --           ;
; D11      ;            ; --       ; VCC_AUX                         ; power  ;              ; 2.5V                ; --           ;                 ; --       ; --           ;
; D12      ; 247        ; 7A       ; RESERVED_INPUT_WITH_WEAK_PULLUP ;        ;              ;                     ; Column I/O   ;                 ; no       ; On           ;
; D13      ; 239        ; 7A       ; RESERVED_INPUT_WITH_WEAK_PULLUP ;        ;              ;                     ; Column I/O   ;                 ; no       ; On           ;
; D14      ;            ; 7A, 8A   ; VCCPD7A8A                       ; power  ;              ; 2.5V                ; --           ;                 ; --       ; --           ;
; D15      ;            ; 7A       ; VCCIO7A                         ; power  ;              ; 2.5V                ; --           ;                 ; --       ; --           ;
; D16      ;            ; 7A, 8A   ; VCCPD7A8A                       ; power  ;              ; 2.5V                ; --           ;                 ; --       ; --           ;
; D17      ; 207        ; 7A       ; RESERVED_INPUT_WITH_WEAK_PULLUP ;        ;              ;                     ; Column I/O   ;                 ; no       ; On           ;
; D18      ;            ; --       ; VCC_AUX                         ; power  ;              ; 2.5V                ; --           ;                 ; --       ; --           ;
; D19      ;            ;          ; NC                              ;        ;              ;                     ; --           ;                 ; --       ; --           ;
; D20      ;            ;          ; GND                             ; gnd    ;              ;                     ; --           ;                 ; --       ; --           ;
; D21      ;            ;          ; NC                              ;        ;              ;                     ; --           ;                 ; --       ; --           ;
; D22      ;            ;          ; NC                              ;        ;              ;                     ; --           ;                 ; --       ; --           ;
; E1       ;            ; 1A, 2A   ; VCCPD1A2A                       ; power  ;              ; 2.5V                ; --           ;                 ; --       ; --           ;
; E2       ; 20         ; 2A       ; RESERVED_INPUT_WITH_WEAK_PULLUP ;        ;              ;                     ; Row I/O      ;                 ; no       ; On           ;
; E3       ;            ;          ; GND                             ; gnd    ;              ;                     ; --           ;                 ; --       ; --           ;
; E4       ;            ;          ; GND                             ; gnd    ;              ;                     ; --           ;                 ; --       ; --           ;
; E5       ; 289        ; 9A       ; ^MSEL3                          ;        ;              ;                     ; --           ;                 ; --       ; --           ;
; E6       ;            ; --       ; VCC_AUX                         ; power  ;              ; 2.5V                ; --           ;                 ; --       ; --           ;
; E7       ; 282        ; 8A       ; RESERVED_INPUT_WITH_WEAK_PULLUP ;        ;              ;                     ; Column I/O   ;                 ; no       ; On           ;
; E8       ;            ; 8A       ; VCCIO8A                         ; power  ;              ; 2.5V                ; --           ;                 ; --       ; --           ;
; E9       ; 275        ; 8A       ; RESERVED_INPUT_WITH_WEAK_PULLUP ;        ;              ;                     ; Column I/O   ;                 ; no       ; On           ;
; E10      ; 267        ; 8A       ; RESERVED_INPUT_WITH_WEAK_PULLUP ;        ;              ;                     ; Column I/O   ;                 ; no       ; On           ;
; E11      ;            ; 7A, 8A   ; VCCPD7A8A                       ; power  ;              ; 2.5V                ; --           ;                 ; --       ; --           ;
; E12      ; 249        ; 7A       ; RESERVED_INPUT_WITH_WEAK_PULLUP ;        ;              ;                     ; Column I/O   ;                 ; no       ; On           ;
; E13      ;            ;          ; GND                             ; gnd    ;              ;                     ; --           ;                 ; --       ; --           ;
; E14      ; 231        ; 7A       ; RESERVED_INPUT_WITH_WEAK_PULLUP ;        ;              ;                     ; Column I/O   ;                 ; no       ; On           ;
; E15      ; 215        ; 7A       ; RESERVED_INPUT_WITH_WEAK_PULLUP ;        ;              ;                     ; Column I/O   ;                 ; no       ; On           ;
; E16      ; 209        ; 7A       ; RESERVED_INPUT_WITH_WEAK_PULLUP ;        ;              ;                     ; Column I/O   ;                 ; no       ; On           ;
; E17      ;            ;          ; DNU                             ;        ;              ;                     ; --           ;                 ; --       ; --           ;
; E18      ;            ; 7A       ; VCCIO7A                         ; power  ;              ; 2.5V                ; --           ;                 ; --       ; --           ;
; E19      ;            ;          ; NC                              ;        ;              ;                     ; --           ;                 ; --       ; --           ;
; E20      ;            ;          ; NC                              ;        ;              ;                     ; --           ;                 ; --       ; --           ;
; E21      ;            ;          ; NC                              ;        ;              ;                     ; --           ;                 ; --       ; --           ;
; E22      ;            ;          ; NC                              ;        ;              ;                     ; --           ;                 ; --       ; --           ;
; F1       ;            ;          ; GND                             ; gnd    ;              ;                     ; --           ;                 ; --       ; --           ;
; F2       ;            ;          ; GND                             ; gnd    ;              ;                     ; --           ;                 ; --       ; --           ;
; F3       ; 291        ; 9A       ; ^MSEL4                          ;        ;              ;                     ; --           ;                 ; --       ; --           ;
; F4       ;            ; --       ; VCCA_FPLL                       ; power  ;              ; 2.5V                ; --           ;                 ; --       ; --           ;
; F5       ;            ;          ; GND                             ; gnd    ;              ;                     ; --           ;                 ; --       ; --           ;
; F6       ;            ;          ; GND                             ; gnd    ;              ;                     ; --           ;                 ; --       ; --           ;
; F7       ; 280        ; 8A       ; RESERVED_INPUT_WITH_WEAK_PULLUP ;        ;              ;                     ; Column I/O   ;                 ; no       ; On           ;
; F8       ;            ; --       ; VCCPGM                          ; power  ;              ; 1.8V/2.5V/3.0V/3.3V ; --           ;                 ; --       ; --           ;
; F9       ; 269        ; 8A       ; RESERVED_INPUT_WITH_WEAK_PULLUP ;        ;              ;                     ; Column I/O   ;                 ; no       ; On           ;
; F10      ; 253        ; 8A       ; RESERVED_INPUT_WITH_WEAK_PULLUP ;        ;              ;                     ; Column I/O   ;                 ; no       ; On           ;
; F11      ;            ; 7A       ; VCCIO7A                         ; power  ;              ; 2.5V                ; --           ;                 ; --       ; --           ;
; F12      ; 238        ; 7A       ; RESERVED_INPUT_WITH_WEAK_PULLUP ;        ;              ;                     ; Column I/O   ;                 ; no       ; On           ;
; F13      ; 233        ; 7A       ; RESERVED_INPUT_WITH_WEAK_PULLUP ;        ;              ;                     ; Column I/O   ;                 ; no       ; On           ;
; F14      ; 226        ; 7A       ; RESERVED_INPUT_WITH_WEAK_PULLUP ;        ;              ;                     ; Column I/O   ;                 ; no       ; On           ;
; F15      ; 217        ; 7A       ; RESERVED_INPUT_WITH_WEAK_PULLUP ;        ;              ;                     ; Column I/O   ;                 ; no       ; On           ;
; F16      ;            ;          ; GND                             ; gnd    ;              ;                     ; --           ;                 ; --       ; --           ;
; F17      ; 202        ; 7A       ; ^GND                            ;        ;              ;                     ; --           ;                 ; --       ; --           ;
; F18      ;            ;          ; NC                              ;        ;              ;                     ; --           ;                 ; --       ; --           ;
; F19      ;            ;          ; NC                              ;        ;              ;                     ; --           ;                 ; --       ; --           ;
; F20      ;            ;          ; NC                              ;        ;              ;                     ; --           ;                 ; --       ; --           ;
; F21      ;            ; 7A       ; VCCIO7A                         ; power  ;              ; 2.5V                ; --           ;                 ; --       ; --           ;
; F22      ;            ;          ; NC                              ;        ;              ;                     ; --           ;                 ; --       ; --           ;
; G1       ; 17         ; 2A       ; RESERVED_INPUT_WITH_WEAK_PULLUP ;        ;              ;                     ; Row I/O      ;                 ; no       ; On           ;
; G2       ; 19         ; 2A       ; ps2_dat                         ; bidir  ; 2.5 V        ;                     ; Row I/O      ; Y               ; no       ; Off          ;
; G3       ;            ;          ; GND                             ; gnd    ;              ;                     ; --           ;                 ; --       ; --           ;
; G4       ;            ;          ; GND                             ; gnd    ;              ;                     ; --           ;                 ; --       ; --           ;
; G5       ; 287        ; 9A       ; ^nCE                            ;        ;              ;                     ; --           ;                 ; --       ; --           ;
; G6       ; 279        ; 8A       ; RESERVED_INPUT_WITH_WEAK_PULLUP ;        ;              ;                     ; Column I/O   ;                 ; no       ; On           ;
; G7       ;            ; 8A       ; VCCIO8A                         ; power  ;              ; 2.5V                ; --           ;                 ; --       ; --           ;
; G8       ; 258        ; 8A       ; vga_vs                          ; output ; 2.5 V        ;                     ; Column I/O   ; Y               ; no       ; Off          ;
; G9       ;            ;          ; GND                             ; gnd    ;              ;                     ; --           ;                 ; --       ; --           ;
; G10      ; 251        ; 8A       ; RESERVED_INPUT_WITH_WEAK_PULLUP ;        ;              ;                     ; Column I/O   ;                 ; no       ; On           ;
; G11      ; 236        ; 7A       ; RESERVED_INPUT_WITH_WEAK_PULLUP ;        ;              ;                     ; Column I/O   ;                 ; no       ; On           ;
; G12      ; 245        ; 7A       ; RESERVED_INPUT_WITH_WEAK_PULLUP ;        ;              ;                     ; Column I/O   ;                 ; no       ; On           ;
; G13      ; 237        ; 7A       ; RESERVED_INPUT_WITH_WEAK_PULLUP ;        ;              ;                     ; Column I/O   ;                 ; no       ; On           ;
; G14      ;            ; 7A       ; VCCIO7A                         ; power  ;              ; 2.5V                ; --           ;                 ; --       ; --           ;
; G15      ; 224        ; 7A       ; RESERVED_INPUT_WITH_WEAK_PULLUP ;        ;              ;                     ; Column I/O   ;                 ; no       ; On           ;
; G16      ; 210        ; 7A       ; RESERVED_INPUT_WITH_WEAK_PULLUP ;        ;              ;                     ; Column I/O   ;                 ; no       ; On           ;
; G17      ; 208        ; 7A       ; RESERVED_INPUT_WITH_WEAK_PULLUP ;        ;              ;                     ; Column I/O   ;                 ; no       ; On           ;
; G18      ; 211        ; 7A       ; RESERVED_INPUT_WITH_WEAK_PULLUP ;        ;              ;                     ; Column I/O   ;                 ; no       ; On           ;
; G19      ;            ;          ; GND                             ; gnd    ;              ;                     ; --           ;                 ; --       ; --           ;
; G20      ;            ;          ; NC                              ;        ;              ;                     ; --           ;                 ; --       ; --           ;
; G21      ;            ;          ; NC                              ;        ;              ;                     ; --           ;                 ; --       ; --           ;
; G22      ;            ;          ; NC                              ;        ;              ;                     ; --           ;                 ; --       ; --           ;
; H1       ;            ;          ; GND                             ; gnd    ;              ;                     ; --           ;                 ; --       ; --           ;
; H2       ;            ;          ; GND                             ; gnd    ;              ;                     ; --           ;                 ; --       ; --           ;
; H3       ;            ;          ; GND                             ; gnd    ;              ;                     ; --           ;                 ; --       ; --           ;
; H4       ;            ;          ; GND                             ; gnd    ;              ;                     ; --           ;                 ; --       ; --           ;
; H5       ; 286        ; 9A       ; ^nSTATUS                        ;        ;              ;                     ; --           ;                 ; --       ; --           ;
; H6       ; 281        ; 8A       ; RESERVED_INPUT_WITH_WEAK_PULLUP ;        ;              ;                     ; Column I/O   ;                 ; no       ; On           ;
; H7       ;            ;          ; GND                             ; gnd    ;              ;                     ; --           ;                 ; --       ; --           ;
; H8       ; 256        ; 8A       ; vga_hs                          ; output ; 2.5 V        ;                     ; Column I/O   ; Y               ; no       ; Off          ;
; H9       ; 261        ; 8A       ; RESERVED_INPUT_WITH_WEAK_PULLUP ;        ;              ;                     ; Column I/O   ;                 ; no       ; On           ;
; H10      ; 234        ; 7A       ; RESERVED_INPUT_WITH_WEAK_PULLUP ;        ;              ;                     ; Column I/O   ;                 ; no       ; On           ;
; H11      ; 243        ; 7A       ; RESERVED_INPUT_WITH_WEAK_PULLUP ;        ;              ;                     ; Column I/O   ;                 ; no       ; On           ;
; H12      ;            ;          ; GND                             ; gnd    ;              ;                     ; --           ;                 ; --       ; --           ;
; H13      ; 235        ; 7A       ; RESERVED_INPUT_WITH_WEAK_PULLUP ;        ;              ;                     ; Column I/O   ;                 ; no       ; On           ;
; H14      ; 227        ; 7A       ; RESERVED_INPUT_WITH_WEAK_PULLUP ;        ;              ;                     ; Column I/O   ;                 ; no       ; On           ;
; H15      ; 221        ; 7A       ; RESERVED_INPUT_WITH_WEAK_PULLUP ;        ;              ;                     ; Column I/O   ;                 ; no       ; On           ;
; H16      ; 219        ; 7A       ; RESERVED_INPUT_WITH_WEAK_PULLUP ;        ;              ;                     ; Column I/O   ;                 ; no       ; On           ;
; H17      ;            ; 7A       ; VCCIO7A                         ; power  ;              ; 2.5V                ; --           ;                 ; --       ; --           ;
; H18      ; 213        ; 7A       ; RESERVED_INPUT_WITH_WEAK_PULLUP ;        ;              ;                     ; Column I/O   ;                 ; no       ; On           ;
; H19      ;            ; --       ; VCCA_FPLL                       ; power  ;              ; 2.5V                ; --           ;                 ; --       ; --           ;
; H20      ;            ;          ; NC                              ;        ;              ;                     ; --           ;                 ; --       ; --           ;
; H21      ;            ;          ; NC                              ;        ;              ;                     ; --           ;                 ; --       ; --           ;
; H22      ;            ;          ; GND                             ; gnd    ;              ;                     ; --           ;                 ; --       ; --           ;
; J1       ;            ; 2A       ; VCCIO2A                         ; power  ;              ; 2.5V                ; --           ;                 ; --       ; --           ;
; J2       ;            ; 1A, 2A   ; VCCPD1A2A                       ; power  ;              ; 2.5V                ; --           ;                 ; --       ; --           ;
; J3       ;            ;          ; GND                             ; gnd    ;              ;                     ; --           ;                 ; --       ; --           ;
; J4       ;            ; --       ; VCC                             ; power  ;              ; 1.1V                ; --           ;                 ; --       ; --           ;
; J5       ;            ;          ; GND                             ; gnd    ;              ;                     ; --           ;                 ; --       ; --           ;
; J6       ; 285        ; 9A       ; ^MSEL1                          ;        ;              ;                     ; --           ;                 ; --       ; --           ;
; J7       ; 255        ; 8A       ; vga_g[2]                        ; output ; 2.5 V        ;                     ; Column I/O   ; Y               ; no       ; Off          ;
; J8       ; 257        ; 8A       ; vga_g[3]                        ; output ; 2.5 V        ;                     ; Column I/O   ; Y               ; no       ; Off          ;
; J9       ; 259        ; 8A       ; RESERVED_INPUT_WITH_WEAK_PULLUP ;        ;              ;                     ; Column I/O   ;                 ; no       ; On           ;
; J10      ;            ; --       ; VCC                             ; power  ;              ; 1.1V                ; --           ;                 ; --       ; --           ;
; J11      ; 232        ; 7A       ; RESERVED_INPUT_WITH_WEAK_PULLUP ;        ;              ;                     ; Column I/O   ;                 ; no       ; On           ;
; J12      ;            ; --       ; VCC                             ; power  ;              ; 1.1V                ; --           ;                 ; --       ; --           ;
; J13      ; 229        ; 7A       ; RESERVED_INPUT_WITH_WEAK_PULLUP ;        ;              ;                     ; Column I/O   ;                 ; no       ; On           ;
; J14      ;            ; --       ; VCC                             ; power  ;              ; 1.1V                ; --           ;                 ; --       ; --           ;
; J15      ;            ;          ; GND                             ; gnd    ;              ;                     ; --           ;                 ; --       ; --           ;
; J16      ;            ; --       ; VCC                             ; power  ;              ; 1.1V                ; --           ;                 ; --       ; --           ;
; J17      ; 220        ; 7A       ; RESERVED_INPUT_WITH_WEAK_PULLUP ;        ;              ;                     ; Column I/O   ;                 ; no       ; On           ;
; J18      ; 214        ; 7A       ; RESERVED_INPUT_WITH_WEAK_PULLUP ;        ;              ;                     ; Column I/O   ;                 ; no       ; On           ;
; J19      ; 212        ; 7A       ; RESERVED_INPUT_WITH_WEAK_PULLUP ;        ;              ;                     ; Column I/O   ;                 ; no       ; On           ;
; J20      ;            ;          ; GND                             ; gnd    ;              ;                     ; --           ;                 ; --       ; --           ;
; J21      ;            ;          ; NC                              ;        ;              ;                     ; --           ;                 ; --       ; --           ;
; J22      ;            ;          ; NC                              ;        ;              ;                     ; --           ;                 ; --       ; --           ;
; K1       ;            ;          ; GND                             ; gnd    ;              ;                     ; --           ;                 ; --       ; --           ;
; K2       ;            ;          ; GND                             ; gnd    ;              ;                     ; --           ;                 ; --       ; --           ;
; K3       ;            ; --       ; VCC                             ; power  ;              ; 1.1V                ; --           ;                 ; --       ; --           ;
; K4       ;            ;          ; GND                             ; gnd    ;              ;                     ; --           ;                 ; --       ; --           ;
; K5       ;            ; --       ; VCC                             ; power  ;              ; 1.1V                ; --           ;                 ; --       ; --           ;
; K6       ; 284        ; 9A       ; ^CONF_DONE                      ;        ;              ;                     ; --           ;                 ; --       ; --           ;
; K7       ; 254        ; 8A       ; vga_g[1]                        ; output ; 2.5 V        ;                     ; Column I/O   ; Y               ; no       ; Off          ;
; K8       ;            ;          ; GND                             ; gnd    ;              ;                     ; --           ;                 ; --       ; --           ;
; K9       ; 246        ; 7A       ; RESERVED_INPUT_WITH_WEAK_PULLUP ;        ;              ;                     ; Column I/O   ;                 ; no       ; On           ;
; K10      ;            ;          ; GND                             ; gnd    ;              ;                     ; --           ;                 ; --       ; --           ;
; K11      ;            ; --       ; VCC                             ; power  ;              ; 1.1V                ; --           ;                 ; --       ; --           ;
; K12      ;            ;          ; GND                             ; gnd    ;              ;                     ; --           ;                 ; --       ; --           ;
; K13      ;            ; --       ; VCC                             ; power  ;              ; 1.1V                ; --           ;                 ; --       ; --           ;
; K14      ;            ;          ; GND                             ; gnd    ;              ;                     ; --           ;                 ; --       ; --           ;
; K15      ;            ; --       ; VCC                             ; power  ;              ; 1.1V                ; --           ;                 ; --       ; --           ;
; K16      ; 222        ; 7A       ; RESERVED_INPUT_WITH_WEAK_PULLUP ;        ;              ;                     ; Column I/O   ;                 ; no       ; On           ;
; K17      ; 178        ; 5B       ; RESERVED_INPUT_WITH_WEAK_PULLUP ;        ;              ;                     ; Row I/O      ;                 ; no       ; On           ;
; K18      ;            ; 5B       ; VCCIO5B                         ; power  ;              ; 2.5V                ; --           ;                 ; --       ; --           ;
; K19      ; 205        ; 7A       ; RESERVED_INPUT_WITH_WEAK_PULLUP ;        ;              ;                     ; Column I/O   ;                 ; no       ; On           ;
; K20      ; 203        ; 7A       ; RESERVED_INPUT_WITH_WEAK_PULLUP ;        ;              ;                     ; Column I/O   ;                 ; no       ; On           ;
; K21      ; 183        ; 5B       ; RESERVED_INPUT_WITH_WEAK_PULLUP ;        ;              ;                     ; Row I/O      ;                 ; no       ; On           ;
; K22      ; 185        ; 5B       ; RESERVED_INPUT_WITH_WEAK_PULLUP ;        ;              ;                     ; Row I/O      ;                 ; no       ; On           ;
; L1       ; 21         ; 2A       ; RESERVED_INPUT_WITH_WEAK_PULLUP ;        ;              ;                     ; Row I/O      ;                 ; no       ; On           ;
; L2       ; 23         ; 2A       ; RESERVED_INPUT_WITH_WEAK_PULLUP ;        ;              ;                     ; Row I/O      ;                 ; no       ; On           ;
; L3       ;            ;          ; GND                             ; gnd    ;              ;                     ; --           ;                 ; --       ; --           ;
; L4       ;            ; --       ; VCC                             ; power  ;              ; 1.1V                ; --           ;                 ; --       ; --           ;
; L5       ;            ;          ; GND                             ; gnd    ;              ;                     ; --           ;                 ; --       ; --           ;
; L6       ; 283        ; 9A       ; ^MSEL0                          ;        ;              ;                     ; --           ;                 ; --       ; --           ;
; L7       ; 252        ; 8A       ; vga_g[0]                        ; output ; 2.5 V        ;                     ; Column I/O   ; Y               ; no       ; Off          ;
; L8       ; 244        ; 7A       ; RESERVED_INPUT_WITH_WEAK_PULLUP ;        ;              ;                     ; Column I/O   ;                 ; no       ; On           ;
; L9       ;            ;          ; DNU                             ;        ;              ;                     ; --           ;                 ; --       ; --           ;
; L10      ;            ; --       ; VCC                             ; power  ;              ; 1.1V                ; --           ;                 ; --       ; --           ;
; L11      ;            ;          ; GND                             ; gnd    ;              ;                     ; --           ;                 ; --       ; --           ;
; L12      ;            ; --       ; VCC                             ; power  ;              ; 1.1V                ; --           ;                 ; --       ; --           ;
; L13      ;            ;          ; GND                             ; gnd    ;              ;                     ; --           ;                 ; --       ; --           ;
; L14      ;            ; --       ; VCC                             ; power  ;              ; 1.1V                ; --           ;                 ; --       ; --           ;
; L15      ;            ;          ; GND                             ; gnd    ;              ;                     ; --           ;                 ; --       ; --           ;
; L16      ;            ; --       ; VCC                             ; power  ;              ; 1.1V                ; --           ;                 ; --       ; --           ;
; L17      ; 180        ; 5B       ; RESERVED_INPUT_WITH_WEAK_PULLUP ;        ;              ;                     ; Row I/O      ;                 ; no       ; On           ;
; L18      ; 184        ; 5B       ; RESERVED_INPUT_WITH_WEAK_PULLUP ;        ;              ;                     ; Row I/O      ;                 ; no       ; On           ;
; L19      ; 182        ; 5B       ; RESERVED_INPUT_WITH_WEAK_PULLUP ;        ;              ;                     ; Row I/O      ;                 ; no       ; On           ;
; L20      ;            ; 5B       ; VREFB5BN0                       ; power  ;              ;                     ; --           ;                 ; --       ; --           ;
; L21      ;            ;          ; GND                             ; gnd    ;              ;                     ; --           ;                 ; --       ; --           ;
; L22      ; 177        ; 5B       ; RESERVED_INPUT_WITH_WEAK_PULLUP ;        ;              ;                     ; Row I/O      ;                 ; no       ; On           ;
; M1       ;            ;          ; GND                             ; gnd    ;              ;                     ; --           ;                 ; --       ; --           ;
; M2       ;            ;          ; GND                             ; gnd    ;              ;                     ; --           ;                 ; --       ; --           ;
; M3       ;            ; --       ; VCCA_FPLL                       ; power  ;              ; 2.5V                ; --           ;                 ; --       ; --           ;
; M4       ;            ;          ; GND                             ; gnd    ;              ;                     ; --           ;                 ; --       ; --           ;
; M5       ; 48         ; 3A       ; #TDO                            ; output ;              ;                     ; --           ;                 ; --       ; --           ;
; M6       ; 70         ; 3A       ; key[3]                          ; input  ; 2.5 V        ;                     ; Column I/O   ; Y               ; no       ; Off          ;
; M7       ; 72         ; 3A       ; key[2]                          ; input  ; 2.5 V        ;                     ; Column I/O   ; Y               ; no       ; Off          ;
; M8       ; 86         ; 3B       ; hex5[1]                         ; output ; 2.5 V        ;                     ; Column I/O   ; Y               ; no       ; Off          ;
; M9       ; 88         ; 3B       ; clock_50                        ; input  ; 2.5 V        ;                     ; Column I/O   ; Y               ; no       ; Off          ;
; M10      ;            ;          ; GND                             ; gnd    ;              ;                     ; --           ;                 ; --       ; --           ;
; M11      ;            ; --       ; VCC                             ; power  ;              ; 1.1V                ; --           ;                 ; --       ; --           ;
; M12      ;            ;          ; GND                             ; gnd    ;              ;                     ; --           ;                 ; --       ; --           ;
; M13      ;            ; --       ; VCC                             ; power  ;              ; 1.1V                ; --           ;                 ; --       ; --           ;
; M14      ;            ;          ; GND                             ; gnd    ;              ;                     ; --           ;                 ; --       ; --           ;
; M15      ;            ; --       ; VCC                             ; power  ;              ; 1.1V                ; --           ;                 ; --       ; --           ;
; M16      ; 172        ; 5B       ; RESERVED_INPUT_WITH_WEAK_PULLUP ;        ;              ;                     ; Row I/O      ;                 ; no       ; On           ;
; M17      ;            ; 5B       ; VCCPD5B                         ; power  ;              ; 2.5V                ; --           ;                 ; --       ; --           ;
; M18      ; 176        ; 5B       ; RESERVED_INPUT_WITH_WEAK_PULLUP ;        ;              ;                     ; Row I/O      ;                 ; no       ; On           ;
; M19      ;            ; 5B       ; VCCIO5B                         ; power  ;              ; 2.5V                ; --           ;                 ; --       ; --           ;
; M20      ; 179        ; 5B       ; RESERVED_INPUT_WITH_WEAK_PULLUP ;        ;              ;                     ; Row I/O      ;                 ; no       ; On           ;
; M21      ; 181        ; 5B       ; RESERVED_INPUT_WITH_WEAK_PULLUP ;        ;              ;                     ; Row I/O      ;                 ; no       ; On           ;
; M22      ; 175        ; 5B       ; RESERVED_INPUT_WITH_WEAK_PULLUP ;        ;              ;                     ; Row I/O      ;                 ; no       ; On           ;
; N1       ; 24         ; 2A       ; led[3]                          ; output ; 2.5 V        ;                     ; Row I/O      ; N               ; no       ; Off          ;
; N2       ; 26         ; 2A       ; RESERVED_INPUT_WITH_WEAK_PULLUP ;        ;              ;                     ; Row I/O      ;                 ; no       ; On           ;
; N3       ;            ;          ; GND                             ; gnd    ;              ;                     ; --           ;                 ; --       ; --           ;
; N4       ;            ; --       ; VCC                             ; power  ;              ; 1.1V                ; --           ;                 ; --       ; --           ;
; N5       ;            ;          ; GND                             ; gnd    ;              ;                     ; --           ;                 ; --       ; --           ;
; N6       ; 64         ; 3A       ; RESERVED_INPUT_WITH_WEAK_PULLUP ;        ;              ;                     ; Column I/O   ;                 ; no       ; On           ;
; N7       ;            ;          ; GND                             ; gnd    ;              ;                     ; --           ;                 ; --       ; --           ;
; N8       ; 80         ; 3B       ; led[2]                          ; output ; 2.5 V        ;                     ; Column I/O   ; N               ; no       ; Off          ;
; N9       ; 104        ; 3B       ; hex5[0]                         ; output ; 2.5 V        ;                     ; Column I/O   ; Y               ; no       ; Off          ;
; N10      ;            ; --       ; VCC                             ; power  ;              ; 1.1V                ; --           ;                 ; --       ; --           ;
; N11      ;            ;          ; GND                             ; gnd    ;              ;                     ; --           ;                 ; --       ; --           ;
; N12      ;            ; --       ; VCC                             ; power  ;              ; 1.1V                ; --           ;                 ; --       ; --           ;
; N13      ;            ;          ; GND                             ; gnd    ;              ;                     ; --           ;                 ; --       ; --           ;
; N14      ;            ; --       ; VCC                             ; power  ;              ; 1.1V                ; --           ;                 ; --       ; --           ;
; N15      ;            ;          ; GND                             ; gnd    ;              ;                     ; --           ;                 ; --       ; --           ;
; N16      ; 170        ; 5B       ; led[8]                          ; output ; 2.5 V        ;                     ; Row I/O      ; N               ; no       ; Off          ;
; N17      ;            ;          ; GND                             ; gnd    ;              ;                     ; --           ;                 ; --       ; --           ;
; N18      ;            ; 5B       ; VCCPD5B                         ; power  ;              ; 2.5V                ; --           ;                 ; --       ; --           ;
; N19      ; 174        ; 5B       ; RESERVED_INPUT_WITH_WEAK_PULLUP ;        ;              ;                     ; Row I/O      ;                 ; no       ; On           ;
; N20      ; 171        ; 5B       ; RESERVED_INPUT_WITH_WEAK_PULLUP ;        ;              ;                     ; Row I/O      ;                 ; no       ; On           ;
; N21      ; 173        ; 5B       ; RESERVED_INPUT_WITH_WEAK_PULLUP ;        ;              ;                     ; Row I/O      ;                 ; no       ; On           ;
; N22      ;            ;          ; GND                             ; gnd    ;              ;                     ; --           ;                 ; --       ; --           ;
; P1       ;            ;          ; GND                             ; gnd    ;              ;                     ; --           ;                 ; --       ; --           ;
; P2       ;            ;          ; GND                             ; gnd    ;              ;                     ; --           ;                 ; --       ; --           ;
; P3       ;            ; --       ; VCC                             ; power  ;              ; 1.1V                ; --           ;                 ; --       ; --           ;
; P4       ;            ;          ; GND                             ; gnd    ;              ;                     ; --           ;                 ; --       ; --           ;
; P5       ; 50         ; 3A       ; #TMS                            ; input  ;              ;                     ; --           ;                 ; --       ; --           ;
; P6       ; 62         ; 3A       ; RESERVED_INPUT_WITH_WEAK_PULLUP ;        ;              ;                     ; Column I/O   ;                 ; no       ; On           ;
; P7       ; 73         ; 3A       ; RESERVED_INPUT_WITH_WEAK_PULLUP ;        ;              ;                     ; Column I/O   ;                 ; no       ; On           ;
; P8       ; 78         ; 3B       ; RESERVED_INPUT_WITH_WEAK_PULLUP ;        ;              ;                     ; Column I/O   ;                 ; no       ; On           ;
; P9       ; 102        ; 3B       ; hex4[6]                         ; output ; 2.5 V        ;                     ; Column I/O   ; Y               ; no       ; Off          ;
; P10      ;            ;          ; GND                             ; gnd    ;              ;                     ; --           ;                 ; --       ; --           ;
; P11      ;            ; --       ; VCC                             ; power  ;              ; 1.1V                ; --           ;                 ; --       ; --           ;
; P12      ; 97         ; 3B       ; RESERVED_INPUT_WITH_WEAK_PULLUP ;        ;              ;                     ; Column I/O   ;                 ; no       ; On           ;
; P13      ;            ; --       ; VCC                             ; power  ;              ; 1.1V                ; --           ;                 ; --       ; --           ;
; P14      ; 142        ; 4A       ; hex5[3]                         ; output ; 2.5 V        ;                     ; Column I/O   ; Y               ; no       ; Off          ;
; P15      ;            ; --       ; VCC                             ; power  ;              ; 1.1V                ; --           ;                 ; --       ; --           ;
; P16      ; 167        ; 5A       ; RESERVED_INPUT_WITH_WEAK_PULLUP ;        ;              ;                     ; Row I/O      ;                 ; no       ; On           ;
; P17      ; 169        ; 5A       ; RESERVED_INPUT_WITH_WEAK_PULLUP ;        ;              ;                     ; Row I/O      ;                 ; no       ; On           ;
; P18      ; 168        ; 5A       ; RESERVED_INPUT_WITH_WEAK_PULLUP ;        ;              ;                     ; Row I/O      ;                 ; no       ; On           ;
; P19      ; 166        ; 5A       ; RESERVED_INPUT_WITH_WEAK_PULLUP ;        ;              ;                     ; Row I/O      ;                 ; no       ; On           ;
; P20      ;            ; 5A       ; VCCIO5A                         ; power  ;              ; 2.5V                ; --           ;                 ; --       ; --           ;
; P21      ;            ; 5A       ; VCCPD5A                         ; power  ;              ; 2.5V                ; --           ;                 ; --       ; --           ;
; P22      ; 164        ; 5A       ; reset_n                         ; input  ; 2.5 V        ;                     ; Row I/O      ; Y               ; no       ; Off          ;
; R1       ;            ; 2A       ; VCCIO2A                         ; power  ;              ; 2.5V                ; --           ;                 ; --       ; --           ;
; R2       ;            ; 1A, 2A   ; VCCPD1A2A                       ; power  ;              ; 2.5V                ; --           ;                 ; --       ; --           ;
; R3       ;            ;          ; GND                             ; gnd    ;              ;                     ; --           ;                 ; --       ; --           ;
; R4       ; 49         ; 3A       ; ^nCSO, DATA4                    ;        ;              ;                     ; Weak Pull Up ;                 ; --       ; On           ;
; R5       ; 60         ; 3A       ; RESERVED_INPUT_WITH_WEAK_PULLUP ;        ;              ;                     ; Column I/O   ;                 ; no       ; On           ;
; R6       ; 58         ; 3A       ; RESERVED_INPUT_WITH_WEAK_PULLUP ;        ;              ;                     ; Column I/O   ;                 ; no       ; On           ;
; R7       ; 71         ; 3A       ; RESERVED_INPUT_WITH_WEAK_PULLUP ;        ;              ;                     ; Column I/O   ;                 ; no       ; On           ;
; R8       ;            ; 3B       ; VCCIO3B                         ; power  ;              ; 2.5V                ; --           ;                 ; --       ; --           ;
; R9       ; 93         ; 3B       ; RESERVED_INPUT_WITH_WEAK_PULLUP ;        ;              ;                     ; Column I/O   ;                 ; no       ; On           ;
; R10      ; 99         ; 3B       ; RESERVED_INPUT_WITH_WEAK_PULLUP ;        ;              ;                     ; Column I/O   ;                 ; no       ; On           ;
; R11      ; 101        ; 3B       ; RESERVED_INPUT_WITH_WEAK_PULLUP ;        ;              ;                     ; Column I/O   ;                 ; no       ; On           ;
; R12      ; 95         ; 3B       ; RESERVED_INPUT_WITH_WEAK_PULLUP ;        ;              ;                     ; Column I/O   ;                 ; no       ; On           ;
; R13      ;            ;          ; GND                             ; gnd    ;              ;                     ; --           ;                 ; --       ; --           ;
; R14      ; 144        ; 4A       ; RESERVED_INPUT_WITH_WEAK_PULLUP ;        ;              ;                     ; Column I/O   ;                 ; no       ; On           ;
; R15      ; 161        ; 5A       ; RESERVED_INPUT_WITH_WEAK_PULLUP ;        ;              ;                     ; Row I/O      ;                 ; no       ; On           ;
; R16      ; 163        ; 5A       ; RESERVED_INPUT_WITH_WEAK_PULLUP ;        ;              ;                     ; Row I/O      ;                 ; no       ; On           ;
; R17      ; 165        ; 5A       ; RESERVED_INPUT_WITH_WEAK_PULLUP ;        ;              ;                     ; Row I/O      ;                 ; no       ; On           ;
; R18      ;            ; 5A       ; VCCIO5A                         ; power  ;              ; 2.5V                ; --           ;                 ; --       ; --           ;
; R19      ;            ; --       ; VCCPGM                          ; power  ;              ; 1.8V/2.5V/3.0V/3.3V ; --           ;                 ; --       ; --           ;
; R20      ;            ; 5A       ; VREFB5AN0                       ; power  ;              ;                     ; --           ;                 ; --       ; --           ;
; R21      ; 162        ; 5A       ; RESERVED_INPUT_WITH_WEAK_PULLUP ;        ;              ;                     ; Row I/O      ;                 ; no       ; On           ;
; R22      ; 160        ; 5A       ; RESERVED_INPUT_WITH_WEAK_PULLUP ;        ;              ;                     ; Row I/O      ;                 ; no       ; On           ;
; T1       ;            ;          ; GND                             ; gnd    ;              ;                     ; --           ;                 ; --       ; --           ;
; T2       ;            ;          ; GND                             ; gnd    ;              ;                     ; --           ;                 ; --       ; --           ;
; T3       ;            ; --       ; VCCA_FPLL                       ; power  ;              ; 2.5V                ; --           ;                 ; --       ; --           ;
; T4       ; 51         ; 3A       ; ^AS_DATA3, DATA3                ;        ;              ;                     ; Weak Pull Up ;                 ; --       ; On           ;
; T5       ;            ; --       ; VCCA_FPLL                       ; power  ;              ; 2.5V                ; --           ;                 ; --       ; --           ;
; T6       ;            ; 3A       ; VCCIO3A                         ; power  ;              ; 2.5V                ; --           ;                 ; --       ; --           ;
; T7       ; 66         ; 3A       ; RESERVED_INPUT_WITH_WEAK_PULLUP ;        ;              ;                     ; Column I/O   ;                 ; no       ; On           ;
; T8       ; 68         ; 3A       ; RESERVED_INPUT_WITH_WEAK_PULLUP ;        ;              ;                     ; Column I/O   ;                 ; no       ; On           ;
; T9       ; 83         ; 3B       ; led[7]                          ; output ; 2.5 V        ;                     ; Column I/O   ; N               ; no       ; Off          ;
; T10      ; 91         ; 3B       ; RESERVED_INPUT_WITH_WEAK_PULLUP ;        ;              ;                     ; Column I/O   ;                 ; no       ; On           ;
; T11      ;            ; 3B       ; VCCIO3B                         ; power  ;              ; 2.5V                ; --           ;                 ; --       ; --           ;
; T12      ; 110        ; 4A       ; sw[3]                           ; input  ; 2.5 V        ;                     ; Column I/O   ; Y               ; no       ; Off          ;
; T13      ; 112        ; 4A       ; sw[2]                           ; input  ; 2.5 V        ;                     ; Column I/O   ; Y               ; no       ; Off          ;
; T14      ; 126        ; 4A       ; hex5[2]                         ; output ; 2.5 V        ;                     ; Column I/O   ; Y               ; no       ; Off          ;
; T15      ; 159        ; 5A       ; RESERVED_INPUT_WITH_WEAK_PULLUP ;        ;              ;                     ; Row I/O      ;                 ; no       ; On           ;
; T16      ;            ;          ; GND                             ; gnd    ;              ;                     ; --           ;                 ; --       ; --           ;
; T17      ; 157        ; 5A       ; RESERVED_INPUT_WITH_WEAK_PULLUP ;        ;              ;                     ; Row I/O      ;                 ; no       ; On           ;
; T18      ; 155        ; 5A       ; RESERVED_INPUT_WITH_WEAK_PULLUP ;        ;              ;                     ; Row I/O      ;                 ; no       ; On           ;
; T19      ; 154        ; 5A       ; RESERVED_INPUT_WITH_WEAK_PULLUP ;        ;              ;                     ; Row I/O      ;                 ; no       ; On           ;
; T20      ; 156        ; 5A       ; RESERVED_INPUT_WITH_WEAK_PULLUP ;        ;              ;                     ; Row I/O      ;                 ; no       ; On           ;
; T21      ;            ;          ; GND                             ; gnd    ;              ;                     ; --           ;                 ; --       ; --           ;
; T22      ; 158        ; 5A       ; RESERVED_INPUT_WITH_WEAK_PULLUP ;        ;              ;                     ; Row I/O      ;                 ; no       ; On           ;
; U1       ; 25         ; 2A       ; RESERVED_INPUT_WITH_WEAK_PULLUP ;        ;              ;                     ; Row I/O      ;                 ; no       ; On           ;
; U2       ; 27         ; 2A       ; RESERVED_INPUT_WITH_WEAK_PULLUP ;        ;              ;                     ; Row I/O      ;                 ; no       ; On           ;
; U3       ;            ;          ; GND                             ; gnd    ;              ;                     ; --           ;                 ; --       ; --           ;
; U4       ;            ;          ; GND                             ; gnd    ;              ;                     ; --           ;                 ; --       ; --           ;
; U5       ;            ;          ; GND                             ; gnd    ;              ;                     ; --           ;                 ; --       ; --           ;
; U6       ; 67         ; 3A       ; RESERVED_INPUT_WITH_WEAK_PULLUP ;        ;              ;                     ; Column I/O   ;                 ; no       ; On           ;
; U7       ; 59         ; 3A       ; key[0]                          ; input  ; 2.5 V        ;                     ; Column I/O   ; Y               ; no       ; Off          ;
; U8       ; 61         ; 3A       ; RESERVED_INPUT_WITH_WEAK_PULLUP ;        ;              ;                     ; Column I/O   ;                 ; no       ; On           ;
; U9       ;            ;          ; GND                             ; gnd    ;              ;                     ; --           ;                 ; --       ; --           ;
; U10      ; 85         ; 3B       ; led[4]                          ; output ; 2.5 V        ;                     ; Column I/O   ; N               ; no       ; Off          ;
; U11      ; 94         ; 3B       ; RESERVED_INPUT_WITH_WEAK_PULLUP ;        ;              ;                     ; Column I/O   ;                 ; no       ; On           ;
; U12      ; 96         ; 3B       ; RESERVED_INPUT_WITH_WEAK_PULLUP ;        ;              ;                     ; Column I/O   ;                 ; no       ; On           ;
; U13      ; 109        ; 4A       ; sw[0]                           ; input  ; 2.5 V        ;                     ; Column I/O   ; Y               ; no       ; Off          ;
; U14      ;            ; 4A       ; VCCIO4A                         ; power  ;              ; 2.5V                ; --           ;                 ; --       ; --           ;
; U15      ; 128        ; 4A       ; hex4[4]                         ; output ; 2.5 V        ;                     ; Column I/O   ; Y               ; no       ; Off          ;
; U16      ; 150        ; 4A       ; hex4[3]                         ; output ; 2.5 V        ;                     ; Column I/O   ; Y               ; no       ; Off          ;
; U17      ; 152        ; 4A       ; hex3[4]                         ; output ; 2.5 V        ;                     ; Column I/O   ; Y               ; no       ; Off          ;
; U18      ;            ; --       ; VCCA_FPLL                       ; power  ;              ; 2.5V                ; --           ;                 ; --       ; --           ;
; U19      ;            ; 4A       ; VCCIO4A                         ; power  ;              ; 2.5V                ; --           ;                 ; --       ; --           ;
; U20      ; 153        ; 4A       ; hex4[0]                         ; output ; 2.5 V        ;                     ; Column I/O   ; Y               ; no       ; Off          ;
; U21      ; 151        ; 4A       ; hex0[0]                         ; output ; 2.5 V        ;                     ; Column I/O   ; Y               ; no       ; Off          ;
; U22      ; 146        ; 4A       ; hex1[6]                         ; output ; 2.5 V        ;                     ; Column I/O   ; Y               ; no       ; Off          ;
; V1       ;            ;          ; GND                             ; gnd    ;              ;                     ; --           ;                 ; --       ; --           ;
; V2       ;            ;          ; GND                             ; gnd    ;              ;                     ; --           ;                 ; --       ; --           ;
; V3       ; 56         ; 3A       ; ^DCLK                           ;        ;              ;                     ; Weak Pull Up ;                 ; --       ; On           ;
; V4       ;            ;          ; GND                             ; gnd    ;              ;                     ; --           ;                 ; --       ; --           ;
; V5       ; 52         ; 3A       ; #TCK                            ; input  ;              ;                     ; --           ;                 ; --       ; --           ;
; V6       ; 69         ; 3A       ; RESERVED_INPUT_WITH_WEAK_PULLUP ;        ;              ;                     ; Column I/O   ;                 ; no       ; On           ;
; V7       ;            ;          ; GND                             ; gnd    ;              ;                     ; --           ;                 ; --       ; --           ;
; V8       ;            ; --       ; VCCPGM                          ; power  ;              ; 1.8V/2.5V/3.0V/3.3V ; --           ;                 ; --       ; --           ;
; V9       ; 75         ; 3B       ; RESERVED_INPUT_WITH_WEAK_PULLUP ;        ;              ;                     ; Column I/O   ;                 ; no       ; On           ;
; V10      ; 77         ; 3B       ; RESERVED_INPUT_WITH_WEAK_PULLUP ;        ;              ;                     ; Column I/O   ;                 ; no       ; On           ;
; V11      ;            ;          ; NC                              ;        ;              ;                     ; --           ;                 ; --       ; --           ;
; V12      ;            ;          ; GND                             ; gnd    ;              ;                     ; --           ;                 ; --       ; --           ;
; V13      ; 107        ; 4A       ; sw[1]                           ; input  ; 2.5 V        ;                     ; Column I/O   ; Y               ; no       ; Off          ;
; V14      ; 118        ; 4A       ; hex2[4]                         ; output ; 2.5 V        ;                     ; Column I/O   ; Y               ; no       ; Off          ;
; V15      ; 120        ; 4A       ; RESERVED_INPUT_WITH_WEAK_PULLUP ;        ;              ;                     ; Column I/O   ;                 ; no       ; On           ;
; V16      ; 134        ; 4A       ; hex3[3]                         ; output ; 2.5 V        ;                     ; Column I/O   ; Y               ; no       ; Off          ;
; V17      ;            ;          ; GND                             ; gnd    ;              ;                     ; --           ;                 ; --       ; --           ;
; V18      ; 149        ; 4A       ; hex3[5]                         ; output ; 2.5 V        ;                     ; Column I/O   ; Y               ; no       ; Off          ;
; V19      ; 147        ; 4A       ; hex3[6]                         ; output ; 2.5 V        ;                     ; Column I/O   ; Y               ; no       ; Off          ;
; V20      ; 131        ; 4A       ; hex4[2]                         ; output ; 2.5 V        ;                     ; Column I/O   ; Y               ; no       ; Off          ;
; V21      ; 148        ; 4A       ; hex0[1]                         ; output ; 2.5 V        ;                     ; Column I/O   ; Y               ; no       ; Off          ;
; V22      ;            ;          ; GND                             ; gnd    ;              ;                     ; --           ;                 ; --       ; --           ;
; W1       ;            ; 2A       ; VREFB2AN0                       ; power  ;              ;                     ; --           ;                 ; --       ; --           ;
; W2       ; 28         ; 2A       ; RESERVED_INPUT_WITH_WEAK_PULLUP ;        ;              ;                     ; Row I/O      ;                 ; no       ; On           ;
; W3       ;            ;          ; GND                             ; gnd    ;              ;                     ; --           ;                 ; --       ; --           ;
; W4       ;            ;          ; GND                             ; gnd    ;              ;                     ; --           ;                 ; --       ; --           ;
; W5       ; 54         ; 3A       ; #TDI                            ; input  ;              ;                     ; --           ;                 ; --       ; --           ;
; W6       ;            ; 3A       ; VCCPD3A                         ; power  ;              ; 2.5V                ; --           ;                 ; --       ; --           ;
; W7       ;            ; --       ; VCC_AUX                         ; power  ;              ; 2.5V                ; --           ;                 ; --       ; --           ;
; W8       ; 63         ; 3A       ; RESERVED_INPUT_WITH_WEAK_PULLUP ;        ;              ;                     ; Column I/O   ;                 ; no       ; On           ;
; W9       ; 65         ; 3A       ; key[1]                          ; input  ; 2.5 V        ;                     ; Column I/O   ; Y               ; no       ; Off          ;
; W10      ;            ; 3B       ; VCCIO3B                         ; power  ;              ; 2.5V                ; --           ;                 ; --       ; --           ;
; W11      ;            ; 3B, 4A   ; VCCPD3B4A                       ; power  ;              ; 2.5V                ; --           ;                 ; --       ; --           ;
; W12      ;            ; 3B, 4A   ; VCCPD3B4A                       ; power  ;              ; 2.5V                ; --           ;                 ; --       ; --           ;
; W13      ;            ; --       ; VCC_AUX                         ; power  ;              ; 2.5V                ; --           ;                 ; --       ; --           ;
; W14      ;            ; 3B, 4A   ; VCCPD3B4A                       ; power  ;              ; 2.5V                ; --           ;                 ; --       ; --           ;
; W15      ;            ; 4A       ; VCCIO4A                         ; power  ;              ; 2.5V                ; --           ;                 ; --       ; --           ;
; W16      ; 136        ; 4A       ; hex3[1]                         ; output ; 2.5 V        ;                     ; Column I/O   ; Y               ; no       ; Off          ;
; W17      ;            ; 3B, 4A   ; VCCPD3B4A                       ; power  ;              ; 2.5V                ; --           ;                 ; --       ; --           ;
; W18      ;            ; --       ; VCC_AUX                         ; power  ;              ; 2.5V                ; --           ;                 ; --       ; --           ;
; W19      ; 133        ; 4A       ; hex5[6]                         ; output ; 2.5 V        ;                     ; Column I/O   ; Y               ; no       ; Off          ;
; W20      ;            ; 4A       ; VCCIO4A                         ; power  ;              ; 2.5V                ; --           ;                 ; --       ; --           ;
; W21      ; 145        ; 4A       ; hex0[3]                         ; output ; 2.5 V        ;                     ; Column I/O   ; Y               ; no       ; Off          ;
; W22      ; 140        ; 4A       ; hex0[2]                         ; output ; 2.5 V        ;                     ; Column I/O   ; Y               ; no       ; Off          ;
; Y1       ;            ;          ; GND                             ; gnd    ;              ;                     ; --           ;                 ; --       ; --           ;
; Y2       ;            ;          ; GND                             ; gnd    ;              ;                     ; --           ;                 ; --       ; --           ;
; Y3       ; 30         ; 2A       ; RESERVED_INPUT_WITH_WEAK_PULLUP ;        ;              ;                     ; Row I/O      ;                 ; no       ; On           ;
; Y4       ;            ; 2A       ; VCCIO2A                         ; power  ;              ; 2.5V                ; --           ;                 ; --       ; --           ;
; Y5       ;            ;          ; GND                             ; gnd    ;              ;                     ; --           ;                 ; --       ; --           ;
; Y6       ;            ;          ; NC                              ;        ;              ;                     ; --           ;                 ; --       ; --           ;
; Y7       ;            ; 3A       ; VREFB3AN0                       ; power  ;              ;                     ; --           ;                 ; --       ; --           ;
; Y8       ;            ; 3A       ; VCCIO3A                         ; power  ;              ; 2.5V                ; --           ;                 ; --       ; --           ;
; Y9       ; 92         ; 3B       ; RESERVED_INPUT_WITH_WEAK_PULLUP ;        ;              ;                     ; Column I/O   ;                 ; no       ; On           ;
; Y10      ; 90         ; 3B       ; RESERVED_INPUT_WITH_WEAK_PULLUP ;        ;              ;                     ; Column I/O   ;                 ; no       ; On           ;
; Y11      ; 103        ; 3B       ; RESERVED_INPUT_WITH_WEAK_PULLUP ;        ;              ;                     ; Column I/O   ;                 ; no       ; On           ;
; Y12      ;            ; 3B       ; VREFB3BN0                       ; power  ;              ;                     ; --           ;                 ; --       ; --           ;
; Y13      ;            ; 3B       ; VCCIO3B                         ; power  ;              ; 2.5V                ; --           ;                 ; --       ; --           ;
; Y14      ; 115        ; 4A       ; hex2[3]                         ; output ; 2.5 V        ;                     ; Column I/O   ; Y               ; no       ; Off          ;
; Y15      ; 117        ; 4A       ; hex4[5]                         ; output ; 2.5 V        ;                     ; Column I/O   ; Y               ; no       ; Off          ;
; Y16      ; 123        ; 4A       ; hex3[0]                         ; output ; 2.5 V        ;                     ; Column I/O   ; Y               ; no       ; Off          ;
; Y17      ; 125        ; 4A       ; hex3[2]                         ; output ; 2.5 V        ;                     ; Column I/O   ; Y               ; no       ; Off          ;
; Y18      ;            ;          ; GND                             ; gnd    ;              ;                     ; --           ;                 ; --       ; --           ;
; Y19      ; 141        ; 4A       ; hex2[0]                         ; output ; 2.5 V        ;                     ; Column I/O   ; Y               ; no       ; Off          ;
; Y20      ; 139        ; 4A       ; hex4[1]                         ; output ; 2.5 V        ;                     ; Column I/O   ; Y               ; no       ; Off          ;
; Y21      ; 143        ; 4A       ; hex0[5]                         ; output ; 2.5 V        ;                     ; Column I/O   ; Y               ; no       ; Off          ;
; Y22      ; 138        ; 4A       ; hex0[4]                         ; output ; 2.5 V        ;                     ; Column I/O   ; Y               ; no       ; Off          ;
+----------+------------+----------+---------------------------------+--------+--------------+---------------------+--------------+-----------------+----------+--------------+
Note: Pin directions (input, output or bidir) are based on device operating in user mode.


+------------------------------------------+
; I/O Assignment Warnings                  ;
+----------+-------------------------------+
; Pin Name ; Reason                        ;
+----------+-------------------------------+
; sw[0]    ; Incomplete set of assignments ;
; sw[1]    ; Incomplete set of assignments ;
; sw[2]    ; Incomplete set of assignments ;
; sw[3]    ; Incomplete set of assignments ;
; sw[4]    ; Incomplete set of assignments ;
; sw[5]    ; Incomplete set of assignments ;
; sw[6]    ; Incomplete set of assignments ;
; sw[7]    ; Incomplete set of assignments ;
; sw[8]    ; Incomplete set of assignments ;
; key[3]   ; Incomplete set of assignments ;
; hex0[0]  ; Incomplete set of assignments ;
; hex0[1]  ; Incomplete set of assignments ;
; hex0[2]  ; Incomplete set of assignments ;
; hex0[3]  ; Incomplete set of assignments ;
; hex0[4]  ; Incomplete set of assignments ;
; hex0[5]  ; Incomplete set of assignments ;
; hex0[6]  ; Incomplete set of assignments ;
; hex1[0]  ; Incomplete set of assignments ;
; hex1[1]  ; Incomplete set of assignments ;
; hex1[2]  ; Incomplete set of assignments ;
; hex1[3]  ; Incomplete set of assignments ;
; hex1[4]  ; Incomplete set of assignments ;
; hex1[5]  ; Incomplete set of assignments ;
; hex1[6]  ; Incomplete set of assignments ;
; hex2[0]  ; Incomplete set of assignments ;
; hex2[1]  ; Incomplete set of assignments ;
; hex2[2]  ; Incomplete set of assignments ;
; hex2[3]  ; Incomplete set of assignments ;
; hex2[4]  ; Incomplete set of assignments ;
; hex2[5]  ; Incomplete set of assignments ;
; hex2[6]  ; Incomplete set of assignments ;
; hex3[0]  ; Incomplete set of assignments ;
; hex3[1]  ; Incomplete set of assignments ;
; hex3[2]  ; Incomplete set of assignments ;
; hex3[3]  ; Incomplete set of assignments ;
; hex3[4]  ; Incomplete set of assignments ;
; hex3[5]  ; Incomplete set of assignments ;
; hex3[6]  ; Incomplete set of assignments ;
; hex4[0]  ; Incomplete set of assignments ;
; hex4[1]  ; Incomplete set of assignments ;
; hex4[2]  ; Incomplete set of assignments ;
; hex4[3]  ; Incomplete set of assignments ;
; hex4[4]  ; Incomplete set of assignments ;
; hex4[5]  ; Incomplete set of assignments ;
; hex4[6]  ; Incomplete set of assignments ;
; hex5[0]  ; Incomplete set of assignments ;
; hex5[1]  ; Incomplete set of assignments ;
; hex5[2]  ; Incomplete set of assignments ;
; hex5[3]  ; Incomplete set of assignments ;
; hex5[4]  ; Incomplete set of assignments ;
; hex5[5]  ; Incomplete set of assignments ;
; hex5[6]  ; Incomplete set of assignments ;
; led[0]   ; Incomplete set of assignments ;
; led[1]   ; Incomplete set of assignments ;
; led[2]   ; Incomplete set of assignments ;
; led[3]   ; Incomplete set of assignments ;
; led[4]   ; Incomplete set of assignments ;
; led[5]   ; Incomplete set of assignments ;
; led[6]   ; Incomplete set of assignments ;
; led[7]   ; Incomplete set of assignments ;
; led[8]   ; Incomplete set of assignments ;
; led[9]   ; Incomplete set of assignments ;
; vga_r[0] ; Incomplete set of assignments ;
; vga_r[1] ; Incomplete set of assignments ;
; vga_r[2] ; Incomplete set of assignments ;
; vga_r[3] ; Incomplete set of assignments ;
; vga_g[0] ; Incomplete set of assignments ;
; vga_g[1] ; Incomplete set of assignments ;
; vga_g[2] ; Incomplete set of assignments ;
; vga_g[3] ; Incomplete set of assignments ;
; vga_b[0] ; Incomplete set of assignments ;
; vga_b[1] ; Incomplete set of assignments ;
; vga_b[2] ; Incomplete set of assignments ;
; vga_b[3] ; Incomplete set of assignments ;
; vga_hs   ; Incomplete set of assignments ;
; vga_vs   ; Incomplete set of assignments ;
; ps2_clk  ; Incomplete set of assignments ;
; ps2_dat  ; Incomplete set of assignments ;
; sw[9]    ; Incomplete set of assignments ;
; reset_n  ; Incomplete set of assignments ;
; key[1]   ; Incomplete set of assignments ;
; key[0]   ; Incomplete set of assignments ;
; key[2]   ; Incomplete set of assignments ;
; clock_50 ; Incomplete set of assignments ;
; led[0]   ; Missing location assignment   ;
; led[1]   ; Missing location assignment   ;
; led[2]   ; Missing location assignment   ;
; led[3]   ; Missing location assignment   ;
; led[4]   ; Missing location assignment   ;
; led[5]   ; Missing location assignment   ;
; led[6]   ; Missing location assignment   ;
; led[7]   ; Missing location assignment   ;
; led[8]   ; Missing location assignment   ;
; led[9]   ; Missing location assignment   ;
+----------+-------------------------------+


+--------------------------------------------------------------------------------------------------------------------------------------------------------------------------------------------------------------------------------------------------------------------------------------------------------------------------------------------------------------------------------------------------------------------------------------------------------------------------------------------------------------------------+
; Fitter Resource Utilization by Entity                                                                                                                                                                                                                                                                                                                                                                                                                                                                                    ;
+----------------------------------------------+----------------------+----------------------------------+---------------------------------------------------+----------------------------------+----------------------+---------------------+---------------------------+---------------+-------------------+-------+------------+------+--------------+----------------------------------------------------------------------------------------------------------------------------+----------------------+--------------+
; Compilation Hierarchy Node                   ; ALMs needed [=A-B+C] ; [A] ALMs used in final placement ; [B] Estimate of ALMs recoverable by dense packing ; [C] Estimate of ALMs unavailable ; ALMs used for memory ; Combinational ALUTs ; Dedicated Logic Registers ; I/O Registers ; Block Memory Bits ; M10Ks ; DSP Blocks ; Pins ; Virtual Pins ; Full Hierarchy Name                                                                                                        ; Entity Name          ; Library Name ;
+----------------------------------------------+----------------------+----------------------------------+---------------------------------------------------+----------------------------------+----------------------+---------------------+---------------------------+---------------+-------------------+-------+------------+------+--------------+----------------------------------------------------------------------------------------------------------------------------+----------------------+--------------+
; |de0_cv_default                              ; 1568.5 (57.8)        ; 1638.5 (60.5)                    ; 103.0 (5.2)                                       ; 33.0 (2.5)                       ; 0.0 (0.0)            ; 2640 (84)           ; 468 (19)                  ; 0 (0)         ; 37904             ; 12    ; 8          ; 84   ; 0            ; |de0_cv_default                                                                                                            ; de0_cv_default       ; work         ;
;    |MOUSE:mouse_inst|                        ; 63.2 (63.2)          ; 83.4 (83.4)                      ; 20.4 (20.4)                                       ; 0.2 (0.2)                        ; 0.0 (0.0)            ; 110 (110)           ; 125 (125)                 ; 0 (0)         ; 0                 ; 0     ; 0          ; 0    ; 0            ; |de0_cv_default|MOUSE:mouse_inst                                                                                           ; MOUSE                ; work         ;
;    |VGA_SYNC:vga_sync_inst|                  ; 30.9 (30.9)          ; 38.3 (38.3)                      ; 8.3 (8.3)                                         ; 0.9 (0.9)                        ; 0.0 (0.0)            ; 46 (46)             ; 53 (53)                   ; 0 (0)         ; 0                 ; 0     ; 0          ; 0    ; 0            ; |de0_cv_default|VGA_SYNC:vga_sync_inst                                                                                     ; VGA_SYNC             ; work         ;
;    |bird_logic:bird_inst|                    ; 33.3 (33.3)          ; 35.3 (35.3)                      ; 2.0 (2.0)                                         ; 0.0 (0.0)                        ; 0.0 (0.0)            ; 59 (59)             ; 11 (11)                   ; 0 (0)         ; 0                 ; 0     ; 0          ; 0    ; 0            ; |de0_cv_default|bird_logic:bird_inst                                                                                       ; bird_logic           ; work         ;
;    |clk25_gen:clk_inst|                      ; 0.3 (0.3)            ; 0.3 (0.3)                        ; 0.0 (0.0)                                         ; 0.0 (0.0)                        ; 0.0 (0.0)            ; 1 (1)               ; 1 (1)                     ; 0 (0)         ; 0                 ; 0     ; 0          ; 0    ; 0            ; |de0_cv_default|clk25_gen:clk_inst                                                                                         ; clk25_gen            ; work         ;
;    |conveyor_belt:level_inst|                ; 1200.9 (1200.9)      ; 1235.1 (1235.1)                  ; 58.1 (58.1)                                       ; 23.9 (23.9)                      ; 0.0 (0.0)            ; 2033 (2033)         ; 169 (169)                 ; 0 (0)         ; 0                 ; 0     ; 8          ; 0    ; 0            ; |de0_cv_default|conveyor_belt:level_inst                                                                                   ; conveyor_belt        ; work         ;
;    |display_pixel_router:router_inst|        ; 1.7 (1.7)            ; 2.0 (2.0)                        ; 0.3 (0.3)                                         ; 0.1 (0.1)                        ; 0.0 (0.0)            ; 4 (4)               ; 0 (0)                     ; 0 (0)         ; 0                 ; 0     ; 0          ; 0    ; 0            ; |de0_cv_default|display_pixel_router:router_inst                                                                           ; display_pixel_router ; work         ;
;    |game_fsm:fsm_inst|                       ; 9.7 (9.7)            ; 9.8 (9.8)                        ; 0.2 (0.2)                                         ; 0.0 (0.0)                        ; 0.0 (0.0)            ; 13 (13)             ; 6 (6)                     ; 0 (0)         ; 0                 ; 0     ; 0          ; 0    ; 0            ; |de0_cv_default|game_fsm:fsm_inst                                                                                          ; game_fsm             ; work         ;
;    |lfsr:lfsr_inst|                          ; 4.0 (4.0)            ; 4.0 (4.0)                        ; 0.0 (0.0)                                         ; 0.0 (0.0)                        ; 0.0 (0.0)            ; 8 (8)               ; 8 (8)                     ; 0 (0)         ; 0                 ; 0     ; 0          ; 0    ; 0            ; |de0_cv_default|lfsr:lfsr_inst                                                                                             ; lfsr                 ; work         ;
;    |score_lives:score_inst|                  ; 61.8 (61.8)          ; 65.8 (65.8)                      ; 4.0 (4.0)                                         ; 0.0 (0.0)                        ; 0.0 (0.0)            ; 103 (103)           ; 76 (76)                   ; 0 (0)         ; 0                 ; 0     ; 0          ; 0    ; 0            ; |de0_cv_default|score_lives:score_inst                                                                                     ; score_lives          ; work         ;
;    |seven_seg:seg_lives|                     ; 3.5 (3.5)            ; 4.0 (4.0)                        ; 0.5 (0.5)                                         ; 0.0 (0.0)                        ; 0.0 (0.0)            ; 8 (8)               ; 0 (0)                     ; 0 (0)         ; 0                 ; 0     ; 0          ; 0    ; 0            ; |de0_cv_default|seven_seg:seg_lives                                                                                        ; seven_seg            ; work         ;
;    |seven_seg:seg_lvl|                       ; 2.7 (2.7)            ; 2.5 (2.5)                        ; 0.0 (0.0)                                         ; 0.2 (0.2)                        ; 0.0 (0.0)            ; 5 (5)               ; 0 (0)                     ; 0 (0)         ; 0                 ; 0     ; 0          ; 0    ; 0            ; |de0_cv_default|seven_seg:seg_lvl                                                                                          ; seven_seg            ; work         ;
;    |seven_seg:seg_score0|                    ; 3.3 (3.3)            ; 3.3 (3.3)                        ; 0.0 (0.0)                                         ; 0.0 (0.0)                        ; 0.0 (0.0)            ; 7 (7)               ; 0 (0)                     ; 0 (0)         ; 0                 ; 0     ; 0          ; 0    ; 0            ; |de0_cv_default|seven_seg:seg_score0                                                                                       ; seven_seg            ; work         ;
;    |seven_seg:seg_score1|                    ; 2.8 (2.8)            ; 3.0 (3.0)                        ; 0.2 (0.2)                                         ; 0.0 (0.0)                        ; 0.0 (0.0)            ; 7 (7)               ; 0 (0)                     ; 0 (0)         ; 0                 ; 0     ; 0          ; 0    ; 0            ; |de0_cv_default|seven_seg:seg_score1                                                                                       ; seven_seg            ; work         ;
;    |sprite_rom:bird_rom|                     ; 0.0 (0.0)            ; 0.0 (0.0)                        ; 0.0 (0.0)                                         ; 0.0 (0.0)                        ; 0.0 (0.0)            ; 0 (0)               ; 0 (0)                     ; 0 (0)         ; 768               ; 1     ; 0          ; 0    ; 0            ; |de0_cv_default|sprite_rom:bird_rom                                                                                        ; sprite_rom           ; work         ;
;       |altsyncram:altsyncram_component|      ; 0.0 (0.0)            ; 0.0 (0.0)                        ; 0.0 (0.0)                                         ; 0.0 (0.0)                        ; 0.0 (0.0)            ; 0 (0)               ; 0 (0)                     ; 0 (0)         ; 768               ; 1     ; 0          ; 0    ; 0            ; |de0_cv_default|sprite_rom:bird_rom|altsyncram:altsyncram_component                                                        ; altsyncram           ; work         ;
;          |altsyncram_55c1:auto_generated|    ; 0.0 (0.0)            ; 0.0 (0.0)                        ; 0.0 (0.0)                                         ; 0.0 (0.0)                        ; 0.0 (0.0)            ; 0 (0)               ; 0 (0)                     ; 0 (0)         ; 768               ; 1     ; 0          ; 0    ; 0            ; |de0_cv_default|sprite_rom:bird_rom|altsyncram:altsyncram_component|altsyncram_55c1:auto_generated                         ; altsyncram_55c1      ; work         ;
;    |sprite_rom:gift_rom|                     ; 0.0 (0.0)            ; 0.0 (0.0)                        ; 0.0 (0.0)                                         ; 0.0 (0.0)                        ; 0.0 (0.0)            ; 0 (0)               ; 0 (0)                     ; 0 (0)         ; 1200              ; 1     ; 0          ; 0    ; 0            ; |de0_cv_default|sprite_rom:gift_rom                                                                                        ; sprite_rom           ; work         ;
;       |altsyncram:altsyncram_component|      ; 0.0 (0.0)            ; 0.0 (0.0)                        ; 0.0 (0.0)                                         ; 0.0 (0.0)                        ; 0.0 (0.0)            ; 0 (0)               ; 0 (0)                     ; 0 (0)         ; 1200              ; 1     ; 0          ; 0    ; 0            ; |de0_cv_default|sprite_rom:gift_rom|altsyncram:altsyncram_component                                                        ; altsyncram           ; work         ;
;          |altsyncram_l8c1:auto_generated|    ; 0.0 (0.0)            ; 0.0 (0.0)                        ; 0.0 (0.0)                                         ; 0.0 (0.0)                        ; 0.0 (0.0)            ; 0 (0)               ; 0 (0)                     ; 0 (0)         ; 1200              ; 1     ; 0          ; 0    ; 0            ; |de0_cv_default|sprite_rom:gift_rom|altsyncram:altsyncram_component|altsyncram_l8c1:auto_generated                         ; altsyncram_l8c1      ; work         ;
;    |sprite_rom:ground_rom|                   ; 0.0 (0.0)            ; 0.0 (0.0)                        ; 0.0 (0.0)                                         ; 0.0 (0.0)                        ; 0.0 (0.0)            ; 0 (0)               ; 0 (0)                     ; 0 (0)         ; 768               ; 1     ; 0          ; 0    ; 0            ; |de0_cv_default|sprite_rom:ground_rom                                                                                      ; sprite_rom           ; work         ;
;       |altsyncram:altsyncram_component|      ; 0.0 (0.0)            ; 0.0 (0.0)                        ; 0.0 (0.0)                                         ; 0.0 (0.0)                        ; 0.0 (0.0)            ; 0 (0)               ; 0 (0)                     ; 0 (0)         ; 768               ; 1     ; 0          ; 0    ; 0            ; |de0_cv_default|sprite_rom:ground_rom|altsyncram:altsyncram_component                                                      ; altsyncram           ; work         ;
;          |altsyncram_2gc1:auto_generated|    ; 0.0 (0.0)            ; 0.0 (0.0)                        ; 0.0 (0.0)                                         ; 0.0 (0.0)                        ; 0.0 (0.0)            ; 0 (0)               ; 0 (0)                     ; 0 (0)         ; 768               ; 1     ; 0          ; 0    ; 0            ; |de0_cv_default|sprite_rom:ground_rom|altsyncram:altsyncram_component|altsyncram_2gc1:auto_generated                       ; altsyncram_2gc1      ; work         ;
;    |sprite_rom:pipecap_rom|                  ; 0.0 (0.0)            ; 0.0 (0.0)                        ; 0.0 (0.0)                                         ; 0.0 (0.0)                        ; 0.0 (0.0)            ; 0 (0)               ; 0 (0)                     ; 0 (0)         ; 2400              ; 1     ; 0          ; 0    ; 0            ; |de0_cv_default|sprite_rom:pipecap_rom                                                                                     ; sprite_rom           ; work         ;
;       |altsyncram:altsyncram_component|      ; 0.0 (0.0)            ; 0.0 (0.0)                        ; 0.0 (0.0)                                         ; 0.0 (0.0)                        ; 0.0 (0.0)            ; 0 (0)               ; 0 (0)                     ; 0 (0)         ; 2400              ; 1     ; 0          ; 0    ; 0            ; |de0_cv_default|sprite_rom:pipecap_rom|altsyncram:altsyncram_component                                                     ; altsyncram           ; work         ;
;          |altsyncram_pjc1:auto_generated|    ; 0.0 (0.0)            ; 0.0 (0.0)                        ; 0.0 (0.0)                                         ; 0.0 (0.0)                        ; 0.0 (0.0)            ; 0 (0)               ; 0 (0)                     ; 0 (0)         ; 2400              ; 1     ; 0          ; 0    ; 0            ; |de0_cv_default|sprite_rom:pipecap_rom|altsyncram:altsyncram_component|altsyncram_pjc1:auto_generated                      ; altsyncram_pjc1      ; work         ;
;    |text_engine:t_menu_game|                 ; 9.2 (6.5)            ; 8.5 (6.5)                        ; 0.0 (0.0)                                         ; 0.8 (0.0)                        ; 0.0 (0.0)            ; 15 (13)             ; 0 (0)                     ; 0 (0)         ; 4096              ; 1     ; 0          ; 0    ; 0            ; |de0_cv_default|text_engine:t_menu_game                                                                                    ; text_engine          ; work         ;
;       |char_rom:rom_inst|                    ; 2.8 (2.8)            ; 2.0 (2.0)                        ; 0.0 (0.0)                                         ; 0.8 (0.8)                        ; 0.0 (0.0)            ; 2 (2)               ; 0 (0)                     ; 0 (0)         ; 4096              ; 1     ; 0          ; 0    ; 0            ; |de0_cv_default|text_engine:t_menu_game|char_rom:rom_inst                                                                  ; char_rom             ; work         ;
;          |altsyncram:altsyncram_component|   ; 0.0 (0.0)            ; 0.0 (0.0)                        ; 0.0 (0.0)                                         ; 0.0 (0.0)                        ; 0.0 (0.0)            ; 0 (0)               ; 0 (0)                     ; 0 (0)         ; 4096              ; 1     ; 0          ; 0    ; 0            ; |de0_cv_default|text_engine:t_menu_game|char_rom:rom_inst|altsyncram:altsyncram_component                                  ; altsyncram           ; work         ;
;             |altsyncram_d5g1:auto_generated| ; 0.0 (0.0)            ; 0.0 (0.0)                        ; 0.0 (0.0)                                         ; 0.0 (0.0)                        ; 0.0 (0.0)            ; 0 (0)               ; 0 (0)                     ; 0 (0)         ; 4096              ; 1     ; 0          ; 0    ; 0            ; |de0_cv_default|text_engine:t_menu_game|char_rom:rom_inst|altsyncram:altsyncram_component|altsyncram_d5g1:auto_generated   ; altsyncram_d5g1      ; work         ;
;    |text_engine:t_menu_train|                ; 10.4 (8.4)           ; 10.3 (8.3)                       ; 0.1 (0.1)                                         ; 0.1 (0.1)                        ; 0.0 (0.0)            ; 18 (16)             ; 0 (0)                     ; 0 (0)         ; 4096              ; 1     ; 0          ; 0    ; 0            ; |de0_cv_default|text_engine:t_menu_train                                                                                   ; text_engine          ; work         ;
;       |char_rom:rom_inst|                    ; 2.0 (2.0)            ; 2.0 (2.0)                        ; 0.0 (0.0)                                         ; 0.0 (0.0)                        ; 0.0 (0.0)            ; 2 (2)               ; 0 (0)                     ; 0 (0)         ; 4096              ; 1     ; 0          ; 0    ; 0            ; |de0_cv_default|text_engine:t_menu_train|char_rom:rom_inst                                                                 ; char_rom             ; work         ;
;          |altsyncram:altsyncram_component|   ; 0.0 (0.0)            ; 0.0 (0.0)                        ; 0.0 (0.0)                                         ; 0.0 (0.0)                        ; 0.0 (0.0)            ; 0 (0)               ; 0 (0)                     ; 0 (0)         ; 4096              ; 1     ; 0          ; 0    ; 0            ; |de0_cv_default|text_engine:t_menu_train|char_rom:rom_inst|altsyncram:altsyncram_component                                 ; altsyncram           ; work         ;
;             |altsyncram_d5g1:auto_generated| ; 0.0 (0.0)            ; 0.0 (0.0)                        ; 0.0 (0.0)                                         ; 0.0 (0.0)                        ; 0.0 (0.0)            ; 0 (0)               ; 0 (0)                     ; 0 (0)         ; 4096              ; 1     ; 0          ; 0    ; 0            ; |de0_cv_default|text_engine:t_menu_train|char_rom:rom_inst|altsyncram:altsyncram_component|altsyncram_d5g1:auto_generated  ; altsyncram_d5g1      ; work         ;
;    |text_engine:t_over|                      ; 16.9 (14.9)          ; 16.8 (14.8)                      ; 0.1 (0.1)                                         ; 0.1 (0.1)                        ; 0.0 (0.0)            ; 29 (27)             ; 0 (0)                     ; 0 (0)         ; 4096              ; 1     ; 0          ; 0    ; 0            ; |de0_cv_default|text_engine:t_over                                                                                         ; text_engine          ; work         ;
;       |char_rom:rom_inst|                    ; 2.0 (2.0)            ; 2.0 (2.0)                        ; 0.0 (0.0)                                         ; 0.0 (0.0)                        ; 0.0 (0.0)            ; 2 (2)               ; 0 (0)                     ; 0 (0)         ; 4096              ; 1     ; 0          ; 0    ; 0            ; |de0_cv_default|text_engine:t_over|char_rom:rom_inst                                                                       ; char_rom             ; work         ;
;          |altsyncram:altsyncram_component|   ; 0.0 (0.0)            ; 0.0 (0.0)                        ; 0.0 (0.0)                                         ; 0.0 (0.0)                        ; 0.0 (0.0)            ; 0 (0)               ; 0 (0)                     ; 0 (0)         ; 4096              ; 1     ; 0          ; 0    ; 0            ; |de0_cv_default|text_engine:t_over|char_rom:rom_inst|altsyncram:altsyncram_component                                       ; altsyncram           ; work         ;
;             |altsyncram_d5g1:auto_generated| ; 0.0 (0.0)            ; 0.0 (0.0)                        ; 0.0 (0.0)                                         ; 0.0 (0.0)                        ; 0.0 (0.0)            ; 0 (0)               ; 0 (0)                     ; 0 (0)         ; 4096              ; 1     ; 0          ; 0    ; 0            ; |de0_cv_default|text_engine:t_over|char_rom:rom_inst|altsyncram:altsyncram_component|altsyncram_d5g1:auto_generated        ; altsyncram_d5g1      ; work         ;
;    |text_engine:t_pause|                     ; 9.6 (7.2)            ; 9.0 (7.0)                        ; 0.5 (0.5)                                         ; 1.1 (0.7)                        ; 0.0 (0.0)            ; 15 (13)             ; 0 (0)                     ; 0 (0)         ; 4096              ; 1     ; 0          ; 0    ; 0            ; |de0_cv_default|text_engine:t_pause                                                                                        ; text_engine          ; work         ;
;       |char_rom:rom_inst|                    ; 2.4 (2.4)            ; 2.0 (2.0)                        ; 0.0 (0.0)                                         ; 0.4 (0.4)                        ; 0.0 (0.0)            ; 2 (2)               ; 0 (0)                     ; 0 (0)         ; 4096              ; 1     ; 0          ; 0    ; 0            ; |de0_cv_default|text_engine:t_pause|char_rom:rom_inst                                                                      ; char_rom             ; work         ;
;          |altsyncram:altsyncram_component|   ; 0.0 (0.0)            ; 0.0 (0.0)                        ; 0.0 (0.0)                                         ; 0.0 (0.0)                        ; 0.0 (0.0)            ; 0 (0)               ; 0 (0)                     ; 0 (0)         ; 4096              ; 1     ; 0          ; 0    ; 0            ; |de0_cv_default|text_engine:t_pause|char_rom:rom_inst|altsyncram:altsyncram_component                                      ; altsyncram           ; work         ;
;             |altsyncram_d5g1:auto_generated| ; 0.0 (0.0)            ; 0.0 (0.0)                        ; 0.0 (0.0)                                         ; 0.0 (0.0)                        ; 0.0 (0.0)            ; 0 (0)               ; 0 (0)                     ; 0 (0)         ; 4096              ; 1     ; 0          ; 0    ; 0            ; |de0_cv_default|text_engine:t_pause|char_rom:rom_inst|altsyncram:altsyncram_component|altsyncram_d5g1:auto_generated       ; altsyncram_d5g1      ; work         ;
;    |text_engine:t_play_game|                 ; 8.7 (6.7)            ; 8.3 (6.3)                        ; 0.3 (0.3)                                         ; 0.7 (0.7)                        ; 0.0 (0.0)            ; 13 (11)             ; 0 (0)                     ; 0 (0)         ; 4096              ; 1     ; 0          ; 0    ; 0            ; |de0_cv_default|text_engine:t_play_game                                                                                    ; text_engine          ; work         ;
;       |char_rom:rom_inst|                    ; 2.0 (2.0)            ; 2.0 (2.0)                        ; 0.0 (0.0)                                         ; 0.0 (0.0)                        ; 0.0 (0.0)            ; 2 (2)               ; 0 (0)                     ; 0 (0)         ; 4096              ; 1     ; 0          ; 0    ; 0            ; |de0_cv_default|text_engine:t_play_game|char_rom:rom_inst                                                                  ; char_rom             ; work         ;
;          |altsyncram:altsyncram_component|   ; 0.0 (0.0)            ; 0.0 (0.0)                        ; 0.0 (0.0)                                         ; 0.0 (0.0)                        ; 0.0 (0.0)            ; 0 (0)               ; 0 (0)                     ; 0 (0)         ; 4096              ; 1     ; 0          ; 0    ; 0            ; |de0_cv_default|text_engine:t_play_game|char_rom:rom_inst|altsyncram:altsyncram_component                                  ; altsyncram           ; work         ;
;             |altsyncram_d5g1:auto_generated| ; 0.0 (0.0)            ; 0.0 (0.0)                        ; 0.0 (0.0)                                         ; 0.0 (0.0)                        ; 0.0 (0.0)            ; 0 (0)               ; 0 (0)                     ; 0 (0)         ; 4096              ; 1     ; 0          ; 0    ; 0            ; |de0_cv_default|text_engine:t_play_game|char_rom:rom_inst|altsyncram:altsyncram_component|altsyncram_d5g1:auto_generated   ; altsyncram_d5g1      ; work         ;
;    |text_engine:t_play_train|                ; 9.6 (7.2)            ; 9.5 (7.5)                        ; 0.5 (0.5)                                         ; 0.6 (0.2)                        ; 0.0 (0.0)            ; 15 (13)             ; 0 (0)                     ; 0 (0)         ; 4096              ; 1     ; 0          ; 0    ; 0            ; |de0_cv_default|text_engine:t_play_train                                                                                   ; text_engine          ; work         ;
;       |char_rom:rom_inst|                    ; 2.4 (2.4)            ; 2.0 (2.0)                        ; 0.0 (0.0)                                         ; 0.4 (0.4)                        ; 0.0 (0.0)            ; 2 (2)               ; 0 (0)                     ; 0 (0)         ; 4096              ; 1     ; 0          ; 0    ; 0            ; |de0_cv_default|text_engine:t_play_train|char_rom:rom_inst                                                                 ; char_rom             ; work         ;
;          |altsyncram:altsyncram_component|   ; 0.0 (0.0)            ; 0.0 (0.0)                        ; 0.0 (0.0)                                         ; 0.0 (0.0)                        ; 0.0 (0.0)            ; 0 (0)               ; 0 (0)                     ; 0 (0)         ; 4096              ; 1     ; 0          ; 0    ; 0            ; |de0_cv_default|text_engine:t_play_train|char_rom:rom_inst|altsyncram:altsyncram_component                                 ; altsyncram           ; work         ;
;             |altsyncram_d5g1:auto_generated| ; 0.0 (0.0)            ; 0.0 (0.0)                        ; 0.0 (0.0)                                         ; 0.0 (0.0)                        ; 0.0 (0.0)            ; 0 (0)               ; 0 (0)                     ; 0 (0)         ; 4096              ; 1     ; 0          ; 0    ; 0            ; |de0_cv_default|text_engine:t_play_train|char_rom:rom_inst|altsyncram:altsyncram_component|altsyncram_d5g1:auto_generated  ; altsyncram_d5g1      ; work         ;
;    |text_engine:t_press_start|               ; 14.0 (12.0)          ; 14.5 (12.5)                      ; 0.5 (0.5)                                         ; 0.0 (0.0)                        ; 0.0 (0.0)            ; 26 (24)             ; 0 (0)                     ; 0 (0)         ; 4096              ; 1     ; 0          ; 0    ; 0            ; |de0_cv_default|text_engine:t_press_start                                                                                  ; text_engine          ; work         ;
;       |char_rom:rom_inst|                    ; 2.0 (2.0)            ; 2.0 (2.0)                        ; 0.0 (0.0)                                         ; 0.0 (0.0)                        ; 0.0 (0.0)            ; 2 (2)               ; 0 (0)                     ; 0 (0)         ; 4096              ; 1     ; 0          ; 0    ; 0            ; |de0_cv_default|text_engine:t_press_start|char_rom:rom_inst                                                                ; char_rom             ; work         ;
;          |altsyncram:altsyncram_component|   ; 0.0 (0.0)            ; 0.0 (0.0)                        ; 0.0 (0.0)                                         ; 0.0 (0.0)                        ; 0.0 (0.0)            ; 0 (0)               ; 0 (0)                     ; 0 (0)         ; 4096              ; 1     ; 0          ; 0    ; 0            ; |de0_cv_default|text_engine:t_press_start|char_rom:rom_inst|altsyncram:altsyncram_component                                ; altsyncram           ; work         ;
;             |altsyncram_d5g1:auto_generated| ; 0.0 (0.0)            ; 0.0 (0.0)                        ; 0.0 (0.0)                                         ; 0.0 (0.0)                        ; 0.0 (0.0)            ; 0 (0)               ; 0 (0)                     ; 0 (0)         ; 4096              ; 1     ; 0          ; 0    ; 0            ; |de0_cv_default|text_engine:t_press_start|char_rom:rom_inst|altsyncram:altsyncram_component|altsyncram_d5g1:auto_generated ; altsyncram_d5g1      ; work         ;
;    |text_engine:t_title|                     ; 13.9 (11.2)          ; 14.0 (12.0)                      ; 2.0 (2.0)                                         ; 1.9 (1.2)                        ; 0.0 (0.0)            ; 21 (19)             ; 0 (0)                     ; 0 (0)         ; 4096              ; 1     ; 0          ; 0    ; 0            ; |de0_cv_default|text_engine:t_title                                                                                        ; text_engine          ; work         ;
;       |char_rom:rom_inst|                    ; 2.8 (2.8)            ; 2.0 (2.0)                        ; 0.0 (0.0)                                         ; 0.8 (0.8)                        ; 0.0 (0.0)            ; 2 (2)               ; 0 (0)                     ; 0 (0)         ; 4096              ; 1     ; 0          ; 0    ; 0            ; |de0_cv_default|text_engine:t_title|char_rom:rom_inst                                                                      ; char_rom             ; work         ;
;          |altsyncram:altsyncram_component|   ; 0.0 (0.0)            ; 0.0 (0.0)                        ; 0.0 (0.0)                                         ; 0.0 (0.0)                        ; 0.0 (0.0)            ; 0 (0)               ; 0 (0)                     ; 0 (0)         ; 4096              ; 1     ; 0          ; 0    ; 0            ; |de0_cv_default|text_engine:t_title|char_rom:rom_inst|altsyncram:altsyncram_component                                      ; altsyncram           ; work         ;
;             |altsyncram_d5g1:auto_generated| ; 0.0 (0.0)            ; 0.0 (0.0)                        ; 0.0 (0.0)                                         ; 0.0 (0.0)                        ; 0.0 (0.0)            ; 0 (0)               ; 0 (0)                     ; 0 (0)         ; 4096              ; 1     ; 0          ; 0    ; 0            ; |de0_cv_default|text_engine:t_title|char_rom:rom_inst|altsyncram:altsyncram_component|altsyncram_d5g1:auto_generated       ; altsyncram_d5g1      ; work         ;
+----------------------------------------------+----------------------+----------------------------------+---------------------------------------------------+----------------------------------+----------------------+---------------------+---------------------------+---------------+-------------------+-------+------------+------+--------------+----------------------------------------------------------------------------------------------------------------------------+----------------------+--------------+
Note: For table entries with two numbers listed, the numbers in parentheses indicate the number of resources of the given type used by the specific entity alone. The numbers listed outside of parentheses indicate the total resources of the given type used by the specific entity and all of its sub-entities in the hierarchy.


+-------------------------------------------------------------------------------------------------------------------------+
; Delay Chain Summary                                                                                                     ;
+----------+----------+----+------+------+----+------+-------+--------+------------------------+--------------------------+
; Name     ; Pin Type ; D1 ; D3_0 ; D3_1 ; D4 ; D5   ; D5 OE ; D5 OCT ; T11 (Postamble Gating) ; T11 (Postamble Ungating) ;
+----------+----------+----+------+------+----+------+-------+--------+------------------------+--------------------------+
; sw[0]    ; Input    ; -- ; --   ; --   ; -- ; --   ; --    ; --     ; --                     ; --                       ;
; sw[1]    ; Input    ; -- ; --   ; --   ; -- ; --   ; --    ; --     ; --                     ; --                       ;
; sw[2]    ; Input    ; -- ; --   ; --   ; -- ; --   ; --    ; --     ; --                     ; --                       ;
; sw[3]    ; Input    ; -- ; --   ; --   ; -- ; --   ; --    ; --     ; --                     ; --                       ;
; sw[4]    ; Input    ; -- ; --   ; --   ; -- ; --   ; --    ; --     ; --                     ; --                       ;
; sw[5]    ; Input    ; -- ; --   ; --   ; -- ; --   ; --    ; --     ; --                     ; --                       ;
; sw[6]    ; Input    ; -- ; --   ; --   ; -- ; --   ; --    ; --     ; --                     ; --                       ;
; sw[7]    ; Input    ; -- ; --   ; --   ; -- ; --   ; --    ; --     ; --                     ; --                       ;
; sw[8]    ; Input    ; -- ; --   ; --   ; -- ; --   ; --    ; --     ; --                     ; --                       ;
; key[3]   ; Input    ; -- ; --   ; --   ; -- ; --   ; --    ; --     ; --                     ; --                       ;
; hex0[0]  ; Output   ; -- ; --   ; --   ; -- ; (0)  ; (31)  ; --     ; --                     ; --                       ;
; hex0[1]  ; Output   ; -- ; --   ; --   ; -- ; (0)  ; (31)  ; --     ; --                     ; --                       ;
; hex0[2]  ; Output   ; -- ; --   ; --   ; -- ; (0)  ; (31)  ; --     ; --                     ; --                       ;
; hex0[3]  ; Output   ; -- ; --   ; --   ; -- ; (0)  ; (31)  ; --     ; --                     ; --                       ;
; hex0[4]  ; Output   ; -- ; --   ; --   ; -- ; (0)  ; (31)  ; --     ; --                     ; --                       ;
; hex0[5]  ; Output   ; -- ; --   ; --   ; -- ; (0)  ; (31)  ; --     ; --                     ; --                       ;
; hex0[6]  ; Output   ; -- ; --   ; --   ; -- ; (0)  ; (31)  ; --     ; --                     ; --                       ;
; hex1[0]  ; Output   ; -- ; --   ; --   ; -- ; (0)  ; (31)  ; --     ; --                     ; --                       ;
; hex1[1]  ; Output   ; -- ; --   ; --   ; -- ; (0)  ; (31)  ; --     ; --                     ; --                       ;
; hex1[2]  ; Output   ; -- ; --   ; --   ; -- ; (0)  ; (31)  ; --     ; --                     ; --                       ;
; hex1[3]  ; Output   ; -- ; --   ; --   ; -- ; (0)  ; (31)  ; --     ; --                     ; --                       ;
; hex1[4]  ; Output   ; -- ; --   ; --   ; -- ; (0)  ; (31)  ; --     ; --                     ; --                       ;
; hex1[5]  ; Output   ; -- ; --   ; --   ; -- ; (0)  ; (31)  ; --     ; --                     ; --                       ;
; hex1[6]  ; Output   ; -- ; --   ; --   ; -- ; (0)  ; (31)  ; --     ; --                     ; --                       ;
; hex2[0]  ; Output   ; -- ; --   ; --   ; -- ; (0)  ; (31)  ; --     ; --                     ; --                       ;
; hex2[1]  ; Output   ; -- ; --   ; --   ; -- ; (0)  ; (31)  ; --     ; --                     ; --                       ;
; hex2[2]  ; Output   ; -- ; --   ; --   ; -- ; (0)  ; (31)  ; --     ; --                     ; --                       ;
; hex2[3]  ; Output   ; -- ; --   ; --   ; -- ; (0)  ; (31)  ; --     ; --                     ; --                       ;
; hex2[4]  ; Output   ; -- ; --   ; --   ; -- ; (0)  ; (31)  ; --     ; --                     ; --                       ;
; hex2[5]  ; Output   ; -- ; --   ; --   ; -- ; (0)  ; (31)  ; --     ; --                     ; --                       ;
; hex2[6]  ; Output   ; -- ; --   ; --   ; -- ; (0)  ; (31)  ; --     ; --                     ; --                       ;
; hex3[0]  ; Output   ; -- ; --   ; --   ; -- ; (0)  ; (31)  ; --     ; --                     ; --                       ;
; hex3[1]  ; Output   ; -- ; --   ; --   ; -- ; (0)  ; (31)  ; --     ; --                     ; --                       ;
; hex3[2]  ; Output   ; -- ; --   ; --   ; -- ; (0)  ; (31)  ; --     ; --                     ; --                       ;
; hex3[3]  ; Output   ; -- ; --   ; --   ; -- ; (0)  ; (31)  ; --     ; --                     ; --                       ;
; hex3[4]  ; Output   ; -- ; --   ; --   ; -- ; (0)  ; (31)  ; --     ; --                     ; --                       ;
; hex3[5]  ; Output   ; -- ; --   ; --   ; -- ; (0)  ; (31)  ; --     ; --                     ; --                       ;
; hex3[6]  ; Output   ; -- ; --   ; --   ; -- ; (0)  ; (31)  ; --     ; --                     ; --                       ;
; hex4[0]  ; Output   ; -- ; --   ; --   ; -- ; (0)  ; (31)  ; --     ; --                     ; --                       ;
; hex4[1]  ; Output   ; -- ; --   ; --   ; -- ; (0)  ; (31)  ; --     ; --                     ; --                       ;
; hex4[2]  ; Output   ; -- ; --   ; --   ; -- ; (0)  ; (31)  ; --     ; --                     ; --                       ;
; hex4[3]  ; Output   ; -- ; --   ; --   ; -- ; (0)  ; (31)  ; --     ; --                     ; --                       ;
; hex4[4]  ; Output   ; -- ; --   ; --   ; -- ; (0)  ; (31)  ; --     ; --                     ; --                       ;
; hex4[5]  ; Output   ; -- ; --   ; --   ; -- ; (0)  ; (31)  ; --     ; --                     ; --                       ;
; hex4[6]  ; Output   ; -- ; --   ; --   ; -- ; (0)  ; (31)  ; --     ; --                     ; --                       ;
; hex5[0]  ; Output   ; -- ; --   ; --   ; -- ; (0)  ; (31)  ; --     ; --                     ; --                       ;
; hex5[1]  ; Output   ; -- ; --   ; --   ; -- ; (0)  ; (31)  ; --     ; --                     ; --                       ;
; hex5[2]  ; Output   ; -- ; --   ; --   ; -- ; (0)  ; (31)  ; --     ; --                     ; --                       ;
; hex5[3]  ; Output   ; -- ; --   ; --   ; -- ; (0)  ; (31)  ; --     ; --                     ; --                       ;
; hex5[4]  ; Output   ; -- ; --   ; --   ; -- ; (0)  ; (31)  ; --     ; --                     ; --                       ;
; hex5[5]  ; Output   ; -- ; --   ; --   ; -- ; (0)  ; (31)  ; --     ; --                     ; --                       ;
; hex5[6]  ; Output   ; -- ; --   ; --   ; -- ; (0)  ; (31)  ; --     ; --                     ; --                       ;
; led[0]   ; Output   ; -- ; --   ; --   ; -- ; (0)  ; (31)  ; --     ; --                     ; --                       ;
; led[1]   ; Output   ; -- ; --   ; --   ; -- ; (0)  ; (31)  ; --     ; --                     ; --                       ;
; led[2]   ; Output   ; -- ; --   ; --   ; -- ; (0)  ; (31)  ; --     ; --                     ; --                       ;
; led[3]   ; Output   ; -- ; --   ; --   ; -- ; (0)  ; (31)  ; --     ; --                     ; --                       ;
; led[4]   ; Output   ; -- ; --   ; --   ; -- ; (0)  ; (31)  ; --     ; --                     ; --                       ;
; led[5]   ; Output   ; -- ; --   ; --   ; -- ; (0)  ; (31)  ; --     ; --                     ; --                       ;
; led[6]   ; Output   ; -- ; --   ; --   ; -- ; (0)  ; (31)  ; --     ; --                     ; --                       ;
; led[7]   ; Output   ; -- ; --   ; --   ; -- ; (0)  ; (31)  ; --     ; --                     ; --                       ;
; led[8]   ; Output   ; -- ; --   ; --   ; -- ; (0)  ; (31)  ; --     ; --                     ; --                       ;
; led[9]   ; Output   ; -- ; --   ; --   ; -- ; (0)  ; (31)  ; --     ; --                     ; --                       ;
; vga_r[0] ; Output   ; -- ; --   ; --   ; -- ; (0)  ; (31)  ; --     ; --                     ; --                       ;
; vga_r[1] ; Output   ; -- ; --   ; --   ; -- ; (0)  ; (31)  ; --     ; --                     ; --                       ;
; vga_r[2] ; Output   ; -- ; --   ; --   ; -- ; (0)  ; (31)  ; --     ; --                     ; --                       ;
; vga_r[3] ; Output   ; -- ; --   ; --   ; -- ; (0)  ; (31)  ; --     ; --                     ; --                       ;
; vga_g[0] ; Output   ; -- ; --   ; --   ; -- ; (0)  ; (31)  ; --     ; --                     ; --                       ;
; vga_g[1] ; Output   ; -- ; --   ; --   ; -- ; (0)  ; (31)  ; --     ; --                     ; --                       ;
; vga_g[2] ; Output   ; -- ; --   ; --   ; -- ; (0)  ; (31)  ; --     ; --                     ; --                       ;
; vga_g[3] ; Output   ; -- ; --   ; --   ; -- ; (0)  ; (31)  ; --     ; --                     ; --                       ;
; vga_b[0] ; Output   ; -- ; --   ; --   ; -- ; (0)  ; (31)  ; --     ; --                     ; --                       ;
; vga_b[1] ; Output   ; -- ; --   ; --   ; -- ; (0)  ; (31)  ; --     ; --                     ; --                       ;
; vga_b[2] ; Output   ; -- ; --   ; --   ; -- ; (0)  ; (31)  ; --     ; --                     ; --                       ;
; vga_b[3] ; Output   ; -- ; --   ; --   ; -- ; (0)  ; (31)  ; --     ; --                     ; --                       ;
; vga_hs   ; Output   ; -- ; --   ; --   ; -- ; (0)  ; (31)  ; --     ; --                     ; --                       ;
; vga_vs   ; Output   ; -- ; --   ; --   ; -- ; (0)  ; (31)  ; --     ; --                     ; --                       ;
; ps2_clk  ; Bidir    ; -- ; (0)  ; --   ; -- ; (0)  ; (31)  ; --     ; --                     ; --                       ;
; ps2_dat  ; Bidir    ; -- ; (0)  ; --   ; -- ; (0)  ; (31)  ; --     ; --                     ; --                       ;
; sw[9]    ; Input    ; -- ; (0)  ; --   ; -- ; --   ; --    ; --     ; --                     ; --                       ;
; reset_n  ; Input    ; -- ; --   ; (0)  ; -- ; --   ; --    ; --     ; --                     ; --                       ;
; key[1]   ; Input    ; -- ; (0)  ; --   ; -- ; --   ; --    ; --     ; --                     ; --                       ;
; key[0]   ; Input    ; -- ; --   ; (0)  ; -- ; --   ; --    ; --     ; --                     ; --                       ;
; key[2]   ; Input    ; -- ; --   ; (0)  ; -- ; --   ; --    ; --     ; --                     ; --                       ;
; clock_50 ; Input    ; -- ; --   ; (0)  ; -- ; --   ; --    ; --     ; --                     ; --                       ;
+----------+----------+----+------+------+----+------+-------+--------+------------------------+--------------------------+


+----------------------------------------------------------------------------------------+
; Pad To Core Delay Chain Fanout                                                         ;
+----------------------------------------------------------+-------------------+---------+
; Source Pin / Fanout                                      ; Pad To Core Index ; Setting ;
+----------------------------------------------------------+-------------------+---------+
; sw[0]                                                    ;                   ;         ;
; sw[1]                                                    ;                   ;         ;
; sw[2]                                                    ;                   ;         ;
; sw[3]                                                    ;                   ;         ;
; sw[4]                                                    ;                   ;         ;
; sw[5]                                                    ;                   ;         ;
; sw[6]                                                    ;                   ;         ;
; sw[7]                                                    ;                   ;         ;
; sw[8]                                                    ;                   ;         ;
; key[3]                                                   ;                   ;         ;
; ps2_clk                                                  ;                   ;         ;
;      - MOUSE:mouse_inst|filter[0]                        ; 0                 ; 0       ;
; ps2_dat                                                  ;                   ;         ;
;      - MOUSE:mouse_inst|left_button~0                    ; 0                 ; 0       ;
;      - MOUSE:mouse_inst|READ_CHAR~0                      ; 0                 ; 0       ;
;      - MOUSE:mouse_inst|SHIFTIN[8]                       ; 0                 ; 0       ;
;      - MOUSE:mouse_inst|iready_set~0                     ; 0                 ; 0       ;
; sw[9]                                                    ;                   ;         ;
;      - led[9]~output                                     ; 0                 ; 0       ;
; reset_n                                                  ;                   ;         ;
;      - selected_training                                 ; 1                 ; 0       ;
;      - MOUSE:mouse_inst|left_button                      ; 1                 ; 0       ;
;      - MOUSE:mouse_inst|PACKET_COUNT[1]                  ; 1                 ; 0       ;
;      - MOUSE:mouse_inst|PACKET_COUNT[0]                  ; 1                 ; 0       ;
;      - MOUSE:mouse_inst|mouse_state.WAIT_OUTPUT_READY    ; 1                 ; 0       ;
;      - MOUSE:mouse_inst|READ_CHAR                        ; 1                 ; 0       ;
;      - MOUSE:mouse_inst|INCNT[3]                         ; 1                 ; 0       ;
;      - MOUSE:mouse_inst|INCNT[2]                         ; 1                 ; 0       ;
;      - MOUSE:mouse_inst|INCNT[1]                         ; 1                 ; 0       ;
;      - MOUSE:mouse_inst|INCNT[0]                         ; 1                 ; 0       ;
;      - MOUSE:mouse_inst|cursor_column[9]~1               ; 1                 ; 0       ;
;      - lfsr:lfsr_inst|q[0]                               ; 1                 ; 0       ;
;      - MOUSE:mouse_inst|new_cursor_column[9]~0           ; 1                 ; 0       ;
;      - MOUSE:mouse_inst|mouse_state.LOAD_COMMAND2        ; 1                 ; 0       ;
;      - MOUSE:mouse_inst|PACKET_CHAR1[0]~1                ; 1                 ; 0       ;
;      - lfsr:lfsr_inst|q[7]                               ; 1                 ; 0       ;
;      - lfsr:lfsr_inst|q[6]                               ; 1                 ; 0       ;
;      - lfsr:lfsr_inst|q[5]                               ; 1                 ; 0       ;
;      - lfsr:lfsr_inst|q[4]                               ; 1                 ; 0       ;
;      - lfsr:lfsr_inst|q[3]                               ; 1                 ; 0       ;
;      - lfsr:lfsr_inst|q[2]                               ; 1                 ; 0       ;
;      - lfsr:lfsr_inst|q[1]                               ; 1                 ; 0       ;
;      - MOUSE:mouse_inst|mouse_state.INHIBIT_TRANS        ; 1                 ; 0       ;
;      - MOUSE:mouse_inst|mouse_state.LOAD_COMMAND         ; 1                 ; 0       ;
;      - MOUSE:mouse_inst|send_data                        ; 1                 ; 0       ;
;      - MOUSE:mouse_inst|SHIFTIN[0]~0                     ; 1                 ; 0       ;
;      - MOUSE:mouse_inst|inhibit_wait_count[11]           ; 1                 ; 0       ;
;      - MOUSE:mouse_inst|inhibit_wait_count[10]           ; 1                 ; 0       ;
;      - MOUSE:mouse_inst|PACKET_CHAR2[7]~0                ; 1                 ; 0       ;
;      - MOUSE:mouse_inst|mouse_state.INPUT_PACKETS        ; 1                 ; 0       ;
;      - MOUSE:mouse_inst|PACKET_CHAR3[7]~0                ; 1                 ; 0       ;
;      - MOUSE:mouse_inst|mouse_state.WAIT_CMD_ACK         ; 1                 ; 0       ;
;      - MOUSE:mouse_inst|iready_set~0                     ; 1                 ; 0       ;
;      - MOUSE:mouse_inst|inhibit_wait_count[9]            ; 1                 ; 0       ;
;      - MOUSE:mouse_inst|inhibit_wait_count[8]            ; 1                 ; 0       ;
;      - MOUSE:mouse_inst|inhibit_wait_count[7]            ; 1                 ; 0       ;
;      - MOUSE:mouse_inst|inhibit_wait_count[6]            ; 1                 ; 0       ;
;      - MOUSE:mouse_inst|inhibit_wait_count[5]            ; 1                 ; 0       ;
;      - MOUSE:mouse_inst|inhibit_wait_count[4]            ; 1                 ; 0       ;
;      - MOUSE:mouse_inst|inhibit_wait_count[3]            ; 1                 ; 0       ;
;      - MOUSE:mouse_inst|inhibit_wait_count[2]            ; 1                 ; 0       ;
;      - MOUSE:mouse_inst|inhibit_wait_count[0]            ; 1                 ; 0       ;
;      - MOUSE:mouse_inst|inhibit_wait_count[1]            ; 1                 ; 0       ;
;      - MOUSE:mouse_inst|inhibit_wait_count[10]~DUPLICATE ; 1                 ; 0       ;
;      - MOUSE:mouse_inst|inhibit_wait_count[0]~DUPLICATE  ; 1                 ; 0       ;
; key[1]                                                   ;                   ;         ;
;      - game_fsm:fsm_inst|Selector0~2                     ; 0                 ; 0       ;
;      - game_fsm:fsm_inst|Selector0~3                     ; 0                 ; 0       ;
;      - game_fsm:fsm_inst|Selector0~4                     ; 0                 ; 0       ;
;      - play_request~2                                    ; 0                 ; 0       ;
; key[0]                                                   ;                   ;         ;
;      - game_fsm:fsm_inst|current_state.MAIN_MENU         ; 1                 ; 0       ;
;      - game_fsm:fsm_inst|current_state.PLAYING           ; 1                 ; 0       ;
;      - game_fsm:fsm_inst|current_state.PAUSED            ; 1                 ; 0       ;
;      - game_fsm:fsm_inst|current_state.GAME_OVER         ; 1                 ; 0       ;
; key[2]                                                   ;                   ;         ;
;      - game_fsm:fsm_inst|Selector2~0                     ; 1                 ; 0       ;
;      - game_fsm:fsm_inst|Selector2~1                     ; 1                 ; 0       ;
;      - game_fsm:fsm_inst|Selector0~5                     ; 1                 ; 0       ;
;      - game_fsm:fsm_inst|Selector1~0                     ; 1                 ; 0       ;
;      - game_fsm:fsm_inst|Selector3~0                     ; 1                 ; 0       ;
;      - game_fsm:fsm_inst|pause_prev~0                    ; 1                 ; 0       ;
; clock_50                                                 ;                   ;         ;
;      - clk25_gen:clk_inst|clk_div                        ; 1                 ; 0       ;
+----------------------------------------------------------+-------------------+---------+


+--------------------------------------------------------------------------------------------------------------------------------------------------------------------------------+
; Control Signals                                                                                                                                                                ;
+------------------------------------------------+----------------------+---------+---------------+--------+----------------------+------------------+---------------------------+
; Name                                           ; Location             ; Fan-Out ; Usage         ; Global ; Global Resource Used ; Global Line Name ; Enable Signal Source Name ;
+------------------------------------------------+----------------------+---------+---------------+--------+----------------------+------------------+---------------------------+
; Equal6~1                                       ; LABCELL_X25_Y15_N48  ; 14      ; Clock enable  ; no     ; --                   ; --               ; --                        ;
; MOUSE:mouse_inst|Equal4~0                      ; MLABCELL_X18_Y16_N24 ; 22      ; Sync. load    ; no     ; --                   ; --               ; --                        ;
; MOUSE:mouse_inst|INCNT[3]~1                    ; LABCELL_X17_Y16_N21  ; 4       ; Clock enable  ; no     ; --                   ; --               ; --                        ;
; MOUSE:mouse_inst|MOUSE_CLK_FILTER              ; FF_X17_Y17_N2        ; 91      ; Clock         ; no     ; --                   ; --               ; --                        ;
; MOUSE:mouse_inst|MOUSE_DATA_BUF~0              ; MLABCELL_X13_Y17_N9  ; 10      ; Clock enable  ; no     ; --                   ; --               ; --                        ;
; MOUSE:mouse_inst|PACKET_CHAR2[7]~0             ; LABCELL_X17_Y16_N18  ; 8       ; Clock enable  ; no     ; --                   ; --               ; --                        ;
; MOUSE:mouse_inst|PACKET_CHAR3[7]~0             ; LABCELL_X17_Y16_N24  ; 8       ; Clock enable  ; no     ; --                   ; --               ; --                        ;
; MOUSE:mouse_inst|PACKET_COUNT[1]~1             ; LABCELL_X17_Y16_N6   ; 2       ; Clock enable  ; no     ; --                   ; --               ; --                        ;
; MOUSE:mouse_inst|SHIFTIN[0]~0                  ; LABCELL_X17_Y16_N36  ; 9       ; Clock enable  ; no     ; --                   ; --               ; --                        ;
; MOUSE:mouse_inst|WideOr4                       ; LABCELL_X14_Y17_N36  ; 1       ; Output enable ; no     ; --                   ; --               ; --                        ;
; MOUSE:mouse_inst|cursor_column[5]~0            ; LABCELL_X21_Y16_N27  ; 8       ; Sync. clear   ; no     ; --                   ; --               ; --                        ;
; MOUSE:mouse_inst|cursor_column[9]~1            ; LABCELL_X17_Y16_N39  ; 19      ; Clock enable  ; no     ; --                   ; --               ; --                        ;
; MOUSE:mouse_inst|mouse_state.INHIBIT_TRANS     ; FF_X14_Y17_N56       ; 19      ; Clock enable  ; no     ; --                   ; --               ; --                        ;
; MOUSE:mouse_inst|mouse_state.WAIT_OUTPUT_READY ; FF_X17_Y16_N32       ; 17      ; Output enable ; no     ; --                   ; --               ; --                        ;
; MOUSE:mouse_inst|new_cursor_column[9]~0        ; LABCELL_X17_Y16_N27  ; 20      ; Clock enable  ; no     ; --                   ; --               ; --                        ;
; MOUSE:mouse_inst|output_ready~0                ; MLABCELL_X13_Y17_N57 ; 5       ; Clock enable  ; no     ; --                   ; --               ; --                        ;
; MOUSE:mouse_inst|send_data                     ; FF_X14_Y17_N59       ; 17      ; Async. clear  ; no     ; --                   ; --               ; --                        ;
; VGA_SYNC:vga_sync_inst|Equal0~1                ; LABCELL_X21_Y18_N36  ; 11      ; Sync. clear   ; no     ; --                   ; --               ; --                        ;
; VGA_SYNC:vga_sync_inst|LessThan6~0             ; LABCELL_X20_Y18_N27  ; 14      ; Clock enable  ; no     ; --                   ; --               ; --                        ;
; VGA_SYNC:vga_sync_inst|LessThan7~1             ; LABCELL_X24_Y17_N48  ; 11      ; Clock enable  ; no     ; --                   ; --               ; --                        ;
; VGA_SYNC:vga_sync_inst|process_0~3             ; LABCELL_X21_Y18_N51  ; 11      ; Sync. clear   ; no     ; --                   ; --               ; --                        ;
; VGA_SYNC:vga_sync_inst|v_count[2]~0            ; LABCELL_X21_Y18_N54  ; 10      ; Clock enable  ; no     ; --                   ; --               ; --                        ;
; VGA_SYNC:vga_sync_inst|vert_sync_out           ; FF_X29_Y19_N29       ; 16      ; Clock         ; no     ; --                   ; --               ; --                        ;
; bird_logic:bird_inst|ball_y_pos[0]~9           ; MLABCELL_X28_Y15_N30 ; 3       ; Clock enable  ; no     ; --                   ; --               ; --                        ;
; clk25_gen:clk_inst|clk_div                     ; FF_X25_Y17_N50       ; 379     ; Clock         ; no     ; --                   ; --               ; --                        ;
; clock_50                                       ; PIN_M9               ; 1       ; Clock         ; no     ; --                   ; --               ; --                        ;
; conveyor_belt:level_inst|LessThan0~7           ; LABCELL_X39_Y17_N51  ; 34      ; Sync. clear   ; no     ; --                   ; --               ; --                        ;
; conveyor_belt:level_inst|LessThan1~7           ; LABCELL_X31_Y22_N57  ; 34      ; Sync. clear   ; no     ; --                   ; --               ; --                        ;
; conveyor_belt:level_inst|LessThan2~7           ; LABCELL_X19_Y21_N6   ; 34      ; Sync. clear   ; no     ; --                   ; --               ; --                        ;
; conveyor_belt:level_inst|LessThan3~7           ; LABCELL_X26_Y19_N0   ; 34      ; Sync. clear   ; no     ; --                   ; --               ; --                        ;
; conveyor_belt:level_inst|LessThan84~1          ; LABCELL_X20_Y17_N9   ; 10      ; Latch enable  ; no     ; --                   ; --               ; --                        ;
; conveyor_belt:level_inst|pipes[0].gap_y[31]~0  ; LABCELL_X35_Y17_N3   ; 9       ; Clock enable  ; no     ; --                   ; --               ; --                        ;
; conveyor_belt:level_inst|pipes[1].gap_y[31]~0  ; LABCELL_X29_Y14_N39  ; 9       ; Clock enable  ; no     ; --                   ; --               ; --                        ;
; conveyor_belt:level_inst|pipes[2].gap_y[31]~0  ; LABCELL_X17_Y19_N51  ; 9       ; Clock enable  ; no     ; --                   ; --               ; --                        ;
; conveyor_belt:level_inst|pipes[3].gap_y[31]~0  ; LABCELL_X20_Y17_N30  ; 9       ; Clock enable  ; no     ; --                   ; --               ; --                        ;
; conveyor_belt:level_inst|process_0~0           ; LABCELL_X29_Y19_N54  ; 136     ; Clock enable  ; no     ; --                   ; --               ; --                        ;
; game_fsm:fsm_inst|Selector2~1                  ; LABCELL_X24_Y16_N18  ; 2       ; Clock enable  ; no     ; --                   ; --               ; --                        ;
; game_fsm:fsm_inst|current_state.MAIN_MENU      ; FF_X25_Y17_N41       ; 266     ; Async. clear  ; no     ; --                   ; --               ; --                        ;
; key[0]                                         ; PIN_U7               ; 4       ; Async. clear  ; no     ; --                   ; --               ; --                        ;
; layers~1                                       ; LABCELL_X17_Y20_N18  ; 3       ; Clock enable  ; no     ; --                   ; --               ; --                        ;
; reset_n                                        ; PIN_P22              ; 45      ; Async. clear  ; no     ; --                   ; --               ; --                        ;
; score_lives:score_inst|cooldown_timer[5]~1     ; MLABCELL_X34_Y16_N54 ; 32      ; Clock enable  ; no     ; --                   ; --               ; --                        ;
; score_lives:score_inst|process_0~8             ; LABCELL_X35_Y16_N9   ; 32      ; Sync. clear   ; no     ; --                   ; --               ; --                        ;
; score_lives:score_inst|s_ones[3]~2             ; LABCELL_X31_Y18_N6   ; 37      ; Clock enable  ; no     ; --                   ; --               ; --                        ;
+------------------------------------------------+----------------------+---------+---------------+--------+----------------------+------------------+---------------------------+


+---------------------------------------------------------------------------------------------------------------------------------------------------------------------------------------------------------------------------------------------------------------------------------------------------------------------------------------------------------------------------------------------------------------------------------------------------------------------------------------------------------------------------------------------------------------------------------------------------------------------------------------------------------+
; Fitter RAM Summary                                                                                                                                                                                                                                                                                                                                                                                                                                                                                                                                                                                                                                      ;
+-----------------------------------------------------------------------------------------------------------------------+------+------+--------------+--------------+--------------+--------------+--------------+------------------------+-------------------------+------------------------+-------------------------+------+-----------------------------+-----------------------------+-----------------------------+-----------------------------+---------------------+-------------+-------+-------------+-----------------+----------------------+-----------------+-----------------+----------+------------------------+------------------------+
; Name                                                                                                                  ; Type ; Mode ; Clock Mode   ; Port A Depth ; Port A Width ; Port B Depth ; Port B Width ; Port A Input Registers ; Port A Output Registers ; Port B Input Registers ; Port B Output Registers ; Size ; Implementation Port A Depth ; Implementation Port A Width ; Implementation Port B Depth ; Implementation Port B Width ; Implementation Bits ; M10K blocks ; MLABs ; MIF         ; Location        ; Mixed Width RDW Mode ; Port A RDW Mode ; Port B RDW Mode ; ECC Mode ; ECC Pipeline Registers ; Fits in MLABs          ;
+-----------------------------------------------------------------------------------------------------------------------+------+------+--------------+--------------+--------------+--------------+--------------+------------------------+-------------------------+------------------------+-------------------------+------+-----------------------------+-----------------------------+-----------------------------+-----------------------------+---------------------+-------------+-------+-------------+-----------------+----------------------+-----------------+-----------------+----------+------------------------+------------------------+
; sprite_rom:bird_rom|altsyncram:altsyncram_component|altsyncram_55c1:auto_generated|ALTSYNCRAM                         ; AUTO ; ROM  ; Single Clock ; 256          ; 3            ; --           ; --           ; yes                    ; no                      ; --                     ; --                      ; 768  ; 256                         ; 3                           ; --                          ; --                          ; 768                 ; 1           ; 0     ; bao.mif     ; M10K_X30_Y14_N0 ; Don't care           ; New data        ; New data        ; Off      ; No                     ; No - Unsupported Depth ;
; sprite_rom:gift_rom|altsyncram:altsyncram_component|altsyncram_l8c1:auto_generated|ALTSYNCRAM                         ; AUTO ; ROM  ; Single Clock ; 400          ; 3            ; --           ; --           ; yes                    ; no                      ; --                     ; --                      ; 1200 ; 400                         ; 3                           ; --                          ; --                          ; 1200                ; 1           ; 0     ; gift.mif    ; M10K_X22_Y19_N0 ; Don't care           ; New data        ; New data        ; Off      ; No                     ; No - Address Too Wide  ;
; sprite_rom:ground_rom|altsyncram:altsyncram_component|altsyncram_2gc1:auto_generated|ALTSYNCRAM                       ; AUTO ; ROM  ; Single Clock ; 256          ; 3            ; --           ; --           ; yes                    ; yes                     ; --                     ; --                      ; 768  ; 256                         ; 3                           ; --                          ; --                          ; 768                 ; 1           ; 0     ; ground.mif  ; M10K_X22_Y18_N0 ; Don't care           ; New data        ; New data        ; Off      ; No                     ; No - Unsupported Depth ;
; sprite_rom:pipecap_rom|altsyncram:altsyncram_component|altsyncram_pjc1:auto_generated|ALTSYNCRAM                      ; AUTO ; ROM  ; Single Clock ; 800          ; 3            ; --           ; --           ; yes                    ; no                      ; --                     ; --                      ; 2400 ; 800                         ; 3                           ; --                          ; --                          ; 2400                ; 1           ; 0     ; pipecap.mif ; M10K_X22_Y15_N0 ; Don't care           ; New data        ; New data        ; Off      ; No                     ; No - Address Too Wide  ;
; text_engine:t_menu_game|char_rom:rom_inst|altsyncram:altsyncram_component|altsyncram_d5g1:auto_generated|ALTSYNCRAM   ; AUTO ; ROM  ; Single Clock ; 512          ; 8            ; --           ; --           ; yes                    ; no                      ; --                     ; --                      ; 4096 ; 512                         ; 8                           ; --                          ; --                          ; 4096                ; 1           ; 0     ; tcgrom.mif  ; M10K_X30_Y16_N0 ; Don't care           ; New data        ; New data        ; Off      ; No                     ; No - Address Too Wide  ;
; text_engine:t_menu_train|char_rom:rom_inst|altsyncram:altsyncram_component|altsyncram_d5g1:auto_generated|ALTSYNCRAM  ; AUTO ; ROM  ; Single Clock ; 512          ; 8            ; --           ; --           ; yes                    ; no                      ; --                     ; --                      ; 4096 ; 512                         ; 8                           ; --                          ; --                          ; 4096                ; 1           ; 0     ; tcgrom.mif  ; M10K_X22_Y23_N0 ; Don't care           ; New data        ; New data        ; Off      ; No                     ; No - Address Too Wide  ;
; text_engine:t_over|char_rom:rom_inst|altsyncram:altsyncram_component|altsyncram_d5g1:auto_generated|ALTSYNCRAM        ; AUTO ; ROM  ; Single Clock ; 512          ; 8            ; --           ; --           ; yes                    ; no                      ; --                     ; --                      ; 4096 ; 512                         ; 8                           ; --                          ; --                          ; 4096                ; 1           ; 0     ; tcgrom.mif  ; M10K_X22_Y21_N0 ; Don't care           ; New data        ; New data        ; Off      ; No                     ; No - Address Too Wide  ;
; text_engine:t_pause|char_rom:rom_inst|altsyncram:altsyncram_component|altsyncram_d5g1:auto_generated|ALTSYNCRAM       ; AUTO ; ROM  ; Single Clock ; 512          ; 8            ; --           ; --           ; yes                    ; no                      ; --                     ; --                      ; 4096 ; 512                         ; 8                           ; --                          ; --                          ; 4096                ; 1           ; 0     ; tcgrom.mif  ; M10K_X22_Y17_N0 ; Don't care           ; New data        ; New data        ; Off      ; No                     ; No - Address Too Wide  ;
; text_engine:t_play_game|char_rom:rom_inst|altsyncram:altsyncram_component|altsyncram_d5g1:auto_generated|ALTSYNCRAM   ; AUTO ; ROM  ; Single Clock ; 512          ; 8            ; --           ; --           ; yes                    ; no                      ; --                     ; --                      ; 4096 ; 512                         ; 8                           ; --                          ; --                          ; 4096                ; 1           ; 0     ; tcgrom.mif  ; M10K_X22_Y22_N0 ; Don't care           ; New data        ; New data        ; Off      ; No                     ; No - Address Too Wide  ;
; text_engine:t_play_train|char_rom:rom_inst|altsyncram:altsyncram_component|altsyncram_d5g1:auto_generated|ALTSYNCRAM  ; AUTO ; ROM  ; Single Clock ; 512          ; 8            ; --           ; --           ; yes                    ; no                      ; --                     ; --                      ; 4096 ; 512                         ; 8                           ; --                          ; --                          ; 4096                ; 1           ; 0     ; tcgrom.mif  ; M10K_X22_Y24_N0 ; Don't care           ; New data        ; New data        ; Off      ; No                     ; No - Address Too Wide  ;
; text_engine:t_press_start|char_rom:rom_inst|altsyncram:altsyncram_component|altsyncram_d5g1:auto_generated|ALTSYNCRAM ; AUTO ; ROM  ; Single Clock ; 512          ; 8            ; --           ; --           ; yes                    ; no                      ; --                     ; --                      ; 4096 ; 512                         ; 8                           ; --                          ; --                          ; 4096                ; 1           ; 0     ; tcgrom.mif  ; M10K_X22_Y12_N0 ; Don't care           ; New data        ; New data        ; Off      ; No                     ; No - Address Too Wide  ;
; text_engine:t_title|char_rom:rom_inst|altsyncram:altsyncram_component|altsyncram_d5g1:auto_generated|ALTSYNCRAM       ; AUTO ; ROM  ; Single Clock ; 512          ; 8            ; --           ; --           ; yes                    ; no                      ; --                     ; --                      ; 4096 ; 512                         ; 8                           ; --                          ; --                          ; 4096                ; 1           ; 0     ; tcgrom.mif  ; M10K_X30_Y20_N0 ; Don't care           ; New data        ; New data        ; Off      ; No                     ; No - Address Too Wide  ;
+-----------------------------------------------------------------------------------------------------------------------+------+------+--------------+--------------+--------------+--------------+--------------+------------------------+-------------------------+------------------------+-------------------------+------+-----------------------------+-----------------------------+-----------------------------+-----------------------------+---------------------+-------------+-------+-------------+-----------------+----------------------+-----------------+-----------------+----------+------------------------+------------------------+
Note: Fitter may spread logical memories into multiple blocks to improve timing. The actual required RAM blocks can be found in the Fitter Resource Usage section.


+-----------------------------------------------+
; Fitter DSP Block Usage Summary                ;
+---------------------------------+-------------+
; Statistic                       ; Number Used ;
+---------------------------------+-------------+
; Two Independent 18x18           ; 8           ;
; Total number of DSP blocks      ; 8           ;
;                                 ;             ;
; Fixed Point Unsigned Multiplier ; 8           ;
+---------------------------------+-------------+


+------------------------------------------------------------------------------------------------------------------------------------------------------------------------------------------------------------------------------------------------------------------------------------------------------------------------------------------------------------------------------------------------------------------------------+
; DSP Block Details                                                                                                                                                                                                                                                                                                                                                                                                            ;
+----------------------------------+-----------------------+----------------+---------------------+------------------------+------------------------+------------------------+------------------------+------------------------+------------------------+-----------------+--------------------------------+---------------------+-------------------------------+------------------------------+------------------------------+
; Name                             ; Mode                  ; Location       ; Sign Representation ; Data AX Input Register ; Data AY Input Register ; Data AZ Input Register ; Data BX Input Register ; Data BY Input Register ; Data BZ Input Register ; Output Register ; Dedicated Shift Register Chain ; Dedicated Pre-Adder ; Dedicated Coefficient Storage ; Dedicated Output Adder Chain ; Dedicated Output Accumulator ;
+----------------------------------+-----------------------+----------------+---------------------+------------------------+------------------------+------------------------+------------------------+------------------------+------------------------+-----------------+--------------------------------+---------------------+-------------------------------+------------------------------+------------------------------+
; conveyor_belt:level_inst|Mult0~8 ; Two Independent 18x18 ; DSP_X33_Y11_N0 ; Unsigned            ; no                     ; no                     ; --                     ; --                     ; --                     ; --                     ; no              ; no                             ; no                  ; no                            ; no                           ; no                           ;
; conveyor_belt:level_inst|Mult1~8 ; Two Independent 18x18 ; DSP_X33_Y13_N0 ; Unsigned            ; no                     ; no                     ; --                     ; --                     ; --                     ; --                     ; no              ; no                             ; no                  ; no                            ; no                           ; no                           ;
; conveyor_belt:level_inst|Mult7~8 ; Two Independent 18x18 ; DSP_X15_Y17_N0 ; Unsigned            ; no                     ; no                     ; --                     ; --                     ; --                     ; --                     ; no              ; no                             ; no                  ; no                            ; no                           ; no                           ;
; conveyor_belt:level_inst|Mult6~8 ; Two Independent 18x18 ; DSP_X15_Y11_N0 ; Unsigned            ; no                     ; no                     ; --                     ; --                     ; --                     ; --                     ; no              ; no                             ; no                  ; no                            ; no                           ; no                           ;
; conveyor_belt:level_inst|Mult5~8 ; Two Independent 18x18 ; DSP_X15_Y15_N0 ; Unsigned            ; no                     ; no                     ; --                     ; --                     ; --                     ; --                     ; no              ; no                             ; no                  ; no                            ; no                           ; no                           ;
; conveyor_belt:level_inst|Mult4~8 ; Two Independent 18x18 ; DSP_X15_Y19_N0 ; Unsigned            ; no                     ; no                     ; --                     ; --                     ; --                     ; --                     ; no              ; no                             ; no                  ; no                            ; no                           ; no                           ;
; conveyor_belt:level_inst|Mult2~8 ; Two Independent 18x18 ; DSP_X33_Y15_N0 ; Unsigned            ; no                     ; no                     ; --                     ; --                     ; --                     ; --                     ; no              ; no                             ; no                  ; no                            ; no                           ; no                           ;
; conveyor_belt:level_inst|Mult3~8 ; Two Independent 18x18 ; DSP_X15_Y13_N0 ; Unsigned            ; no                     ; no                     ; --                     ; --                     ; --                     ; --                     ; no              ; no                             ; no                  ; no                            ; no                           ; no                           ;
+----------------------------------+-----------------------+----------------+---------------------+------------------------+------------------------+------------------------+------------------------+------------------------+------------------------+-----------------+--------------------------------+---------------------+-------------------------------+------------------------------+------------------------------+


+--------------------------------------------------------+
; Routing Usage Summary                                  ;
+------------------------------+-------------------------+
; Routing Resource Type        ; Usage                   ;
+------------------------------+-------------------------+
; Block interconnects          ; 5,108 / 140,056 ( 4 % ) ;
; C12 interconnects            ; 92 / 6,048 ( 2 % )      ;
; C2 interconnects             ; 2,039 / 54,648 ( 4 % )  ;
; C4 interconnects             ; 1,054 / 25,920 ( 4 % )  ;
; DQS bus muxes                ; 0 / 17 ( 0 % )          ;
; DQS-18 I/O buses             ; 0 / 17 ( 0 % )          ;
; DQS-9 I/O buses              ; 0 / 17 ( 0 % )          ;
; Direct links                 ; 387 / 140,056 ( < 1 % ) ;
; Global clocks                ; 0 / 16 ( 0 % )          ;
; Local interconnects          ; 1,023 / 36,960 ( 3 % )  ;
; Quadrant clocks              ; 0 / 88 ( 0 % )          ;
; R14 interconnects            ; 259 / 5,984 ( 4 % )     ;
; R14/C12 interconnect drivers ; 314 / 9,504 ( 3 % )     ;
; R3 interconnects             ; 2,429 / 60,192 ( 4 % )  ;
; R6 interconnects             ; 3,714 / 127,072 ( 3 % ) ;
; Spine clocks                 ; 0 / 120 ( 0 % )         ;
; Wire stub REs                ; 0 / 7,344 ( 0 % )       ;
+------------------------------+-------------------------+


+------------------------------------------+
; I/O Rules Summary                        ;
+----------------------------------+-------+
; I/O Rules Statistic              ; Total ;
+----------------------------------+-------+
; Total I/O Rules                  ; 28    ;
; Number of I/O Rules Passed       ; 9     ;
; Number of I/O Rules Failed       ; 0     ;
; Number of I/O Rules Unchecked    ; 0     ;
; Number of I/O Rules Inapplicable ; 19    ;
+----------------------------------+-------+


+-----------------------------------------------------------------------------------------------------------------------------------------------------------------------------------------------------------------------------------------------------------------------------------+
; I/O Rules Details                                                                                                                                                                                                                                                                 ;
+--------------+-----------+-----------------------------------+------------------------------------------------------------------------------------+----------+--------------------------------------------------------------------------+---------------------+-------------------+
; Status       ; ID        ; Category                          ; Rule Description                                                                   ; Severity ; Information                                                              ; Area                ; Extra Information ;
+--------------+-----------+-----------------------------------+------------------------------------------------------------------------------------+----------+--------------------------------------------------------------------------+---------------------+-------------------+
; Pass         ; IO_000001 ; Capacity Checks                   ; Number of pins in an I/O bank should not exceed the number of locations available. ; Critical ; 0 such failures found.                                                   ; I/O                 ;                   ;
; Inapplicable ; IO_000002 ; Capacity Checks                   ; Number of clocks in an I/O bank should not exceed the number of clocks available.  ; Critical ; No Global Signal assignments found.                                      ; I/O                 ;                   ;
; Pass         ; IO_000003 ; Capacity Checks                   ; Number of pins in a Vrefgroup should not exceed the number of locations available. ; Critical ; 0 such failures found.                                                   ; I/O                 ;                   ;
; Inapplicable ; IO_000004 ; Voltage Compatibility Checks      ; The I/O bank should support the requested VCCIO.                                   ; Critical ; No IOBANK_VCCIO assignments found.                                       ; I/O                 ;                   ;
; Inapplicable ; IO_000005 ; Voltage Compatibility Checks      ; The I/O bank should not have competing VREF values.                                ; Critical ; No VREF I/O Standard assignments found.                                  ; I/O                 ;                   ;
; Pass         ; IO_000006 ; Voltage Compatibility Checks      ; The I/O bank should not have competing VCCIO values.                               ; Critical ; 0 such failures found.                                                   ; I/O                 ;                   ;
; Pass         ; IO_000007 ; Valid Location Checks             ; Checks for unavailable locations.                                                  ; Critical ; 0 such failures found.                                                   ; I/O                 ;                   ;
; Inapplicable ; IO_000008 ; Valid Location Checks             ; Checks for reserved locations.                                                     ; Critical ; No reserved LogicLock region found.                                      ; I/O                 ;                   ;
; Pass         ; IO_000009 ; I/O Properties Checks for One I/O ; The location should support the requested I/O standard.                            ; Critical ; 0 such failures found.                                                   ; I/O                 ;                   ;
; Pass         ; IO_000010 ; I/O Properties Checks for One I/O ; The location should support the requested I/O direction.                           ; Critical ; 0 such failures found.                                                   ; I/O                 ;                   ;
; Inapplicable ; IO_000011 ; I/O Properties Checks for One I/O ; The location should support the requested Current Strength.                        ; Critical ; No Current Strength assignments found.                                   ; I/O                 ;                   ;
; Pass         ; IO_000012 ; I/O Properties Checks for One I/O ; The location should support the requested On Chip Termination value.               ; Critical ; 0 such failures found.                                                   ; I/O                 ;                   ;
; Inapplicable ; IO_000013 ; I/O Properties Checks for One I/O ; The location should support the requested Bus Hold value.                          ; Critical ; No Enable Bus-Hold Circuitry assignments found.                          ; I/O                 ;                   ;
; Inapplicable ; IO_000014 ; I/O Properties Checks for One I/O ; The location should support the requested Weak Pull Up value.                      ; Critical ; No Weak Pull-Up Resistor assignments found.                              ; I/O                 ;                   ;
; Inapplicable ; IO_000015 ; I/O Properties Checks for One I/O ; The location should support the requested PCI Clamp Diode.                         ; Critical ; No Clamping Diode assignments found.                                     ; I/O                 ;                   ;
; Inapplicable ; IO_000018 ; I/O Properties Checks for One I/O ; The I/O standard should support the requested Current Strength.                    ; Critical ; No Current Strength assignments found.                                   ; I/O                 ;                   ;
; Pass         ; IO_000019 ; I/O Properties Checks for One I/O ; The I/O standard should support the requested On Chip Termination value.           ; Critical ; 0 such failures found.                                                   ; I/O                 ;                   ;
; Inapplicable ; IO_000020 ; I/O Properties Checks for One I/O ; The I/O standard should support the requested PCI Clamp Diode.                     ; Critical ; No Clamping Diode assignments found.                                     ; I/O                 ;                   ;
; Inapplicable ; IO_000021 ; I/O Properties Checks for One I/O ; The I/O standard should support the requested Weak Pull Up value.                  ; Critical ; No Weak Pull-Up Resistor assignments found.                              ; I/O                 ;                   ;
; Inapplicable ; IO_000022 ; I/O Properties Checks for One I/O ; The I/O standard should support the requested Bus Hold value.                      ; Critical ; No Enable Bus-Hold Circuitry assignments found.                          ; I/O                 ;                   ;
; Inapplicable ; IO_000023 ; I/O Properties Checks for One I/O ; The I/O standard should support the Open Drain value.                              ; Critical ; No open drain assignments found.                                         ; I/O                 ;                   ;
; Pass         ; IO_000024 ; I/O Properties Checks for One I/O ; The I/O direction should support the On Chip Termination value.                    ; Critical ; 0 such failures found.                                                   ; I/O                 ;                   ;
; Inapplicable ; IO_000026 ; I/O Properties Checks for One I/O ; On Chip Termination and Current Strength should not be used at the same time.      ; Critical ; No Current Strength assignments found.                                   ; I/O                 ;                   ;
; Inapplicable ; IO_000027 ; I/O Properties Checks for One I/O ; Weak Pull Up and Bus Hold should not be used at the same time.                     ; Critical ; No Enable Bus-Hold Circuitry or Weak Pull-Up Resistor assignments found. ; I/O                 ;                   ;
; Inapplicable ; IO_000045 ; I/O Properties Checks for One I/O ; The I/O standard should support the requested Slew Rate value.                     ; Critical ; No Slew Rate assignments found.                                          ; I/O                 ;                   ;
; Inapplicable ; IO_000046 ; I/O Properties Checks for One I/O ; The location should support the requested Slew Rate value.                         ; Critical ; No Slew Rate assignments found.                                          ; I/O                 ;                   ;
; Inapplicable ; IO_000047 ; I/O Properties Checks for One I/O ; On Chip Termination and Slew Rate should not be used at the same time.             ; Critical ; No Slew Rate assignments found.                                          ; I/O                 ;                   ;
; Inapplicable ; IO_000034 ; SI Related Distance Checks        ; Single-ended outputs should be 0 LAB row(s) away from a differential I/O.          ; High     ; No Differential I/O Standard assignments found.                          ; I/O                 ;                   ;
; ----         ; ----      ; Disclaimer                        ; OCT rules are checked but not reported.                                            ; None     ; ----                                                                     ; On Chip Termination ;                   ;
+--------------+-----------+-----------------------------------+------------------------------------------------------------------------------------+----------+--------------------------------------------------------------------------+---------------------+-------------------+


+-----------------------------------------------------------------------------------------------------------------------------------------------------------------------------------------------------------------------------------------------------------------------------------------------------------------------------------------------------------------------------------------------------------------------------------------------+
; I/O Rules Matrix                                                                                                                                                                                                                                                                                                                                                                                                                              ;
+--------------------+--------------+--------------+--------------+--------------+--------------+-----------+--------------+--------------+-----------+-----------+--------------+--------------+--------------+--------------+--------------+--------------+--------------+--------------+--------------+--------------+--------------+--------------+--------------+--------------+--------------+--------------+--------------+--------------+
; Pin/Rules          ; IO_000001    ; IO_000002    ; IO_000003    ; IO_000004    ; IO_000005    ; IO_000006 ; IO_000007    ; IO_000008    ; IO_000009 ; IO_000010 ; IO_000011    ; IO_000012    ; IO_000013    ; IO_000014    ; IO_000015    ; IO_000018    ; IO_000019    ; IO_000020    ; IO_000021    ; IO_000022    ; IO_000023    ; IO_000024    ; IO_000026    ; IO_000027    ; IO_000045    ; IO_000046    ; IO_000047    ; IO_000034    ;
+--------------------+--------------+--------------+--------------+--------------+--------------+-----------+--------------+--------------+-----------+-----------+--------------+--------------+--------------+--------------+--------------+--------------+--------------+--------------+--------------+--------------+--------------+--------------+--------------+--------------+--------------+--------------+--------------+--------------+
; Total Pass         ; 74           ; 0            ; 74           ; 0            ; 0            ; 84        ; 74           ; 0            ; 84        ; 84        ; 0            ; 68           ; 0            ; 0            ; 0            ; 0            ; 68           ; 0            ; 0            ; 0            ; 0            ; 68           ; 0            ; 0            ; 0            ; 0            ; 0            ; 0            ;
; Total Unchecked    ; 0            ; 0            ; 0            ; 0            ; 0            ; 0         ; 0            ; 0            ; 0         ; 0         ; 0            ; 0            ; 0            ; 0            ; 0            ; 0            ; 0            ; 0            ; 0            ; 0            ; 0            ; 0            ; 0            ; 0            ; 0            ; 0            ; 0            ; 0            ;
; Total Inapplicable ; 10           ; 84           ; 10           ; 84           ; 84           ; 0         ; 10           ; 84           ; 0         ; 0         ; 84           ; 16           ; 84           ; 84           ; 84           ; 84           ; 16           ; 84           ; 84           ; 84           ; 84           ; 16           ; 84           ; 84           ; 84           ; 84           ; 84           ; 84           ;
; Total Fail         ; 0            ; 0            ; 0            ; 0            ; 0            ; 0         ; 0            ; 0            ; 0         ; 0         ; 0            ; 0            ; 0            ; 0            ; 0            ; 0            ; 0            ; 0            ; 0            ; 0            ; 0            ; 0            ; 0            ; 0            ; 0            ; 0            ; 0            ; 0            ;
; sw[0]              ; Pass         ; Inapplicable ; Pass         ; Inapplicable ; Inapplicable ; Pass      ; Pass         ; Inapplicable ; Pass      ; Pass      ; Inapplicable ; Inapplicable ; Inapplicable ; Inapplicable ; Inapplicable ; Inapplicable ; Inapplicable ; Inapplicable ; Inapplicable ; Inapplicable ; Inapplicable ; Inapplicable ; Inapplicable ; Inapplicable ; Inapplicable ; Inapplicable ; Inapplicable ; Inapplicable ;
; sw[1]              ; Pass         ; Inapplicable ; Pass         ; Inapplicable ; Inapplicable ; Pass      ; Pass         ; Inapplicable ; Pass      ; Pass      ; Inapplicable ; Inapplicable ; Inapplicable ; Inapplicable ; Inapplicable ; Inapplicable ; Inapplicable ; Inapplicable ; Inapplicable ; Inapplicable ; Inapplicable ; Inapplicable ; Inapplicable ; Inapplicable ; Inapplicable ; Inapplicable ; Inapplicable ; Inapplicable ;
; sw[2]              ; Pass         ; Inapplicable ; Pass         ; Inapplicable ; Inapplicable ; Pass      ; Pass         ; Inapplicable ; Pass      ; Pass      ; Inapplicable ; Inapplicable ; Inapplicable ; Inapplicable ; Inapplicable ; Inapplicable ; Inapplicable ; Inapplicable ; Inapplicable ; Inapplicable ; Inapplicable ; Inapplicable ; Inapplicable ; Inapplicable ; Inapplicable ; Inapplicable ; Inapplicable ; Inapplicable ;
; sw[3]              ; Pass         ; Inapplicable ; Pass         ; Inapplicable ; Inapplicable ; Pass      ; Pass         ; Inapplicable ; Pass      ; Pass      ; Inapplicable ; Inapplicable ; Inapplicable ; Inapplicable ; Inapplicable ; Inapplicable ; Inapplicable ; Inapplicable ; Inapplicable ; Inapplicable ; Inapplicable ; Inapplicable ; Inapplicable ; Inapplicable ; Inapplicable ; Inapplicable ; Inapplicable ; Inapplicable ;
; sw[4]              ; Pass         ; Inapplicable ; Pass         ; Inapplicable ; Inapplicable ; Pass      ; Pass         ; Inapplicable ; Pass      ; Pass      ; Inapplicable ; Inapplicable ; Inapplicable ; Inapplicable ; Inapplicable ; Inapplicable ; Inapplicable ; Inapplicable ; Inapplicable ; Inapplicable ; Inapplicable ; Inapplicable ; Inapplicable ; Inapplicable ; Inapplicable ; Inapplicable ; Inapplicable ; Inapplicable ;
; sw[5]              ; Pass         ; Inapplicable ; Pass         ; Inapplicable ; Inapplicable ; Pass      ; Pass         ; Inapplicable ; Pass      ; Pass      ; Inapplicable ; Inapplicable ; Inapplicable ; Inapplicable ; Inapplicable ; Inapplicable ; Inapplicable ; Inapplicable ; Inapplicable ; Inapplicable ; Inapplicable ; Inapplicable ; Inapplicable ; Inapplicable ; Inapplicable ; Inapplicable ; Inapplicable ; Inapplicable ;
; sw[6]              ; Pass         ; Inapplicable ; Pass         ; Inapplicable ; Inapplicable ; Pass      ; Pass         ; Inapplicable ; Pass      ; Pass      ; Inapplicable ; Inapplicable ; Inapplicable ; Inapplicable ; Inapplicable ; Inapplicable ; Inapplicable ; Inapplicable ; Inapplicable ; Inapplicable ; Inapplicable ; Inapplicable ; Inapplicable ; Inapplicable ; Inapplicable ; Inapplicable ; Inapplicable ; Inapplicable ;
; sw[7]              ; Pass         ; Inapplicable ; Pass         ; Inapplicable ; Inapplicable ; Pass      ; Pass         ; Inapplicable ; Pass      ; Pass      ; Inapplicable ; Inapplicable ; Inapplicable ; Inapplicable ; Inapplicable ; Inapplicable ; Inapplicable ; Inapplicable ; Inapplicable ; Inapplicable ; Inapplicable ; Inapplicable ; Inapplicable ; Inapplicable ; Inapplicable ; Inapplicable ; Inapplicable ; Inapplicable ;
; sw[8]              ; Pass         ; Inapplicable ; Pass         ; Inapplicable ; Inapplicable ; Pass      ; Pass         ; Inapplicable ; Pass      ; Pass      ; Inapplicable ; Inapplicable ; Inapplicable ; Inapplicable ; Inapplicable ; Inapplicable ; Inapplicable ; Inapplicable ; Inapplicable ; Inapplicable ; Inapplicable ; Inapplicable ; Inapplicable ; Inapplicable ; Inapplicable ; Inapplicable ; Inapplicable ; Inapplicable ;
; key[3]             ; Pass         ; Inapplicable ; Pass         ; Inapplicable ; Inapplicable ; Pass      ; Pass         ; Inapplicable ; Pass      ; Pass      ; Inapplicable ; Inapplicable ; Inapplicable ; Inapplicable ; Inapplicable ; Inapplicable ; Inapplicable ; Inapplicable ; Inapplicable ; Inapplicable ; Inapplicable ; Inapplicable ; Inapplicable ; Inapplicable ; Inapplicable ; Inapplicable ; Inapplicable ; Inapplicable ;
; hex0[0]            ; Pass         ; Inapplicable ; Pass         ; Inapplicable ; Inapplicable ; Pass      ; Pass         ; Inapplicable ; Pass      ; Pass      ; Inapplicable ; Pass         ; Inapplicable ; Inapplicable ; Inapplicable ; Inapplicable ; Pass         ; Inapplicable ; Inapplicable ; Inapplicable ; Inapplicable ; Pass         ; Inapplicable ; Inapplicable ; Inapplicable ; Inapplicable ; Inapplicable ; Inapplicable ;
; hex0[1]            ; Pass         ; Inapplicable ; Pass         ; Inapplicable ; Inapplicable ; Pass      ; Pass         ; Inapplicable ; Pass      ; Pass      ; Inapplicable ; Pass         ; Inapplicable ; Inapplicable ; Inapplicable ; Inapplicable ; Pass         ; Inapplicable ; Inapplicable ; Inapplicable ; Inapplicable ; Pass         ; Inapplicable ; Inapplicable ; Inapplicable ; Inapplicable ; Inapplicable ; Inapplicable ;
; hex0[2]            ; Pass         ; Inapplicable ; Pass         ; Inapplicable ; Inapplicable ; Pass      ; Pass         ; Inapplicable ; Pass      ; Pass      ; Inapplicable ; Pass         ; Inapplicable ; Inapplicable ; Inapplicable ; Inapplicable ; Pass         ; Inapplicable ; Inapplicable ; Inapplicable ; Inapplicable ; Pass         ; Inapplicable ; Inapplicable ; Inapplicable ; Inapplicable ; Inapplicable ; Inapplicable ;
; hex0[3]            ; Pass         ; Inapplicable ; Pass         ; Inapplicable ; Inapplicable ; Pass      ; Pass         ; Inapplicable ; Pass      ; Pass      ; Inapplicable ; Pass         ; Inapplicable ; Inapplicable ; Inapplicable ; Inapplicable ; Pass         ; Inapplicable ; Inapplicable ; Inapplicable ; Inapplicable ; Pass         ; Inapplicable ; Inapplicable ; Inapplicable ; Inapplicable ; Inapplicable ; Inapplicable ;
; hex0[4]            ; Pass         ; Inapplicable ; Pass         ; Inapplicable ; Inapplicable ; Pass      ; Pass         ; Inapplicable ; Pass      ; Pass      ; Inapplicable ; Pass         ; Inapplicable ; Inapplicable ; Inapplicable ; Inapplicable ; Pass         ; Inapplicable ; Inapplicable ; Inapplicable ; Inapplicable ; Pass         ; Inapplicable ; Inapplicable ; Inapplicable ; Inapplicable ; Inapplicable ; Inapplicable ;
; hex0[5]            ; Pass         ; Inapplicable ; Pass         ; Inapplicable ; Inapplicable ; Pass      ; Pass         ; Inapplicable ; Pass      ; Pass      ; Inapplicable ; Pass         ; Inapplicable ; Inapplicable ; Inapplicable ; Inapplicable ; Pass         ; Inapplicable ; Inapplicable ; Inapplicable ; Inapplicable ; Pass         ; Inapplicable ; Inapplicable ; Inapplicable ; Inapplicable ; Inapplicable ; Inapplicable ;
; hex0[6]            ; Pass         ; Inapplicable ; Pass         ; Inapplicable ; Inapplicable ; Pass      ; Pass         ; Inapplicable ; Pass      ; Pass      ; Inapplicable ; Pass         ; Inapplicable ; Inapplicable ; Inapplicable ; Inapplicable ; Pass         ; Inapplicable ; Inapplicable ; Inapplicable ; Inapplicable ; Pass         ; Inapplicable ; Inapplicable ; Inapplicable ; Inapplicable ; Inapplicable ; Inapplicable ;
; hex1[0]            ; Pass         ; Inapplicable ; Pass         ; Inapplicable ; Inapplicable ; Pass      ; Pass         ; Inapplicable ; Pass      ; Pass      ; Inapplicable ; Pass         ; Inapplicable ; Inapplicable ; Inapplicable ; Inapplicable ; Pass         ; Inapplicable ; Inapplicable ; Inapplicable ; Inapplicable ; Pass         ; Inapplicable ; Inapplicable ; Inapplicable ; Inapplicable ; Inapplicable ; Inapplicable ;
; hex1[1]            ; Pass         ; Inapplicable ; Pass         ; Inapplicable ; Inapplicable ; Pass      ; Pass         ; Inapplicable ; Pass      ; Pass      ; Inapplicable ; Pass         ; Inapplicable ; Inapplicable ; Inapplicable ; Inapplicable ; Pass         ; Inapplicable ; Inapplicable ; Inapplicable ; Inapplicable ; Pass         ; Inapplicable ; Inapplicable ; Inapplicable ; Inapplicable ; Inapplicable ; Inapplicable ;
; hex1[2]            ; Pass         ; Inapplicable ; Pass         ; Inapplicable ; Inapplicable ; Pass      ; Pass         ; Inapplicable ; Pass      ; Pass      ; Inapplicable ; Pass         ; Inapplicable ; Inapplicable ; Inapplicable ; Inapplicable ; Pass         ; Inapplicable ; Inapplicable ; Inapplicable ; Inapplicable ; Pass         ; Inapplicable ; Inapplicable ; Inapplicable ; Inapplicable ; Inapplicable ; Inapplicable ;
; hex1[3]            ; Pass         ; Inapplicable ; Pass         ; Inapplicable ; Inapplicable ; Pass      ; Pass         ; Inapplicable ; Pass      ; Pass      ; Inapplicable ; Pass         ; Inapplicable ; Inapplicable ; Inapplicable ; Inapplicable ; Pass         ; Inapplicable ; Inapplicable ; Inapplicable ; Inapplicable ; Pass         ; Inapplicable ; Inapplicable ; Inapplicable ; Inapplicable ; Inapplicable ; Inapplicable ;
; hex1[4]            ; Pass         ; Inapplicable ; Pass         ; Inapplicable ; Inapplicable ; Pass      ; Pass         ; Inapplicable ; Pass      ; Pass      ; Inapplicable ; Pass         ; Inapplicable ; Inapplicable ; Inapplicable ; Inapplicable ; Pass         ; Inapplicable ; Inapplicable ; Inapplicable ; Inapplicable ; Pass         ; Inapplicable ; Inapplicable ; Inapplicable ; Inapplicable ; Inapplicable ; Inapplicable ;
; hex1[5]            ; Pass         ; Inapplicable ; Pass         ; Inapplicable ; Inapplicable ; Pass      ; Pass         ; Inapplicable ; Pass      ; Pass      ; Inapplicable ; Pass         ; Inapplicable ; Inapplicable ; Inapplicable ; Inapplicable ; Pass         ; Inapplicable ; Inapplicable ; Inapplicable ; Inapplicable ; Pass         ; Inapplicable ; Inapplicable ; Inapplicable ; Inapplicable ; Inapplicable ; Inapplicable ;
; hex1[6]            ; Pass         ; Inapplicable ; Pass         ; Inapplicable ; Inapplicable ; Pass      ; Pass         ; Inapplicable ; Pass      ; Pass      ; Inapplicable ; Pass         ; Inapplicable ; Inapplicable ; Inapplicable ; Inapplicable ; Pass         ; Inapplicable ; Inapplicable ; Inapplicable ; Inapplicable ; Pass         ; Inapplicable ; Inapplicable ; Inapplicable ; Inapplicable ; Inapplicable ; Inapplicable ;
; hex2[0]            ; Pass         ; Inapplicable ; Pass         ; Inapplicable ; Inapplicable ; Pass      ; Pass         ; Inapplicable ; Pass      ; Pass      ; Inapplicable ; Pass         ; Inapplicable ; Inapplicable ; Inapplicable ; Inapplicable ; Pass         ; Inapplicable ; Inapplicable ; Inapplicable ; Inapplicable ; Pass         ; Inapplicable ; Inapplicable ; Inapplicable ; Inapplicable ; Inapplicable ; Inapplicable ;
; hex2[1]            ; Pass         ; Inapplicable ; Pass         ; Inapplicable ; Inapplicable ; Pass      ; Pass         ; Inapplicable ; Pass      ; Pass      ; Inapplicable ; Pass         ; Inapplicable ; Inapplicable ; Inapplicable ; Inapplicable ; Pass         ; Inapplicable ; Inapplicable ; Inapplicable ; Inapplicable ; Pass         ; Inapplicable ; Inapplicable ; Inapplicable ; Inapplicable ; Inapplicable ; Inapplicable ;
; hex2[2]            ; Pass         ; Inapplicable ; Pass         ; Inapplicable ; Inapplicable ; Pass      ; Pass         ; Inapplicable ; Pass      ; Pass      ; Inapplicable ; Pass         ; Inapplicable ; Inapplicable ; Inapplicable ; Inapplicable ; Pass         ; Inapplicable ; Inapplicable ; Inapplicable ; Inapplicable ; Pass         ; Inapplicable ; Inapplicable ; Inapplicable ; Inapplicable ; Inapplicable ; Inapplicable ;
; hex2[3]            ; Pass         ; Inapplicable ; Pass         ; Inapplicable ; Inapplicable ; Pass      ; Pass         ; Inapplicable ; Pass      ; Pass      ; Inapplicable ; Pass         ; Inapplicable ; Inapplicable ; Inapplicable ; Inapplicable ; Pass         ; Inapplicable ; Inapplicable ; Inapplicable ; Inapplicable ; Pass         ; Inapplicable ; Inapplicable ; Inapplicable ; Inapplicable ; Inapplicable ; Inapplicable ;
; hex2[4]            ; Pass         ; Inapplicable ; Pass         ; Inapplicable ; Inapplicable ; Pass      ; Pass         ; Inapplicable ; Pass      ; Pass      ; Inapplicable ; Pass         ; Inapplicable ; Inapplicable ; Inapplicable ; Inapplicable ; Pass         ; Inapplicable ; Inapplicable ; Inapplicable ; Inapplicable ; Pass         ; Inapplicable ; Inapplicable ; Inapplicable ; Inapplicable ; Inapplicable ; Inapplicable ;
; hex2[5]            ; Pass         ; Inapplicable ; Pass         ; Inapplicable ; Inapplicable ; Pass      ; Pass         ; Inapplicable ; Pass      ; Pass      ; Inapplicable ; Pass         ; Inapplicable ; Inapplicable ; Inapplicable ; Inapplicable ; Pass         ; Inapplicable ; Inapplicable ; Inapplicable ; Inapplicable ; Pass         ; Inapplicable ; Inapplicable ; Inapplicable ; Inapplicable ; Inapplicable ; Inapplicable ;
; hex2[6]            ; Pass         ; Inapplicable ; Pass         ; Inapplicable ; Inapplicable ; Pass      ; Pass         ; Inapplicable ; Pass      ; Pass      ; Inapplicable ; Pass         ; Inapplicable ; Inapplicable ; Inapplicable ; Inapplicable ; Pass         ; Inapplicable ; Inapplicable ; Inapplicable ; Inapplicable ; Pass         ; Inapplicable ; Inapplicable ; Inapplicable ; Inapplicable ; Inapplicable ; Inapplicable ;
; hex3[0]            ; Pass         ; Inapplicable ; Pass         ; Inapplicable ; Inapplicable ; Pass      ; Pass         ; Inapplicable ; Pass      ; Pass      ; Inapplicable ; Pass         ; Inapplicable ; Inapplicable ; Inapplicable ; Inapplicable ; Pass         ; Inapplicable ; Inapplicable ; Inapplicable ; Inapplicable ; Pass         ; Inapplicable ; Inapplicable ; Inapplicable ; Inapplicable ; Inapplicable ; Inapplicable ;
; hex3[1]            ; Pass         ; Inapplicable ; Pass         ; Inapplicable ; Inapplicable ; Pass      ; Pass         ; Inapplicable ; Pass      ; Pass      ; Inapplicable ; Pass         ; Inapplicable ; Inapplicable ; Inapplicable ; Inapplicable ; Pass         ; Inapplicable ; Inapplicable ; Inapplicable ; Inapplicable ; Pass         ; Inapplicable ; Inapplicable ; Inapplicable ; Inapplicable ; Inapplicable ; Inapplicable ;
; hex3[2]            ; Pass         ; Inapplicable ; Pass         ; Inapplicable ; Inapplicable ; Pass      ; Pass         ; Inapplicable ; Pass      ; Pass      ; Inapplicable ; Pass         ; Inapplicable ; Inapplicable ; Inapplicable ; Inapplicable ; Pass         ; Inapplicable ; Inapplicable ; Inapplicable ; Inapplicable ; Pass         ; Inapplicable ; Inapplicable ; Inapplicable ; Inapplicable ; Inapplicable ; Inapplicable ;
; hex3[3]            ; Pass         ; Inapplicable ; Pass         ; Inapplicable ; Inapplicable ; Pass      ; Pass         ; Inapplicable ; Pass      ; Pass      ; Inapplicable ; Pass         ; Inapplicable ; Inapplicable ; Inapplicable ; Inapplicable ; Pass         ; Inapplicable ; Inapplicable ; Inapplicable ; Inapplicable ; Pass         ; Inapplicable ; Inapplicable ; Inapplicable ; Inapplicable ; Inapplicable ; Inapplicable ;
; hex3[4]            ; Pass         ; Inapplicable ; Pass         ; Inapplicable ; Inapplicable ; Pass      ; Pass         ; Inapplicable ; Pass      ; Pass      ; Inapplicable ; Pass         ; Inapplicable ; Inapplicable ; Inapplicable ; Inapplicable ; Pass         ; Inapplicable ; Inapplicable ; Inapplicable ; Inapplicable ; Pass         ; Inapplicable ; Inapplicable ; Inapplicable ; Inapplicable ; Inapplicable ; Inapplicable ;
; hex3[5]            ; Pass         ; Inapplicable ; Pass         ; Inapplicable ; Inapplicable ; Pass      ; Pass         ; Inapplicable ; Pass      ; Pass      ; Inapplicable ; Pass         ; Inapplicable ; Inapplicable ; Inapplicable ; Inapplicable ; Pass         ; Inapplicable ; Inapplicable ; Inapplicable ; Inapplicable ; Pass         ; Inapplicable ; Inapplicable ; Inapplicable ; Inapplicable ; Inapplicable ; Inapplicable ;
; hex3[6]            ; Pass         ; Inapplicable ; Pass         ; Inapplicable ; Inapplicable ; Pass      ; Pass         ; Inapplicable ; Pass      ; Pass      ; Inapplicable ; Pass         ; Inapplicable ; Inapplicable ; Inapplicable ; Inapplicable ; Pass         ; Inapplicable ; Inapplicable ; Inapplicable ; Inapplicable ; Pass         ; Inapplicable ; Inapplicable ; Inapplicable ; Inapplicable ; Inapplicable ; Inapplicable ;
; hex4[0]            ; Pass         ; Inapplicable ; Pass         ; Inapplicable ; Inapplicable ; Pass      ; Pass         ; Inapplicable ; Pass      ; Pass      ; Inapplicable ; Pass         ; Inapplicable ; Inapplicable ; Inapplicable ; Inapplicable ; Pass         ; Inapplicable ; Inapplicable ; Inapplicable ; Inapplicable ; Pass         ; Inapplicable ; Inapplicable ; Inapplicable ; Inapplicable ; Inapplicable ; Inapplicable ;
; hex4[1]            ; Pass         ; Inapplicable ; Pass         ; Inapplicable ; Inapplicable ; Pass      ; Pass         ; Inapplicable ; Pass      ; Pass      ; Inapplicable ; Pass         ; Inapplicable ; Inapplicable ; Inapplicable ; Inapplicable ; Pass         ; Inapplicable ; Inapplicable ; Inapplicable ; Inapplicable ; Pass         ; Inapplicable ; Inapplicable ; Inapplicable ; Inapplicable ; Inapplicable ; Inapplicable ;
; hex4[2]            ; Pass         ; Inapplicable ; Pass         ; Inapplicable ; Inapplicable ; Pass      ; Pass         ; Inapplicable ; Pass      ; Pass      ; Inapplicable ; Pass         ; Inapplicable ; Inapplicable ; Inapplicable ; Inapplicable ; Pass         ; Inapplicable ; Inapplicable ; Inapplicable ; Inapplicable ; Pass         ; Inapplicable ; Inapplicable ; Inapplicable ; Inapplicable ; Inapplicable ; Inapplicable ;
; hex4[3]            ; Pass         ; Inapplicable ; Pass         ; Inapplicable ; Inapplicable ; Pass      ; Pass         ; Inapplicable ; Pass      ; Pass      ; Inapplicable ; Pass         ; Inapplicable ; Inapplicable ; Inapplicable ; Inapplicable ; Pass         ; Inapplicable ; Inapplicable ; Inapplicable ; Inapplicable ; Pass         ; Inapplicable ; Inapplicable ; Inapplicable ; Inapplicable ; Inapplicable ; Inapplicable ;
; hex4[4]            ; Pass         ; Inapplicable ; Pass         ; Inapplicable ; Inapplicable ; Pass      ; Pass         ; Inapplicable ; Pass      ; Pass      ; Inapplicable ; Pass         ; Inapplicable ; Inapplicable ; Inapplicable ; Inapplicable ; Pass         ; Inapplicable ; Inapplicable ; Inapplicable ; Inapplicable ; Pass         ; Inapplicable ; Inapplicable ; Inapplicable ; Inapplicable ; Inapplicable ; Inapplicable ;
; hex4[5]            ; Pass         ; Inapplicable ; Pass         ; Inapplicable ; Inapplicable ; Pass      ; Pass         ; Inapplicable ; Pass      ; Pass      ; Inapplicable ; Pass         ; Inapplicable ; Inapplicable ; Inapplicable ; Inapplicable ; Pass         ; Inapplicable ; Inapplicable ; Inapplicable ; Inapplicable ; Pass         ; Inapplicable ; Inapplicable ; Inapplicable ; Inapplicable ; Inapplicable ; Inapplicable ;
; hex4[6]            ; Pass         ; Inapplicable ; Pass         ; Inapplicable ; Inapplicable ; Pass      ; Pass         ; Inapplicable ; Pass      ; Pass      ; Inapplicable ; Pass         ; Inapplicable ; Inapplicable ; Inapplicable ; Inapplicable ; Pass         ; Inapplicable ; Inapplicable ; Inapplicable ; Inapplicable ; Pass         ; Inapplicable ; Inapplicable ; Inapplicable ; Inapplicable ; Inapplicable ; Inapplicable ;
; hex5[0]            ; Pass         ; Inapplicable ; Pass         ; Inapplicable ; Inapplicable ; Pass      ; Pass         ; Inapplicable ; Pass      ; Pass      ; Inapplicable ; Pass         ; Inapplicable ; Inapplicable ; Inapplicable ; Inapplicable ; Pass         ; Inapplicable ; Inapplicable ; Inapplicable ; Inapplicable ; Pass         ; Inapplicable ; Inapplicable ; Inapplicable ; Inapplicable ; Inapplicable ; Inapplicable ;
; hex5[1]            ; Pass         ; Inapplicable ; Pass         ; Inapplicable ; Inapplicable ; Pass      ; Pass         ; Inapplicable ; Pass      ; Pass      ; Inapplicable ; Pass         ; Inapplicable ; Inapplicable ; Inapplicable ; Inapplicable ; Pass         ; Inapplicable ; Inapplicable ; Inapplicable ; Inapplicable ; Pass         ; Inapplicable ; Inapplicable ; Inapplicable ; Inapplicable ; Inapplicable ; Inapplicable ;
; hex5[2]            ; Pass         ; Inapplicable ; Pass         ; Inapplicable ; Inapplicable ; Pass      ; Pass         ; Inapplicable ; Pass      ; Pass      ; Inapplicable ; Pass         ; Inapplicable ; Inapplicable ; Inapplicable ; Inapplicable ; Pass         ; Inapplicable ; Inapplicable ; Inapplicable ; Inapplicable ; Pass         ; Inapplicable ; Inapplicable ; Inapplicable ; Inapplicable ; Inapplicable ; Inapplicable ;
; hex5[3]            ; Pass         ; Inapplicable ; Pass         ; Inapplicable ; Inapplicable ; Pass      ; Pass         ; Inapplicable ; Pass      ; Pass      ; Inapplicable ; Pass         ; Inapplicable ; Inapplicable ; Inapplicable ; Inapplicable ; Pass         ; Inapplicable ; Inapplicable ; Inapplicable ; Inapplicable ; Pass         ; Inapplicable ; Inapplicable ; Inapplicable ; Inapplicable ; Inapplicable ; Inapplicable ;
; hex5[4]            ; Pass         ; Inapplicable ; Pass         ; Inapplicable ; Inapplicable ; Pass      ; Pass         ; Inapplicable ; Pass      ; Pass      ; Inapplicable ; Pass         ; Inapplicable ; Inapplicable ; Inapplicable ; Inapplicable ; Pass         ; Inapplicable ; Inapplicable ; Inapplicable ; Inapplicable ; Pass         ; Inapplicable ; Inapplicable ; Inapplicable ; Inapplicable ; Inapplicable ; Inapplicable ;
; hex5[5]            ; Pass         ; Inapplicable ; Pass         ; Inapplicable ; Inapplicable ; Pass      ; Pass         ; Inapplicable ; Pass      ; Pass      ; Inapplicable ; Pass         ; Inapplicable ; Inapplicable ; Inapplicable ; Inapplicable ; Pass         ; Inapplicable ; Inapplicable ; Inapplicable ; Inapplicable ; Pass         ; Inapplicable ; Inapplicable ; Inapplicable ; Inapplicable ; Inapplicable ; Inapplicable ;
; hex5[6]            ; Pass         ; Inapplicable ; Pass         ; Inapplicable ; Inapplicable ; Pass      ; Pass         ; Inapplicable ; Pass      ; Pass      ; Inapplicable ; Pass         ; Inapplicable ; Inapplicable ; Inapplicable ; Inapplicable ; Pass         ; Inapplicable ; Inapplicable ; Inapplicable ; Inapplicable ; Pass         ; Inapplicable ; Inapplicable ; Inapplicable ; Inapplicable ; Inapplicable ; Inapplicable ;
; led[0]             ; Inapplicable ; Inapplicable ; Inapplicable ; Inapplicable ; Inapplicable ; Pass      ; Inapplicable ; Inapplicable ; Pass      ; Pass      ; Inapplicable ; Pass         ; Inapplicable ; Inapplicable ; Inapplicable ; Inapplicable ; Pass         ; Inapplicable ; Inapplicable ; Inapplicable ; Inapplicable ; Pass         ; Inapplicable ; Inapplicable ; Inapplicable ; Inapplicable ; Inapplicable ; Inapplicable ;
; led[1]             ; Inapplicable ; Inapplicable ; Inapplicable ; Inapplicable ; Inapplicable ; Pass      ; Inapplicable ; Inapplicable ; Pass      ; Pass      ; Inapplicable ; Pass         ; Inapplicable ; Inapplicable ; Inapplicable ; Inapplicable ; Pass         ; Inapplicable ; Inapplicable ; Inapplicable ; Inapplicable ; Pass         ; Inapplicable ; Inapplicable ; Inapplicable ; Inapplicable ; Inapplicable ; Inapplicable ;
; led[2]             ; Inapplicable ; Inapplicable ; Inapplicable ; Inapplicable ; Inapplicable ; Pass      ; Inapplicable ; Inapplicable ; Pass      ; Pass      ; Inapplicable ; Pass         ; Inapplicable ; Inapplicable ; Inapplicable ; Inapplicable ; Pass         ; Inapplicable ; Inapplicable ; Inapplicable ; Inapplicable ; Pass         ; Inapplicable ; Inapplicable ; Inapplicable ; Inapplicable ; Inapplicable ; Inapplicable ;
; led[3]             ; Inapplicable ; Inapplicable ; Inapplicable ; Inapplicable ; Inapplicable ; Pass      ; Inapplicable ; Inapplicable ; Pass      ; Pass      ; Inapplicable ; Pass         ; Inapplicable ; Inapplicable ; Inapplicable ; Inapplicable ; Pass         ; Inapplicable ; Inapplicable ; Inapplicable ; Inapplicable ; Pass         ; Inapplicable ; Inapplicable ; Inapplicable ; Inapplicable ; Inapplicable ; Inapplicable ;
; led[4]             ; Inapplicable ; Inapplicable ; Inapplicable ; Inapplicable ; Inapplicable ; Pass      ; Inapplicable ; Inapplicable ; Pass      ; Pass      ; Inapplicable ; Pass         ; Inapplicable ; Inapplicable ; Inapplicable ; Inapplicable ; Pass         ; Inapplicable ; Inapplicable ; Inapplicable ; Inapplicable ; Pass         ; Inapplicable ; Inapplicable ; Inapplicable ; Inapplicable ; Inapplicable ; Inapplicable ;
; led[5]             ; Inapplicable ; Inapplicable ; Inapplicable ; Inapplicable ; Inapplicable ; Pass      ; Inapplicable ; Inapplicable ; Pass      ; Pass      ; Inapplicable ; Pass         ; Inapplicable ; Inapplicable ; Inapplicable ; Inapplicable ; Pass         ; Inapplicable ; Inapplicable ; Inapplicable ; Inapplicable ; Pass         ; Inapplicable ; Inapplicable ; Inapplicable ; Inapplicable ; Inapplicable ; Inapplicable ;
; led[6]             ; Inapplicable ; Inapplicable ; Inapplicable ; Inapplicable ; Inapplicable ; Pass      ; Inapplicable ; Inapplicable ; Pass      ; Pass      ; Inapplicable ; Pass         ; Inapplicable ; Inapplicable ; Inapplicable ; Inapplicable ; Pass         ; Inapplicable ; Inapplicable ; Inapplicable ; Inapplicable ; Pass         ; Inapplicable ; Inapplicable ; Inapplicable ; Inapplicable ; Inapplicable ; Inapplicable ;
; led[7]             ; Inapplicable ; Inapplicable ; Inapplicable ; Inapplicable ; Inapplicable ; Pass      ; Inapplicable ; Inapplicable ; Pass      ; Pass      ; Inapplicable ; Pass         ; Inapplicable ; Inapplicable ; Inapplicable ; Inapplicable ; Pass         ; Inapplicable ; Inapplicable ; Inapplicable ; Inapplicable ; Pass         ; Inapplicable ; Inapplicable ; Inapplicable ; Inapplicable ; Inapplicable ; Inapplicable ;
; led[8]             ; Inapplicable ; Inapplicable ; Inapplicable ; Inapplicable ; Inapplicable ; Pass      ; Inapplicable ; Inapplicable ; Pass      ; Pass      ; Inapplicable ; Pass         ; Inapplicable ; Inapplicable ; Inapplicable ; Inapplicable ; Pass         ; Inapplicable ; Inapplicable ; Inapplicable ; Inapplicable ; Pass         ; Inapplicable ; Inapplicable ; Inapplicable ; Inapplicable ; Inapplicable ; Inapplicable ;
; led[9]             ; Inapplicable ; Inapplicable ; Inapplicable ; Inapplicable ; Inapplicable ; Pass      ; Inapplicable ; Inapplicable ; Pass      ; Pass      ; Inapplicable ; Pass         ; Inapplicable ; Inapplicable ; Inapplicable ; Inapplicable ; Pass         ; Inapplicable ; Inapplicable ; Inapplicable ; Inapplicable ; Pass         ; Inapplicable ; Inapplicable ; Inapplicable ; Inapplicable ; Inapplicable ; Inapplicable ;
; vga_r[0]           ; Pass         ; Inapplicable ; Pass         ; Inapplicable ; Inapplicable ; Pass      ; Pass         ; Inapplicable ; Pass      ; Pass      ; Inapplicable ; Pass         ; Inapplicable ; Inapplicable ; Inapplicable ; Inapplicable ; Pass         ; Inapplicable ; Inapplicable ; Inapplicable ; Inapplicable ; Pass         ; Inapplicable ; Inapplicable ; Inapplicable ; Inapplicable ; Inapplicable ; Inapplicable ;
; vga_r[1]           ; Pass         ; Inapplicable ; Pass         ; Inapplicable ; Inapplicable ; Pass      ; Pass         ; Inapplicable ; Pass      ; Pass      ; Inapplicable ; Pass         ; Inapplicable ; Inapplicable ; Inapplicable ; Inapplicable ; Pass         ; Inapplicable ; Inapplicable ; Inapplicable ; Inapplicable ; Pass         ; Inapplicable ; Inapplicable ; Inapplicable ; Inapplicable ; Inapplicable ; Inapplicable ;
; vga_r[2]           ; Pass         ; Inapplicable ; Pass         ; Inapplicable ; Inapplicable ; Pass      ; Pass         ; Inapplicable ; Pass      ; Pass      ; Inapplicable ; Pass         ; Inapplicable ; Inapplicable ; Inapplicable ; Inapplicable ; Pass         ; Inapplicable ; Inapplicable ; Inapplicable ; Inapplicable ; Pass         ; Inapplicable ; Inapplicable ; Inapplicable ; Inapplicable ; Inapplicable ; Inapplicable ;
; vga_r[3]           ; Pass         ; Inapplicable ; Pass         ; Inapplicable ; Inapplicable ; Pass      ; Pass         ; Inapplicable ; Pass      ; Pass      ; Inapplicable ; Pass         ; Inapplicable ; Inapplicable ; Inapplicable ; Inapplicable ; Pass         ; Inapplicable ; Inapplicable ; Inapplicable ; Inapplicable ; Pass         ; Inapplicable ; Inapplicable ; Inapplicable ; Inapplicable ; Inapplicable ; Inapplicable ;
; vga_g[0]           ; Pass         ; Inapplicable ; Pass         ; Inapplicable ; Inapplicable ; Pass      ; Pass         ; Inapplicable ; Pass      ; Pass      ; Inapplicable ; Pass         ; Inapplicable ; Inapplicable ; Inapplicable ; Inapplicable ; Pass         ; Inapplicable ; Inapplicable ; Inapplicable ; Inapplicable ; Pass         ; Inapplicable ; Inapplicable ; Inapplicable ; Inapplicable ; Inapplicable ; Inapplicable ;
; vga_g[1]           ; Pass         ; Inapplicable ; Pass         ; Inapplicable ; Inapplicable ; Pass      ; Pass         ; Inapplicable ; Pass      ; Pass      ; Inapplicable ; Pass         ; Inapplicable ; Inapplicable ; Inapplicable ; Inapplicable ; Pass         ; Inapplicable ; Inapplicable ; Inapplicable ; Inapplicable ; Pass         ; Inapplicable ; Inapplicable ; Inapplicable ; Inapplicable ; Inapplicable ; Inapplicable ;
; vga_g[2]           ; Pass         ; Inapplicable ; Pass         ; Inapplicable ; Inapplicable ; Pass      ; Pass         ; Inapplicable ; Pass      ; Pass      ; Inapplicable ; Pass         ; Inapplicable ; Inapplicable ; Inapplicable ; Inapplicable ; Pass         ; Inapplicable ; Inapplicable ; Inapplicable ; Inapplicable ; Pass         ; Inapplicable ; Inapplicable ; Inapplicable ; Inapplicable ; Inapplicable ; Inapplicable ;
; vga_g[3]           ; Pass         ; Inapplicable ; Pass         ; Inapplicable ; Inapplicable ; Pass      ; Pass         ; Inapplicable ; Pass      ; Pass      ; Inapplicable ; Pass         ; Inapplicable ; Inapplicable ; Inapplicable ; Inapplicable ; Pass         ; Inapplicable ; Inapplicable ; Inapplicable ; Inapplicable ; Pass         ; Inapplicable ; Inapplicable ; Inapplicable ; Inapplicable ; Inapplicable ; Inapplicable ;
; vga_b[0]           ; Pass         ; Inapplicable ; Pass         ; Inapplicable ; Inapplicable ; Pass      ; Pass         ; Inapplicable ; Pass      ; Pass      ; Inapplicable ; Pass         ; Inapplicable ; Inapplicable ; Inapplicable ; Inapplicable ; Pass         ; Inapplicable ; Inapplicable ; Inapplicable ; Inapplicable ; Pass         ; Inapplicable ; Inapplicable ; Inapplicable ; Inapplicable ; Inapplicable ; Inapplicable ;
; vga_b[1]           ; Pass         ; Inapplicable ; Pass         ; Inapplicable ; Inapplicable ; Pass      ; Pass         ; Inapplicable ; Pass      ; Pass      ; Inapplicable ; Pass         ; Inapplicable ; Inapplicable ; Inapplicable ; Inapplicable ; Pass         ; Inapplicable ; Inapplicable ; Inapplicable ; Inapplicable ; Pass         ; Inapplicable ; Inapplicable ; Inapplicable ; Inapplicable ; Inapplicable ; Inapplicable ;
; vga_b[2]           ; Pass         ; Inapplicable ; Pass         ; Inapplicable ; Inapplicable ; Pass      ; Pass         ; Inapplicable ; Pass      ; Pass      ; Inapplicable ; Pass         ; Inapplicable ; Inapplicable ; Inapplicable ; Inapplicable ; Pass         ; Inapplicable ; Inapplicable ; Inapplicable ; Inapplicable ; Pass         ; Inapplicable ; Inapplicable ; Inapplicable ; Inapplicable ; Inapplicable ; Inapplicable ;
; vga_b[3]           ; Pass         ; Inapplicable ; Pass         ; Inapplicable ; Inapplicable ; Pass      ; Pass         ; Inapplicable ; Pass      ; Pass      ; Inapplicable ; Pass         ; Inapplicable ; Inapplicable ; Inapplicable ; Inapplicable ; Pass         ; Inapplicable ; Inapplicable ; Inapplicable ; Inapplicable ; Pass         ; Inapplicable ; Inapplicable ; Inapplicable ; Inapplicable ; Inapplicable ; Inapplicable ;
; vga_hs             ; Pass         ; Inapplicable ; Pass         ; Inapplicable ; Inapplicable ; Pass      ; Pass         ; Inapplicable ; Pass      ; Pass      ; Inapplicable ; Pass         ; Inapplicable ; Inapplicable ; Inapplicable ; Inapplicable ; Pass         ; Inapplicable ; Inapplicable ; Inapplicable ; Inapplicable ; Pass         ; Inapplicable ; Inapplicable ; Inapplicable ; Inapplicable ; Inapplicable ; Inapplicable ;
; vga_vs             ; Pass         ; Inapplicable ; Pass         ; Inapplicable ; Inapplicable ; Pass      ; Pass         ; Inapplicable ; Pass      ; Pass      ; Inapplicable ; Pass         ; Inapplicable ; Inapplicable ; Inapplicable ; Inapplicable ; Pass         ; Inapplicable ; Inapplicable ; Inapplicable ; Inapplicable ; Pass         ; Inapplicable ; Inapplicable ; Inapplicable ; Inapplicable ; Inapplicable ; Inapplicable ;
; ps2_clk            ; Pass         ; Inapplicable ; Pass         ; Inapplicable ; Inapplicable ; Pass      ; Pass         ; Inapplicable ; Pass      ; Pass      ; Inapplicable ; Pass         ; Inapplicable ; Inapplicable ; Inapplicable ; Inapplicable ; Pass         ; Inapplicable ; Inapplicable ; Inapplicable ; Inapplicable ; Pass         ; Inapplicable ; Inapplicable ; Inapplicable ; Inapplicable ; Inapplicable ; Inapplicable ;
; ps2_dat            ; Pass         ; Inapplicable ; Pass         ; Inapplicable ; Inapplicable ; Pass      ; Pass         ; Inapplicable ; Pass      ; Pass      ; Inapplicable ; Pass         ; Inapplicable ; Inapplicable ; Inapplicable ; Inapplicable ; Pass         ; Inapplicable ; Inapplicable ; Inapplicable ; Inapplicable ; Pass         ; Inapplicable ; Inapplicable ; Inapplicable ; Inapplicable ; Inapplicable ; Inapplicable ;
; sw[9]              ; Pass         ; Inapplicable ; Pass         ; Inapplicable ; Inapplicable ; Pass      ; Pass         ; Inapplicable ; Pass      ; Pass      ; Inapplicable ; Inapplicable ; Inapplicable ; Inapplicable ; Inapplicable ; Inapplicable ; Inapplicable ; Inapplicable ; Inapplicable ; Inapplicable ; Inapplicable ; Inapplicable ; Inapplicable ; Inapplicable ; Inapplicable ; Inapplicable ; Inapplicable ; Inapplicable ;
; reset_n            ; Pass         ; Inapplicable ; Pass         ; Inapplicable ; Inapplicable ; Pass      ; Pass         ; Inapplicable ; Pass      ; Pass      ; Inapplicable ; Inapplicable ; Inapplicable ; Inapplicable ; Inapplicable ; Inapplicable ; Inapplicable ; Inapplicable ; Inapplicable ; Inapplicable ; Inapplicable ; Inapplicable ; Inapplicable ; Inapplicable ; Inapplicable ; Inapplicable ; Inapplicable ; Inapplicable ;
; key[1]             ; Pass         ; Inapplicable ; Pass         ; Inapplicable ; Inapplicable ; Pass      ; Pass         ; Inapplicable ; Pass      ; Pass      ; Inapplicable ; Inapplicable ; Inapplicable ; Inapplicable ; Inapplicable ; Inapplicable ; Inapplicable ; Inapplicable ; Inapplicable ; Inapplicable ; Inapplicable ; Inapplicable ; Inapplicable ; Inapplicable ; Inapplicable ; Inapplicable ; Inapplicable ; Inapplicable ;
; key[0]             ; Pass         ; Inapplicable ; Pass         ; Inapplicable ; Inapplicable ; Pass      ; Pass         ; Inapplicable ; Pass      ; Pass      ; Inapplicable ; Inapplicable ; Inapplicable ; Inapplicable ; Inapplicable ; Inapplicable ; Inapplicable ; Inapplicable ; Inapplicable ; Inapplicable ; Inapplicable ; Inapplicable ; Inapplicable ; Inapplicable ; Inapplicable ; Inapplicable ; Inapplicable ; Inapplicable ;
; key[2]             ; Pass         ; Inapplicable ; Pass         ; Inapplicable ; Inapplicable ; Pass      ; Pass         ; Inapplicable ; Pass      ; Pass      ; Inapplicable ; Inapplicable ; Inapplicable ; Inapplicable ; Inapplicable ; Inapplicable ; Inapplicable ; Inapplicable ; Inapplicable ; Inapplicable ; Inapplicable ; Inapplicable ; Inapplicable ; Inapplicable ; Inapplicable ; Inapplicable ; Inapplicable ; Inapplicable ;
; clock_50           ; Pass         ; Inapplicable ; Pass         ; Inapplicable ; Inapplicable ; Pass      ; Pass         ; Inapplicable ; Pass      ; Pass      ; Inapplicable ; Inapplicable ; Inapplicable ; Inapplicable ; Inapplicable ; Inapplicable ; Inapplicable ; Inapplicable ; Inapplicable ; Inapplicable ; Inapplicable ; Inapplicable ; Inapplicable ; Inapplicable ; Inapplicable ; Inapplicable ; Inapplicable ; Inapplicable ;
+--------------------+--------------+--------------+--------------+--------------+--------------+-----------+--------------+--------------+-----------+-----------+--------------+--------------+--------------+--------------+--------------+--------------+--------------+--------------+--------------+--------------+--------------+--------------+--------------+--------------+--------------+--------------+--------------+--------------+


+------------------------------------------------------------------------------------------------+
; Fitter Device Options                                                                          ;
+------------------------------------------------------------------+-----------------------------+
; Option                                                           ; Setting                     ;
+------------------------------------------------------------------+-----------------------------+
; Enable user-supplied start-up clock (CLKUSR)                     ; Off                         ;
; Enable device-wide reset (DEV_CLRn)                              ; Off                         ;
; Enable device-wide output enable (DEV_OE)                        ; Off                         ;
; Enable INIT_DONE output                                          ; Off                         ;
; Configuration scheme                                             ; Passive Serial              ;
; Enable Error Detection CRC_ERROR pin                             ; Off                         ;
; Enable CvP_CONFDONE pin                                          ; Off                         ;
; Enable open drain on CRC_ERROR pin                               ; On                          ;
; Enable open drain on CvP_CONFDONE pin                            ; On                          ;
; Enable open drain on INIT_DONE pin                               ; On                          ;
; Enable open drain on Partial Reconfiguration pins                ; Off                         ;
; Enable open drain on nCEO pin                                    ; On                          ;
; Enable Partial Reconfiguration pins                              ; Off                         ;
; Enable input tri-state on active configuration pins in user mode ; Off                         ;
; Enable internal scrubbing                                        ; Off                         ;
; Active Serial clock source                                       ; 100 MHz Internal Oscillator ;
; Device initialization clock source                               ; Internal Oscillator         ;
; Configuration via Protocol                                       ; Off                         ;
; Configuration Voltage Level                                      ; Auto                        ;
; Force Configuration Voltage Level                                ; Off                         ;
; Enable nCEO output                                               ; Off                         ;
; Data[15..8]                                                      ; Unreserved                  ;
; Data[7..5]                                                       ; Unreserved                  ;
; Base pin-out file on sameframe device                            ; Off                         ;
+------------------------------------------------------------------+-----------------------------+


+------------------------------------+
; Operating Settings and Conditions  ;
+---------------------------+--------+
; Setting                   ; Value  ;
+---------------------------+--------+
; Nominal Core Voltage      ; 1.10 V ;
; Low Junction Temperature  ; 0 °C   ;
; High Junction Temperature ; 85 °C  ;
+---------------------------+--------+


+-----------------------------------------------------------------------------------------------------------------------------------------------------------+
; Estimated Delay Added for Hold Timing Summary                                                                                                             ;
+-----------------------------------------------------------------+---------------------------------------------------------------------+-------------------+
; Source Clock(s)                                                 ; Destination Clock(s)                                                ; Delay Added in ns ;
+-----------------------------------------------------------------+---------------------------------------------------------------------+-------------------+
; clk25_gen:clk_inst|clk_div                                      ; clk25_gen:clk_inst|clk_div                                          ; 208.4             ;
; MOUSE:mouse_inst|MOUSE_CLK_FILTER                               ; MOUSE:mouse_inst|MOUSE_CLK_FILTER                                   ; 180.1             ;
; VGA_SYNC:vga_sync_inst|vert_sync_out                            ; VGA_SYNC:vga_sync_inst|vert_sync_out                                ; 28.7              ;
; clock_50                                                        ; clk25_gen:clk_inst|clk_div                                          ; 15.6              ;
; VGA_SYNC:vga_sync_inst|vert_sync_out                            ; clk25_gen:clk_inst|clk_div                                          ; 12.0              ;
; clk25_gen:clk_inst|clk_div,VGA_SYNC:vga_sync_inst|vert_sync_out ; clk25_gen:clk_inst|clk_div                                          ; 11.6              ;
; clk25_gen:clk_inst|clk_div                                      ; VGA_SYNC:vga_sync_inst|pixel_row[1]                                 ; 10.9              ;
; VGA_SYNC:vga_sync_inst|vert_sync_out                            ; clk25_gen:clk_inst|clk_div,VGA_SYNC:vga_sync_inst|vert_sync_out,I/O ; 4.8               ;
+-----------------------------------------------------------------+---------------------------------------------------------------------+-------------------+
Note: For more information on problematic transfers, consider running the Fitter again with the Optimize hold timing option (Settings Menu) turned off.
This will disable optimization of problematic paths and expose them for further analysis using the Timing Analyzer.


+-------------------------------------------------------------------------------------------------------------------------------------------------------------------------------------------------------------+
; Estimated Delay Added for Hold Timing Details                                                                                                                                                               ;
+--------------------------------------------+--------------------------------------------------------------------------------------------------------------------------------------------+-------------------+
; Source Register                            ; Destination Register                                                                                                                       ; Delay Added in ns ;
+--------------------------------------------+--------------------------------------------------------------------------------------------------------------------------------------------+-------------------+
; clk25_gen:clk_inst|clk_div                 ; clk25_gen:clk_inst|clk_div                                                                                                                 ; 4.702             ;
; MOUSE:mouse_inst|MOUSE_CLK_FILTER          ; MOUSE:mouse_inst|MOUSE_CLK_FILTER                                                                                                          ; 3.300             ;
; VGA_SYNC:vga_sync_inst|pixel_row[1]        ; conveyor_belt:level_inst|ground_addr[5]                                                                                                    ; 3.272             ;
; VGA_SYNC:vga_sync_inst|pixel_row[2]        ; conveyor_belt:level_inst|ground_addr[7]                                                                                                    ; 2.555             ;
; VGA_SYNC:vga_sync_inst|pixel_row[3]        ; conveyor_belt:level_inst|ground_addr[7]                                                                                                    ; 2.555             ;
; VGA_SYNC:vga_sync_inst|pixel_column[3]     ; text_engine:t_press_start|char_rom:rom_inst|altsyncram:altsyncram_component|altsyncram_d5g1:auto_generated|ram_block1a7~porta_address_reg0 ; 2.461             ;
; VGA_SYNC:vga_sync_inst|pixel_column[8]     ; text_engine:t_press_start|char_rom:rom_inst|altsyncram:altsyncram_component|altsyncram_d5g1:auto_generated|ram_block1a7~porta_address_reg0 ; 2.461             ;
; VGA_SYNC:vga_sync_inst|pixel_column[9]     ; text_engine:t_press_start|char_rom:rom_inst|altsyncram:altsyncram_component|altsyncram_d5g1:auto_generated|ram_block1a7~porta_address_reg0 ; 2.461             ;
; VGA_SYNC:vga_sync_inst|pixel_column[7]     ; text_engine:t_press_start|char_rom:rom_inst|altsyncram:altsyncram_component|altsyncram_d5g1:auto_generated|ram_block1a7~porta_address_reg0 ; 2.461             ;
; VGA_SYNC:vga_sync_inst|pixel_column[6]     ; text_engine:t_press_start|char_rom:rom_inst|altsyncram:altsyncram_component|altsyncram_d5g1:auto_generated|ram_block1a7~porta_address_reg0 ; 2.461             ;
; VGA_SYNC:vga_sync_inst|pixel_column[5]     ; text_engine:t_press_start|char_rom:rom_inst|altsyncram:altsyncram_component|altsyncram_d5g1:auto_generated|ram_block1a7~porta_address_reg0 ; 2.461             ;
; VGA_SYNC:vga_sync_inst|pixel_column[4]     ; text_engine:t_press_start|char_rom:rom_inst|altsyncram:altsyncram_component|altsyncram_d5g1:auto_generated|ram_block1a7~porta_address_reg0 ; 2.461             ;
; VGA_SYNC:vga_sync_inst|pixel_row[8]        ; text_engine:t_press_start|char_rom:rom_inst|altsyncram:altsyncram_component|altsyncram_d5g1:auto_generated|ram_block1a7~porta_address_reg0 ; 2.461             ;
; VGA_SYNC:vga_sync_inst|pixel_row[6]        ; text_engine:t_press_start|char_rom:rom_inst|altsyncram:altsyncram_component|altsyncram_d5g1:auto_generated|ram_block1a7~porta_address_reg0 ; 2.461             ;
; VGA_SYNC:vga_sync_inst|pixel_row[7]        ; text_engine:t_press_start|char_rom:rom_inst|altsyncram:altsyncram_component|altsyncram_d5g1:auto_generated|ram_block1a7~porta_address_reg0 ; 2.461             ;
; VGA_SYNC:vga_sync_inst|pixel_row[5]        ; text_engine:t_press_start|char_rom:rom_inst|altsyncram:altsyncram_component|altsyncram_d5g1:auto_generated|ram_block1a7~porta_address_reg0 ; 2.461             ;
; VGA_SYNC:vga_sync_inst|pixel_row[4]        ; text_engine:t_press_start|char_rom:rom_inst|altsyncram:altsyncram_component|altsyncram_d5g1:auto_generated|ram_block1a7~porta_address_reg0 ; 2.461             ;
; VGA_SYNC:vga_sync_inst|vert_sync_out       ; conveyor_belt:level_inst|pipes[1].x[11]                                                                                                    ; 1.977             ;
; game_fsm:fsm_inst|current_state.MAIN_MENU  ; conveyor_belt:level_inst|pipes[1].x[11]                                                                                                    ; 1.839             ;
; game_fsm:fsm_inst|current_state.PLAYING    ; score_lives:score_inst|s_tens[0]                                                                                                           ; 1.771             ;
; MOUSE:mouse_inst|filter[5]                 ; MOUSE:mouse_inst|MOUSE_CLK_FILTER                                                                                                          ; 1.650             ;
; MOUSE:mouse_inst|filter[6]                 ; MOUSE:mouse_inst|MOUSE_CLK_FILTER                                                                                                          ; 1.650             ;
; MOUSE:mouse_inst|filter[7]                 ; MOUSE:mouse_inst|MOUSE_CLK_FILTER                                                                                                          ; 1.650             ;
; MOUSE:mouse_inst|filter[0]                 ; MOUSE:mouse_inst|MOUSE_CLK_FILTER                                                                                                          ; 1.650             ;
; MOUSE:mouse_inst|filter[1]                 ; MOUSE:mouse_inst|MOUSE_CLK_FILTER                                                                                                          ; 1.650             ;
; MOUSE:mouse_inst|filter[2]                 ; MOUSE:mouse_inst|MOUSE_CLK_FILTER                                                                                                          ; 1.650             ;
; MOUSE:mouse_inst|filter[3]                 ; MOUSE:mouse_inst|MOUSE_CLK_FILTER                                                                                                          ; 1.650             ;
; MOUSE:mouse_inst|filter[4]                 ; MOUSE:mouse_inst|MOUSE_CLK_FILTER                                                                                                          ; 1.650             ;
; game_fsm:fsm_inst|current_state.PAUSED     ; conveyor_belt:level_inst|pipes[1].x[11]                                                                                                    ; 1.611             ;
; conveyor_belt:level_inst|vsync_prev        ; conveyor_belt:level_inst|pipes[1].x[11]                                                                                                    ; 1.611             ;
; MOUSE:mouse_inst|PACKET_CHAR2[3]           ; MOUSE:mouse_inst|new_cursor_column[6]                                                                                                      ; 1.562             ;
; bird_logic:bird_inst|mouse_click_prev      ; bird_logic:bird_inst|ball_y_pos[1]                                                                                                         ; 1.546             ;
; bird_logic:bird_inst|ball_y_pos[5]         ; bird_logic:bird_inst|ball_y_pos[9]                                                                                                         ; 1.510             ;
; MOUSE:mouse_inst|cursor_column[6]          ; MOUSE:mouse_inst|new_cursor_column[6]                                                                                                      ; 1.499             ;
; bird_logic:bird_inst|ball_y_pos[9]         ; bird_logic:bird_inst|ball_y_pos[9]                                                                                                         ; 1.478             ;
; bird_logic:bird_inst|ball_y_pos[8]         ; bird_logic:bird_inst|ball_y_pos[9]                                                                                                         ; 1.454             ;
; VGA_SYNC:vga_sync_inst|pixel_row[0]        ; sprite_rom:pipecap_rom|altsyncram:altsyncram_component|altsyncram_pjc1:auto_generated|ram_block1a1~porta_address_reg0                      ; 1.454             ;
; conveyor_belt:level_inst|pipes[2].gap_y[1] ; sprite_rom:pipecap_rom|altsyncram:altsyncram_component|altsyncram_pjc1:auto_generated|ram_block1a1~porta_address_reg0                      ; 1.454             ;
; conveyor_belt:level_inst|pipes[2].gap_y[0] ; sprite_rom:pipecap_rom|altsyncram:altsyncram_component|altsyncram_pjc1:auto_generated|ram_block1a1~porta_address_reg0                      ; 1.454             ;
; bird_logic:bird_inst|ball_y_pos[2]         ; bird_logic:bird_inst|ball_y_pos[1]                                                                                                         ; 1.451             ;
; MOUSE:mouse_inst|new_cursor_row[0]         ; MOUSE:mouse_inst|cursor_row[0]                                                                                                             ; 1.443             ;
; bird_logic:bird_inst|ball_y_pos[6]         ; bird_logic:bird_inst|ball_y_pos[9]                                                                                                         ; 1.434             ;
; bird_logic:bird_inst|ball_y_pos[7]         ; bird_logic:bird_inst|ball_y_pos[9]                                                                                                         ; 1.434             ;
; bird_logic:bird_inst|ball_y_pos[4]         ; bird_logic:bird_inst|ball_y_pos[9]                                                                                                         ; 1.420             ;
; bird_logic:bird_inst|ball_y_pos[1]         ; bird_logic:bird_inst|ball_y_pos[1]                                                                                                         ; 1.380             ;
; MOUSE:mouse_inst|OUTCNT[1]                 ; MOUSE:mouse_inst|output_ready                                                                                                              ; 1.372             ;
; MOUSE:mouse_inst|new_cursor_row[1]         ; MOUSE:mouse_inst|cursor_row[1]                                                                                                             ; 1.370             ;
; MOUSE:mouse_inst|new_cursor_row[3]         ; MOUSE:mouse_inst|cursor_row[3]                                                                                                             ; 1.359             ;
; MOUSE:mouse_inst|OUTCNT[3]                 ; MOUSE:mouse_inst|output_ready                                                                                                              ; 1.338             ;
; MOUSE:mouse_inst|SHIFTOUT[4]               ; MOUSE:mouse_inst|SHIFTOUT[3]                                                                                                               ; 1.337             ;
; MOUSE:mouse_inst|SHIFTOUT[3]               ; MOUSE:mouse_inst|SHIFTOUT[2]                                                                                                               ; 1.336             ;
; MOUSE:mouse_inst|new_cursor_column[8]      ; MOUSE:mouse_inst|cursor_column[8]                                                                                                          ; 1.332             ;
; MOUSE:mouse_inst|SHIFTOUT[5]               ; MOUSE:mouse_inst|SHIFTOUT[4]                                                                                                               ; 1.321             ;
; MOUSE:mouse_inst|SHIFTOUT[9]               ; MOUSE:mouse_inst|SHIFTOUT[8]                                                                                                               ; 1.320             ;
; conveyor_belt:level_inst|pipes[2].gap_y[3] ; sprite_rom:pipecap_rom|altsyncram:altsyncram_component|altsyncram_pjc1:auto_generated|ram_block1a1~porta_address_reg0                      ; 1.309             ;
; conveyor_belt:level_inst|pipes[2].gap_y[2] ; sprite_rom:pipecap_rom|altsyncram:altsyncram_component|altsyncram_pjc1:auto_generated|ram_block1a1~porta_address_reg0                      ; 1.309             ;
; bird_logic:bird_inst|ball_y_pos[3]         ; bird_logic:bird_inst|ball_y_pos[1]                                                                                                         ; 1.309             ;
; conveyor_belt:level_inst|pipes[3].gap_y[1] ; sprite_rom:pipecap_rom|altsyncram:altsyncram_component|altsyncram_pjc1:auto_generated|ram_block1a1~porta_address_reg0                      ; 1.305             ;
; conveyor_belt:level_inst|pipes[3].gap_y[0] ; sprite_rom:pipecap_rom|altsyncram:altsyncram_component|altsyncram_pjc1:auto_generated|ram_block1a1~porta_address_reg0                      ; 1.305             ;
; MOUSE:mouse_inst|OUTCNT[2]                 ; MOUSE:mouse_inst|output_ready                                                                                                              ; 1.300             ;
; MOUSE:mouse_inst|PACKET_CHAR2[1]           ; MOUSE:mouse_inst|new_cursor_column[6]                                                                                                      ; 1.287             ;
; MOUSE:mouse_inst|PACKET_CHAR2[7]           ; MOUSE:mouse_inst|new_cursor_column[9]                                                                                                      ; 1.275             ;
; MOUSE:mouse_inst|PACKET_CHAR2[4]           ; MOUSE:mouse_inst|new_cursor_column[6]                                                                                                      ; 1.271             ;
; MOUSE:mouse_inst|PACKET_CHAR2[0]           ; MOUSE:mouse_inst|new_cursor_column[6]                                                                                                      ; 1.270             ;
; MOUSE:mouse_inst|SHIFTIN[5]                ; MOUSE:mouse_inst|PACKET_CHAR3[5]                                                                                                           ; 1.253             ;
; MOUSE:mouse_inst|SHIFTIN[4]                ; MOUSE:mouse_inst|PACKET_CHAR2[4]                                                                                                           ; 1.253             ;
; MOUSE:mouse_inst|PACKET_CHAR2[2]           ; MOUSE:mouse_inst|new_cursor_column[6]                                                                                                      ; 1.242             ;
; conveyor_belt:level_inst|pipes[1].gap_y[0] ; sprite_rom:pipecap_rom|altsyncram:altsyncram_component|altsyncram_pjc1:auto_generated|ram_block1a2~porta_address_reg0                      ; 1.230             ;
; conveyor_belt:level_inst|pipes[1].gap_y[1] ; sprite_rom:pipecap_rom|altsyncram:altsyncram_component|altsyncram_pjc1:auto_generated|ram_block1a2~porta_address_reg0                      ; 1.230             ;
; MOUSE:mouse_inst|SHIFTIN[6]                ; MOUSE:mouse_inst|SHIFTIN[5]                                                                                                                ; 1.226             ;
; MOUSE:mouse_inst|new_cursor_column[1]      ; MOUSE:mouse_inst|cursor_column[1]                                                                                                          ; 1.221             ;
; MOUSE:mouse_inst|new_cursor_column[5]      ; MOUSE:mouse_inst|cursor_column[5]                                                                                                          ; 1.212             ;
; MOUSE:mouse_inst|SHIFTIN[3]                ; MOUSE:mouse_inst|SHIFTIN[2]                                                                                                                ; 1.211             ;
; MOUSE:mouse_inst|new_cursor_column[0]      ; MOUSE:mouse_inst|cursor_column[0]                                                                                                          ; 1.203             ;
; MOUSE:mouse_inst|new_cursor_column[4]      ; MOUSE:mouse_inst|cursor_column[8]                                                                                                          ; 1.193             ;
; MOUSE:mouse_inst|new_cursor_column[3]      ; MOUSE:mouse_inst|cursor_column[8]                                                                                                          ; 1.192             ;
; MOUSE:mouse_inst|new_cursor_column[2]      ; MOUSE:mouse_inst|cursor_column[8]                                                                                                          ; 1.187             ;
; MOUSE:mouse_inst|new_cursor_column[6]      ; MOUSE:mouse_inst|cursor_column[8]                                                                                                          ; 1.178             ;
; conveyor_belt:level_inst|pipes[2].gap_y[7] ; score_lives:score_inst|s_tens[0]                                                                                                           ; 1.163             ;
; conveyor_belt:level_inst|pipes[2].gap_y[6] ; score_lives:score_inst|s_tens[0]                                                                                                           ; 1.163             ;
; conveyor_belt:level_inst|pipes[2].gap_y[5] ; score_lives:score_inst|s_tens[0]                                                                                                           ; 1.163             ;
; conveyor_belt:level_inst|pipes[2].gap_y[4] ; score_lives:score_inst|s_tens[0]                                                                                                           ; 1.163             ;
; MOUSE:mouse_inst|inhibit_wait_count[11]    ; MOUSE:mouse_inst|mouse_state.LOAD_COMMAND                                                                                                  ; 1.137             ;
; conveyor_belt:level_inst|pipes[3].gap_y[3] ; sprite_rom:pipecap_rom|altsyncram:altsyncram_component|altsyncram_pjc1:auto_generated|ram_block1a1~porta_address_reg0                      ; 1.121             ;
; conveyor_belt:level_inst|pipes[3].gap_y[2] ; sprite_rom:pipecap_rom|altsyncram:altsyncram_component|altsyncram_pjc1:auto_generated|ram_block1a1~porta_address_reg0                      ; 1.121             ;
; MOUSE:mouse_inst|SHIFTIN[7]                ; MOUSE:mouse_inst|SHIFTIN[6]                                                                                                                ; 1.113             ;
; MOUSE:mouse_inst|cursor_row[1]             ; MOUSE:mouse_inst|new_cursor_row[7]                                                                                                         ; 1.111             ;
; MOUSE:mouse_inst|cursor_row[5]             ; MOUSE:mouse_inst|new_cursor_row[7]                                                                                                         ; 1.111             ;
; MOUSE:mouse_inst|cursor_row[3]             ; MOUSE:mouse_inst|new_cursor_row[7]                                                                                                         ; 1.110             ;
; MOUSE:mouse_inst|cursor_row[6]             ; MOUSE:mouse_inst|new_cursor_row[7]                                                                                                         ; 1.110             ;
; MOUSE:mouse_inst|cursor_row[0]             ; MOUSE:mouse_inst|new_cursor_row[7]                                                                                                         ; 1.110             ;
; conveyor_belt:level_inst|pipes[3].x[0]     ; conveyor_belt:level_inst|pipes[3].x[0]                                                                                                     ; 1.103             ;
; conveyor_belt:level_inst|pipes[3].gap_y[5] ; score_lives:score_inst|s_tens[0]                                                                                                           ; 1.102             ;
; conveyor_belt:level_inst|pipes[3].gap_y[4] ; score_lives:score_inst|s_tens[0]                                                                                                           ; 1.102             ;
; MOUSE:mouse_inst|cursor_row[2]             ; MOUSE:mouse_inst|new_cursor_row[7]                                                                                                         ; 1.101             ;
; conveyor_belt:level_inst|pipes[1].gap_y[8] ; score_lives:score_inst|s_tens[0]                                                                                                           ; 1.099             ;
; conveyor_belt:level_inst|pipes[1].gap_y[7] ; score_lives:score_inst|s_tens[0]                                                                                                           ; 1.099             ;
; conveyor_belt:level_inst|pipes[1].gap_y[6] ; score_lives:score_inst|s_tens[0]                                                                                                           ; 1.099             ;
; conveyor_belt:level_inst|pipes[1].gap_y[5] ; score_lives:score_inst|s_tens[0]                                                                                                           ; 1.099             ;
; conveyor_belt:level_inst|pipes[1].gap_y[4] ; score_lives:score_inst|s_tens[0]                                                                                                           ; 1.099             ;
+--------------------------------------------+--------------------------------------------------------------------------------------------------------------------------------------------+-------------------+
Note: This table only shows the top 100 path(s) that have the largest delay added for hold.


+-----------------+
; Fitter Messages ;
+-----------------+
Warning (18236): Number of processors has not been specified which may cause overloading on shared machines.  Set the global assignment NUM_PARALLEL_PROCESSORS in your QSF to an appropriate value for best performance.
Info (20030): Parallel compilation is enabled and will use 4 of the 4 processors detected
Info (119006): Selected device 5CEBA4F23C7 for design "de0_cv_default"
Info (21077): Low junction temperature is 0 degrees C
Info (21077): High junction temperature is 85 degrees C
Info (171003): Fitter is performing an Auto Fit compilation, which may decrease Fitter effort to reduce compilation time
Warning (292013): Feature LogicLock is only available with a valid subscription license. You can purchase a software subscription to gain full access to this feature.
Warning (15714): Some pins have incomplete I/O assignments. Refer to the I/O Assignment Warnings report for details
Info (176045): Design uses memory blocks. Violating setup or hold times of memory block address registers for either read or write operations could cause memory contents to be corrupted. Make sure that all memory block address registers meet the setup and hold time requirements.
Critical Warning (169085): No exact pin location assignment(s) for 10 pins of 84 total pins. For the list of pins please refer to the I/O Assignment Warnings table in the fitter report.
Info (184020): Starting Fitter periphery placement operations
Info (184021): Fitter periphery placement operations ending: elapsed time is 00:00:00
Info (176233): Starting register packing
Warning (335093): The Timing Analyzer is analyzing 8 combinational loops as latches. For more details, run the Check Timing command in the Timing Analyzer or view the "User-Specified and Inferred Latches" table in the Analysis & Synthesis report.
Critical Warning (332012): Synopsys Design Constraints File file not found: 'de0_cv_default.sdc'. A Synopsys Design Constraints File is required by the Timing Analyzer to get proper timing constraints. Without it, the Compiler will not properly optimize the design.
Info (332144): No user constrained base clocks found in the design
Info (332143): No user constrained clock uncertainty found in the design. Calling "derive_clock_uncertainty"
Info (332123): Deriving Clock Uncertainty. Please refer to report_sdc in the Timing Analyzer to see clock uncertainties.
Info (332130): Timing requirements not specified -- quality metrics such as performance may be sacrificed to reduce compilation time.
Info (176235): Finished register packing
    Extra Info (176218): Packed 3 registers into blocks of type Block RAM
Warning (15705): Ignored locations or region assignments to the following nodes
    Warning (15706): Node "CLOCK2_50" is assigned to location or region, but does not exist in design
    Warning (15706): Node "CLOCK3_50" is assigned to location or region, but does not exist in design
    Warning (15706): Node "CLOCK4_50" is assigned to location or region, but does not exist in design
    Warning (15706): Node "DRAM_ADDR[0]" is assigned to location or region, but does not exist in design
    Warning (15706): Node "DRAM_ADDR[10]" is assigned to location or region, but does not exist in design
    Warning (15706): Node "DRAM_ADDR[11]" is assigned to location or region, but does not exist in design
    Warning (15706): Node "DRAM_ADDR[12]" is assigned to location or region, but does not exist in design
    Warning (15706): Node "DRAM_ADDR[1]" is assigned to location or region, but does not exist in design
    Warning (15706): Node "DRAM_ADDR[2]" is assigned to location or region, but does not exist in design
    Warning (15706): Node "DRAM_ADDR[3]" is assigned to location or region, but does not exist in design
    Warning (15706): Node "DRAM_ADDR[4]" is assigned to location or region, but does not exist in design
    Warning (15706): Node "DRAM_ADDR[5]" is assigned to location or region, but does not exist in design
    Warning (15706): Node "DRAM_ADDR[6]" is assigned to location or region, but does not exist in design
    Warning (15706): Node "DRAM_ADDR[7]" is assigned to location or region, but does not exist in design
    Warning (15706): Node "DRAM_ADDR[8]" is assigned to location or region, but does not exist in design
    Warning (15706): Node "DRAM_ADDR[9]" is assigned to location or region, but does not exist in design
    Warning (15706): Node "DRAM_BA[0]" is assigned to location or region, but does not exist in design
    Warning (15706): Node "DRAM_BA[1]" is assigned to location or region, but does not exist in design
    Warning (15706): Node "DRAM_CAS_N" is assigned to location or region, but does not exist in design
    Warning (15706): Node "DRAM_CKE" is assigned to location or region, but does not exist in design
    Warning (15706): Node "DRAM_CLK" is assigned to location or region, but does not exist in design
    Warning (15706): Node "DRAM_CS_N" is assigned to location or region, but does not exist in design
    Warning (15706): Node "DRAM_DQ[0]" is assigned to location or region, but does not exist in design
    Warning (15706): Node "DRAM_DQ[10]" is assigned to location or region, but does not exist in design
    Warning (15706): Node "DRAM_DQ[11]" is assigned to location or region, but does not exist in design
    Warning (15706): Node "DRAM_DQ[12]" is assigned to location or region, but does not exist in design
    Warning (15706): Node "DRAM_DQ[13]" is assigned to location or region, but does not exist in design
    Warning (15706): Node "DRAM_DQ[14]" is assigned to location or region, but does not exist in design
    Warning (15706): Node "DRAM_DQ[15]" is assigned to location or region, but does not exist in design
    Warning (15706): Node "DRAM_DQ[1]" is assigned to location or region, but does not exist in design
    Warning (15706): Node "DRAM_DQ[2]" is assigned to location or region, but does not exist in design
    Warning (15706): Node "DRAM_DQ[3]" is assigned to location or region, but does not exist in design
    Warning (15706): Node "DRAM_DQ[4]" is assigned to location or region, but does not exist in design
    Warning (15706): Node "DRAM_DQ[5]" is assigned to location or region, but does not exist in design
    Warning (15706): Node "DRAM_DQ[6]" is assigned to location or region, but does not exist in design
    Warning (15706): Node "DRAM_DQ[7]" is assigned to location or region, but does not exist in design
    Warning (15706): Node "DRAM_DQ[8]" is assigned to location or region, but does not exist in design
    Warning (15706): Node "DRAM_DQ[9]" is assigned to location or region, but does not exist in design
    Warning (15706): Node "DRAM_LDQM" is assigned to location or region, but does not exist in design
    Warning (15706): Node "DRAM_RAS_N" is assigned to location or region, but does not exist in design
    Warning (15706): Node "DRAM_UDQM" is assigned to location or region, but does not exist in design
    Warning (15706): Node "DRAM_WE_N" is assigned to location or region, but does not exist in design
    Warning (15706): Node "GPIO_0[0]" is assigned to location or region, but does not exist in design
    Warning (15706): Node "GPIO_0[10]" is assigned to location or region, but does not exist in design
    Warning (15706): Node "GPIO_0[11]" is assigned to location or region, but does not exist in design
    Warning (15706): Node "GPIO_0[12]" is assigned to location or region, but does not exist in design
    Warning (15706): Node "GPIO_0[13]" is assigned to location or region, but does not exist in design
    Warning (15706): Node "GPIO_0[14]" is assigned to location or region, but does not exist in design
    Warning (15706): Node "GPIO_0[15]" is assigned to location or region, but does not exist in design
    Warning (15706): Node "GPIO_0[16]" is assigned to location or region, but does not exist in design
    Warning (15706): Node "GPIO_0[17]" is assigned to location or region, but does not exist in design
    Warning (15706): Node "GPIO_0[18]" is assigned to location or region, but does not exist in design
    Warning (15706): Node "GPIO_0[19]" is assigned to location or region, but does not exist in design
    Warning (15706): Node "GPIO_0[1]" is assigned to location or region, but does not exist in design
    Warning (15706): Node "GPIO_0[20]" is assigned to location or region, but does not exist in design
    Warning (15706): Node "GPIO_0[21]" is assigned to location or region, but does not exist in design
    Warning (15706): Node "GPIO_0[22]" is assigned to location or region, but does not exist in design
    Warning (15706): Node "GPIO_0[23]" is assigned to location or region, but does not exist in design
    Warning (15706): Node "GPIO_0[24]" is assigned to location or region, but does not exist in design
    Warning (15706): Node "GPIO_0[25]" is assigned to location or region, but does not exist in design
    Warning (15706): Node "GPIO_0[26]" is assigned to location or region, but does not exist in design
    Warning (15706): Node "GPIO_0[27]" is assigned to location or region, but does not exist in design
    Warning (15706): Node "GPIO_0[28]" is assigned to location or region, but does not exist in design
    Warning (15706): Node "GPIO_0[29]" is assigned to location or region, but does not exist in design
    Warning (15706): Node "GPIO_0[2]" is assigned to location or region, but does not exist in design
    Warning (15706): Node "GPIO_0[30]" is assigned to location or region, but does not exist in design
    Warning (15706): Node "GPIO_0[31]" is assigned to location or region, but does not exist in design
    Warning (15706): Node "GPIO_0[32]" is assigned to location or region, but does not exist in design
    Warning (15706): Node "GPIO_0[33]" is assigned to location or region, but does not exist in design
    Warning (15706): Node "GPIO_0[34]" is assigned to location or region, but does not exist in design
    Warning (15706): Node "GPIO_0[35]" is assigned to location or region, but does not exist in design
    Warning (15706): Node "GPIO_0[3]" is assigned to location or region, but does not exist in design
    Warning (15706): Node "GPIO_0[4]" is assigned to location or region, but does not exist in design
    Warning (15706): Node "GPIO_0[5]" is assigned to location or region, but does not exist in design
    Warning (15706): Node "GPIO_0[6]" is assigned to location or region, but does not exist in design
    Warning (15706): Node "GPIO_0[7]" is assigned to location or region, but does not exist in design
    Warning (15706): Node "GPIO_0[8]" is assigned to location or region, but does not exist in design
    Warning (15706): Node "GPIO_0[9]" is assigned to location or region, but does not exist in design
    Warning (15706): Node "GPIO_1[0]" is assigned to location or region, but does not exist in design
    Warning (15706): Node "GPIO_1[10]" is assigned to location or region, but does not exist in design
    Warning (15706): Node "GPIO_1[11]" is assigned to location or region, but does not exist in design
    Warning (15706): Node "GPIO_1[12]" is assigned to location or region, but does not exist in design
    Warning (15706): Node "GPIO_1[13]" is assigned to location or region, but does not exist in design
    Warning (15706): Node "GPIO_1[14]" is assigned to location or region, but does not exist in design
    Warning (15706): Node "GPIO_1[15]" is assigned to location or region, but does not exist in design
    Warning (15706): Node "GPIO_1[16]" is assigned to location or region, but does not exist in design
    Warning (15706): Node "GPIO_1[17]" is assigned to location or region, but does not exist in design
    Warning (15706): Node "GPIO_1[18]" is assigned to location or region, but does not exist in design
    Warning (15706): Node "GPIO_1[19]" is assigned to location or region, but does not exist in design
    Warning (15706): Node "GPIO_1[1]" is assigned to location or region, but does not exist in design
    Warning (15706): Node "GPIO_1[20]" is assigned to location or region, but does not exist in design
    Warning (15706): Node "GPIO_1[21]" is assigned to location or region, but does not exist in design
    Warning (15706): Node "GPIO_1[22]" is assigned to location or region, but does not exist in design
    Warning (15706): Node "GPIO_1[23]" is assigned to location or region, but does not exist in design
    Warning (15706): Node "GPIO_1[24]" is assigned to location or region, but does not exist in design
    Warning (15706): Node "GPIO_1[25]" is assigned to location or region, but does not exist in design
    Warning (15706): Node "GPIO_1[26]" is assigned to location or region, but does not exist in design
    Warning (15706): Node "GPIO_1[27]" is assigned to location or region, but does not exist in design
    Warning (15706): Node "GPIO_1[28]" is assigned to location or region, but does not exist in design
    Warning (15706): Node "GPIO_1[29]" is assigned to location or region, but does not exist in design
    Warning (15706): Node "GPIO_1[2]" is assigned to location or region, but does not exist in design
    Warning (15706): Node "GPIO_1[30]" is assigned to location or region, but does not exist in design
    Warning (15706): Node "GPIO_1[31]" is assigned to location or region, but does not exist in design
    Warning (15706): Node "GPIO_1[32]" is assigned to location or region, but does not exist in design
    Warning (15706): Node "GPIO_1[33]" is assigned to location or region, but does not exist in design
    Warning (15706): Node "GPIO_1[34]" is assigned to location or region, but does not exist in design
    Warning (15706): Node "GPIO_1[35]" is assigned to location or region, but does not exist in design
    Warning (15706): Node "GPIO_1[3]" is assigned to location or region, but does not exist in design
    Warning (15706): Node "GPIO_1[4]" is assigned to location or region, but does not exist in design
    Warning (15706): Node "GPIO_1[5]" is assigned to location or region, but does not exist in design
    Warning (15706): Node "GPIO_1[6]" is assigned to location or region, but does not exist in design
    Warning (15706): Node "GPIO_1[7]" is assigned to location or region, but does not exist in design
    Warning (15706): Node "GPIO_1[8]" is assigned to location or region, but does not exist in design
    Warning (15706): Node "GPIO_1[9]" is assigned to location or region, but does not exist in design
    Warning (15706): Node "LEDR[0]" is assigned to location or region, but does not exist in design
    Warning (15706): Node "LEDR[1]" is assigned to location or region, but does not exist in design
    Warning (15706): Node "LEDR[2]" is assigned to location or region, but does not exist in design
    Warning (15706): Node "LEDR[3]" is assigned to location or region, but does not exist in design
    Warning (15706): Node "LEDR[4]" is assigned to location or region, but does not exist in design
    Warning (15706): Node "LEDR[5]" is assigned to location or region, but does not exist in design
    Warning (15706): Node "LEDR[6]" is assigned to location or region, but does not exist in design
    Warning (15706): Node "LEDR[7]" is assigned to location or region, but does not exist in design
    Warning (15706): Node "LEDR[8]" is assigned to location or region, but does not exist in design
    Warning (15706): Node "LEDR[9]" is assigned to location or region, but does not exist in design
    Warning (15706): Node "PS2_CLK2" is assigned to location or region, but does not exist in design
    Warning (15706): Node "PS2_DAT2" is assigned to location or region, but does not exist in design
    Warning (15706): Node "SD_CLK" is assigned to location or region, but does not exist in design
    Warning (15706): Node "SD_CMD" is assigned to location or region, but does not exist in design
    Warning (15706): Node "SD_DATA[0]" is assigned to location or region, but does not exist in design
    Warning (15706): Node "SD_DATA[1]" is assigned to location or region, but does not exist in design
    Warning (15706): Node "SD_DATA[2]" is assigned to location or region, but does not exist in design
    Warning (15706): Node "SD_DATA[3]" is assigned to location or region, but does not exist in design
Info (11798): Fitter preparation operations ending: elapsed time is 00:00:09
Info (170189): Fitter placement preparation operations beginning
Info (14951): The Fitter is using Advanced Physical Optimization.
Info (170190): Fitter placement preparation operations ending: elapsed time is 00:00:13
Info (170191): Fitter placement operations beginning
Info (170137): Fitter placement was successful
Info (170192): Fitter placement operations ending: elapsed time is 00:00:07
Info (170193): Fitter routing operations beginning
Info (170195): Router estimated average interconnect usage is 3% of the available device resources
    Info (170196): Router estimated peak interconnect usage is 25% of the available device resources in the region that extends from location X22_Y11 to location X32_Y22
Info (170199): The Fitter performed an Auto Fit compilation.  Optimizations were skipped to reduce compilation time.
    Info (170201): Optimizations that may affect the design's routability were skipped
Info (170194): Fitter routing operations ending: elapsed time is 00:00:23
Info (11888): Total time spent on timing analysis during the Fitter is 14.73 seconds.
Info (334003): Started post-fitting delay annotation
Info (334004): Delay annotation completed successfully
Info (334003): Started post-fitting delay annotation
Info (334004): Delay annotation completed successfully
Info (11801): Fitter post-fit operations ending: elapsed time is 00:00:14
Warning (171167): Found invalid Fitter assignments. See the Ignored Assignments panel in the Fitter Compilation Report for more information.
Info (144001): Generated suppressed messages file C:/Users/skipp/Desktop/COMPSYS-305-group-35-mini-project/alex/output_files/de0_cv_default.fit.smsg
Info: Quartus Prime Fitter was successful. 0 errors, 140 warnings
    Info: Peak virtual memory: 6416 megabytes
    Info: Processing ended: Thu May 28 22:05:18 2026
    Info: Elapsed time: 00:01:41
    Info: Total CPU time (on all processors): 00:03:55


+----------------------------+
; Fitter Suppressed Messages ;
+----------------------------+
The suppressed messages can be found in C:/Users/skipp/Desktop/COMPSYS-305-group-35-mini-project/alex/output_files/de0_cv_default.fit.smsg.


