Timing Analyzer report for de0_cv_default
Wed May 27 19:13:17 2026
Quartus Prime Version 24.1std.0 Build 1077 03/04/2025 SC Lite Edition


---------------------
; Table of Contents ;
---------------------
  1. Legal Notice
  2. Timing Analyzer Summary
  3. Parallel Compilation
  4. Clocks
  5. Slow 1100mV 85C Model Fmax Summary
  6. Timing Closure Recommendations
  7. Slow 1100mV 85C Model Setup Summary
  8. Slow 1100mV 85C Model Hold Summary
  9. Slow 1100mV 85C Model Recovery Summary
 10. Slow 1100mV 85C Model Removal Summary
 11. Slow 1100mV 85C Model Minimum Pulse Width Summary
 12. Slow 1100mV 85C Model Metastability Summary
 13. Slow 1100mV 0C Model Fmax Summary
 14. Slow 1100mV 0C Model Setup Summary
 15. Slow 1100mV 0C Model Hold Summary
 16. Slow 1100mV 0C Model Recovery Summary
 17. Slow 1100mV 0C Model Removal Summary
 18. Slow 1100mV 0C Model Minimum Pulse Width Summary
 19. Slow 1100mV 0C Model Metastability Summary
 20. Fast 1100mV 85C Model Setup Summary
 21. Fast 1100mV 85C Model Hold Summary
 22. Fast 1100mV 85C Model Recovery Summary
 23. Fast 1100mV 85C Model Removal Summary
 24. Fast 1100mV 85C Model Minimum Pulse Width Summary
 25. Fast 1100mV 85C Model Metastability Summary
 26. Fast 1100mV 0C Model Setup Summary
 27. Fast 1100mV 0C Model Hold Summary
 28. Fast 1100mV 0C Model Recovery Summary
 29. Fast 1100mV 0C Model Removal Summary
 30. Fast 1100mV 0C Model Minimum Pulse Width Summary
 31. Fast 1100mV 0C Model Metastability Summary
 32. Multicorner Timing Analysis Summary
 33. Board Trace Model Assignments
 34. Input Transition Times
 35. Signal Integrity Metrics (Slow 1100mv 0c Model)
 36. Signal Integrity Metrics (Slow 1100mv 85c Model)
 37. Signal Integrity Metrics (Fast 1100mv 0c Model)
 38. Signal Integrity Metrics (Fast 1100mv 85c Model)
 39. Setup Transfers
 40. Hold Transfers
 41. Recovery Transfers
 42. Removal Transfers
 43. Report TCCS
 44. Report RSKM
 45. Unconstrained Paths Summary
 46. Clock Status Summary
 47. Unconstrained Input Ports
 48. Unconstrained Output Ports
 49. Unconstrained Input Ports
 50. Unconstrained Output Ports
 51. Timing Analyzer Messages



----------------
; Legal Notice ;
----------------
Copyright (C) 2025  Altera Corporation. All rights reserved.
Your use of Altera Corporation's design tools, logic functions 
and other software and tools, and any partner logic 
functions, and any output files from any of the foregoing 
(including device programming or simulation files), and any 
associated documentation or information are expressly subject 
to the terms and conditions of the Altera Program License 
Subscription Agreement, the Altera Quartus Prime License Agreement,
the Altera IP License Agreement, or other applicable license
agreement, including, without limitation, that your use is for
the sole purpose of programming logic devices manufactured by
Altera and sold by Altera or its authorized distributors.  Please
refer to the Altera Software License Subscription Agreements 
on the Quartus Prime software download page.



+---------------------------------------------------------------------------------+
; Timing Analyzer Summary                                                         ;
+-----------------------+---------------------------------------------------------+
; Quartus Prime Version ; Version 24.1std.0 Build 1077 03/04/2025 SC Lite Edition ;
; Timing Analyzer       ; Legacy Timing Analyzer                                  ;
; Revision Name         ; de0_cv_default                                          ;
; Device Family         ; Cyclone V                                               ;
; Device Name           ; 5CEBA4F23C7                                             ;
; Timing Models         ; Final                                                   ;
; Delay Model           ; Combined                                                ;
; Rise/Fall Delays      ; Enabled                                                 ;
+-----------------------+---------------------------------------------------------+


+------------------------------------------+
; Parallel Compilation                     ;
+----------------------------+-------------+
; Processors                 ; Number      ;
+----------------------------+-------------+
; Number detected on machine ; 8           ;
; Maximum allowed            ; 4           ;
;                            ;             ;
; Average used               ; 1.59        ;
; Maximum used               ; 4           ;
;                            ;             ;
; Usage by Processor         ; % Time Used ;
;     Processor 1            ; 100.0%      ;
;     Processor 2            ;  19.9%      ;
;     Processor 3            ;  19.8%      ;
;     Processor 4            ;  19.8%      ;
+----------------------------+-------------+


+--------------------------------------------------------------------------------------------------------------------------------------------------------------------------------------------------------------------------------------------+
; Clocks                                                                                                                                                                                                                                     ;
+--------------------------------------+------+--------+------------+-------+-------+------------+-----------+-------------+-------+--------+-----------+------------+----------+--------+--------+------------------------------------------+
; Clock Name                           ; Type ; Period ; Frequency  ; Rise  ; Fall  ; Duty Cycle ; Divide by ; Multiply by ; Phase ; Offset ; Edge List ; Edge Shift ; Inverted ; Master ; Source ; Targets                                  ;
+--------------------------------------+------+--------+------------+-------+-------+------------+-----------+-------------+-------+--------+-----------+------------+----------+--------+--------+------------------------------------------+
; clk25_gen:clk_inst|clk_div           ; Base ; 1.000  ; 1000.0 MHz ; 0.000 ; 0.500 ;            ;           ;             ;       ;        ;           ;            ;          ;        ;        ; { clk25_gen:clk_inst|clk_div }           ;
; clock_50                             ; Base ; 1.000  ; 1000.0 MHz ; 0.000 ; 0.500 ;            ;           ;             ;       ;        ;           ;            ;          ;        ;        ; { clock_50 }                             ;
; MOUSE:mouse_inst|MOUSE_CLK_FILTER    ; Base ; 1.000  ; 1000.0 MHz ; 0.000 ; 0.500 ;            ;           ;             ;       ;        ;           ;            ;          ;        ;        ; { MOUSE:mouse_inst|MOUSE_CLK_FILTER }    ;
; VGA_SYNC:vga_sync_inst|vert_sync_out ; Base ; 1.000  ; 1000.0 MHz ; 0.000 ; 0.500 ;            ;           ;             ;       ;        ;           ;            ;          ;        ;        ; { VGA_SYNC:vga_sync_inst|vert_sync_out } ;
+--------------------------------------+------+--------+------------+-------+-------+------------+-----------+-------------+-------+--------+-----------+------------+----------+--------+--------+------------------------------------------+


+----------------------------------------------------------------------------+
; Slow 1100mV 85C Model Fmax Summary                                         ;
+------------+-----------------+--------------------------------------+------+
; Fmax       ; Restricted Fmax ; Clock Name                           ; Note ;
+------------+-----------------+--------------------------------------+------+
; 107.55 MHz ; 107.55 MHz      ; clk25_gen:clk_inst|clk_div           ;      ;
; 199.6 MHz  ; 199.6 MHz       ; VGA_SYNC:vga_sync_inst|vert_sync_out ;      ;
; 211.73 MHz ; 211.73 MHz      ; MOUSE:mouse_inst|MOUSE_CLK_FILTER    ;      ;
+------------+-----------------+--------------------------------------+------+
This panel reports FMAX for every clock in the design, regardless of the user-specified clock periods.  FMAX is only computed for paths where the source and destination registers or ports are driven by the same clock.  Paths of different clocks, including generated clocks, are ignored.  For paths between a clock and its inversion, FMAX is computed as if the rising and falling edges are scaled along with FMAX, such that the duty cycle (in terms of a percentage) is maintained. Altera recommends that you always use clock constraints and other slack reports for sign-off analysis.


----------------------------------
; Timing Closure Recommendations ;
----------------------------------
HTML report is unavailable in plain text report export.


+---------------------------------------------------------------+
; Slow 1100mV 85C Model Setup Summary                           ;
+--------------------------------------+--------+---------------+
; Clock                                ; Slack  ; End Point TNS ;
+--------------------------------------+--------+---------------+
; clk25_gen:clk_inst|clk_div           ; -8.298 ; -1764.801     ;
; VGA_SYNC:vga_sync_inst|vert_sync_out ; -4.010 ; -36.970       ;
; MOUSE:mouse_inst|MOUSE_CLK_FILTER    ; -3.800 ; -112.728      ;
; clock_50                             ; -2.507 ; -2.507        ;
+--------------------------------------+--------+---------------+


+--------------------------------------------------------------+
; Slow 1100mV 85C Model Hold Summary                           ;
+--------------------------------------+-------+---------------+
; Clock                                ; Slack ; End Point TNS ;
+--------------------------------------+-------+---------------+
; clk25_gen:clk_inst|clk_div           ; 0.010 ; 0.000         ;
; MOUSE:mouse_inst|MOUSE_CLK_FILTER    ; 0.582 ; 0.000         ;
; VGA_SYNC:vga_sync_inst|vert_sync_out ; 0.620 ; 0.000         ;
; clock_50                             ; 0.734 ; 0.000         ;
+--------------------------------------+-------+---------------+


+---------------------------------------------------------------+
; Slow 1100mV 85C Model Recovery Summary                        ;
+--------------------------------------+--------+---------------+
; Clock                                ; Slack  ; End Point TNS ;
+--------------------------------------+--------+---------------+
; MOUSE:mouse_inst|MOUSE_CLK_FILTER    ; -2.528 ; -34.808       ;
; VGA_SYNC:vga_sync_inst|vert_sync_out ; -1.838 ; -17.905       ;
; clk25_gen:clk_inst|clk_div           ; -1.683 ; -331.357      ;
+--------------------------------------+--------+---------------+


+--------------------------------------------------------------+
; Slow 1100mV 85C Model Removal Summary                        ;
+--------------------------------------+-------+---------------+
; Clock                                ; Slack ; End Point TNS ;
+--------------------------------------+-------+---------------+
; clk25_gen:clk_inst|clk_div           ; 0.748 ; 0.000         ;
; VGA_SYNC:vga_sync_inst|vert_sync_out ; 0.812 ; 0.000         ;
; MOUSE:mouse_inst|MOUSE_CLK_FILTER    ; 1.016 ; 0.000         ;
+--------------------------------------+-------+---------------+


+---------------------------------------------------------------+
; Slow 1100mV 85C Model Minimum Pulse Width Summary             ;
+--------------------------------------+--------+---------------+
; Clock                                ; Slack  ; End Point TNS ;
+--------------------------------------+--------+---------------+
; clk25_gen:clk_inst|clk_div           ; -2.636 ; -498.029      ;
; MOUSE:mouse_inst|MOUSE_CLK_FILTER    ; -0.538 ; -28.956       ;
; VGA_SYNC:vga_sync_inst|vert_sync_out ; -0.538 ; -10.573       ;
; clock_50                             ; -0.538 ; -1.030        ;
+--------------------------------------+--------+---------------+


-----------------------------------------------
; Slow 1100mV 85C Model Metastability Summary ;
-----------------------------------------------
No synchronizer chains to report.


+----------------------------------------------------------------------------+
; Slow 1100mV 0C Model Fmax Summary                                          ;
+------------+-----------------+--------------------------------------+------+
; Fmax       ; Restricted Fmax ; Clock Name                           ; Note ;
+------------+-----------------+--------------------------------------+------+
; 106.27 MHz ; 106.27 MHz      ; clk25_gen:clk_inst|clk_div           ;      ;
; 194.33 MHz ; 194.33 MHz      ; VGA_SYNC:vga_sync_inst|vert_sync_out ;      ;
; 223.76 MHz ; 223.76 MHz      ; MOUSE:mouse_inst|MOUSE_CLK_FILTER    ;      ;
+------------+-----------------+--------------------------------------+------+
This panel reports FMAX for every clock in the design, regardless of the user-specified clock periods.  FMAX is only computed for paths where the source and destination registers or ports are driven by the same clock.  Paths of different clocks, including generated clocks, are ignored.  For paths between a clock and its inversion, FMAX is computed as if the rising and falling edges are scaled along with FMAX, such that the duty cycle (in terms of a percentage) is maintained. Altera recommends that you always use clock constraints and other slack reports for sign-off analysis.


+---------------------------------------------------------------+
; Slow 1100mV 0C Model Setup Summary                            ;
+--------------------------------------+--------+---------------+
; Clock                                ; Slack  ; End Point TNS ;
+--------------------------------------+--------+---------------+
; clk25_gen:clk_inst|clk_div           ; -8.410 ; -1742.034     ;
; VGA_SYNC:vga_sync_inst|vert_sync_out ; -4.146 ; -37.690       ;
; MOUSE:mouse_inst|MOUSE_CLK_FILTER    ; -3.690 ; -104.140      ;
; clock_50                             ; -2.380 ; -2.380        ;
+--------------------------------------+--------+---------------+


+---------------------------------------------------------------+
; Slow 1100mV 0C Model Hold Summary                             ;
+--------------------------------------+--------+---------------+
; Clock                                ; Slack  ; End Point TNS ;
+--------------------------------------+--------+---------------+
; clk25_gen:clk_inst|clk_div           ; -0.036 ; -0.036        ;
; MOUSE:mouse_inst|MOUSE_CLK_FILTER    ; 0.615  ; 0.000         ;
; VGA_SYNC:vga_sync_inst|vert_sync_out ; 0.642  ; 0.000         ;
; clock_50                             ; 0.671  ; 0.000         ;
+--------------------------------------+--------+---------------+


+---------------------------------------------------------------+
; Slow 1100mV 0C Model Recovery Summary                         ;
+--------------------------------------+--------+---------------+
; Clock                                ; Slack  ; End Point TNS ;
+--------------------------------------+--------+---------------+
; MOUSE:mouse_inst|MOUSE_CLK_FILTER    ; -2.354 ; -31.679       ;
; VGA_SYNC:vga_sync_inst|vert_sync_out ; -1.733 ; -16.727       ;
; clk25_gen:clk_inst|clk_div           ; -1.590 ; -314.169      ;
+--------------------------------------+--------+---------------+


+--------------------------------------------------------------+
; Slow 1100mV 0C Model Removal Summary                         ;
+--------------------------------------+-------+---------------+
; Clock                                ; Slack ; End Point TNS ;
+--------------------------------------+-------+---------------+
; clk25_gen:clk_inst|clk_div           ; 0.699 ; 0.000         ;
; VGA_SYNC:vga_sync_inst|vert_sync_out ; 0.749 ; 0.000         ;
; MOUSE:mouse_inst|MOUSE_CLK_FILTER    ; 0.928 ; 0.000         ;
+--------------------------------------+-------+---------------+


+---------------------------------------------------------------+
; Slow 1100mV 0C Model Minimum Pulse Width Summary              ;
+--------------------------------------+--------+---------------+
; Clock                                ; Slack  ; End Point TNS ;
+--------------------------------------+--------+---------------+
; clk25_gen:clk_inst|clk_div           ; -2.636 ; -485.741      ;
; MOUSE:mouse_inst|MOUSE_CLK_FILTER    ; -0.538 ; -28.651       ;
; VGA_SYNC:vga_sync_inst|vert_sync_out ; -0.538 ; -10.345       ;
; clock_50                             ; -0.538 ; -1.059        ;
+--------------------------------------+--------+---------------+


----------------------------------------------
; Slow 1100mV 0C Model Metastability Summary ;
----------------------------------------------
No synchronizer chains to report.


+---------------------------------------------------------------+
; Fast 1100mV 85C Model Setup Summary                           ;
+--------------------------------------+--------+---------------+
; Clock                                ; Slack  ; End Point TNS ;
+--------------------------------------+--------+---------------+
; clk25_gen:clk_inst|clk_div           ; -3.930 ; -797.910      ;
; MOUSE:mouse_inst|MOUSE_CLK_FILTER    ; -1.845 ; -48.740       ;
; clock_50                             ; -1.782 ; -1.782        ;
; VGA_SYNC:vga_sync_inst|vert_sync_out ; -1.734 ; -15.796       ;
+--------------------------------------+--------+---------------+


+---------------------------------------------------------------+
; Fast 1100mV 85C Model Hold Summary                            ;
+--------------------------------------+--------+---------------+
; Clock                                ; Slack  ; End Point TNS ;
+--------------------------------------+--------+---------------+
; clk25_gen:clk_inst|clk_div           ; -0.144 ; -7.844        ;
; VGA_SYNC:vga_sync_inst|vert_sync_out ; 0.109  ; 0.000         ;
; MOUSE:mouse_inst|MOUSE_CLK_FILTER    ; 0.232  ; 0.000         ;
; clock_50                             ; 0.758  ; 0.000         ;
+--------------------------------------+--------+---------------+


+---------------------------------------------------------------+
; Fast 1100mV 85C Model Recovery Summary                        ;
+--------------------------------------+--------+---------------+
; Clock                                ; Slack  ; End Point TNS ;
+--------------------------------------+--------+---------------+
; MOUSE:mouse_inst|MOUSE_CLK_FILTER    ; -1.264 ; -16.434       ;
; VGA_SYNC:vga_sync_inst|vert_sync_out ; -0.720 ; -6.516        ;
; clk25_gen:clk_inst|clk_div           ; -0.605 ; -103.028      ;
+--------------------------------------+--------+---------------+


+--------------------------------------------------------------+
; Fast 1100mV 85C Model Removal Summary                        ;
+--------------------------------------+-------+---------------+
; Clock                                ; Slack ; End Point TNS ;
+--------------------------------------+-------+---------------+
; VGA_SYNC:vga_sync_inst|vert_sync_out ; 0.105 ; 0.000         ;
; clk25_gen:clk_inst|clk_div           ; 0.247 ; 0.000         ;
; MOUSE:mouse_inst|MOUSE_CLK_FILTER    ; 0.488 ; 0.000         ;
+--------------------------------------+-------+---------------+


+---------------------------------------------------------------+
; Fast 1100mV 85C Model Minimum Pulse Width Summary             ;
+--------------------------------------+--------+---------------+
; Clock                                ; Slack  ; End Point TNS ;
+--------------------------------------+--------+---------------+
; clk25_gen:clk_inst|clk_div           ; -2.174 ; -157.323      ;
; clock_50                             ; -0.450 ; -0.549        ;
; VGA_SYNC:vga_sync_inst|vert_sync_out ; -0.071 ; -0.637        ;
; MOUSE:mouse_inst|MOUSE_CLK_FILTER    ; -0.035 ; -0.264        ;
+--------------------------------------+--------+---------------+


-----------------------------------------------
; Fast 1100mV 85C Model Metastability Summary ;
-----------------------------------------------
No synchronizer chains to report.


+---------------------------------------------------------------+
; Fast 1100mV 0C Model Setup Summary                            ;
+--------------------------------------+--------+---------------+
; Clock                                ; Slack  ; End Point TNS ;
+--------------------------------------+--------+---------------+
; clk25_gen:clk_inst|clk_div           ; -3.518 ; -701.693      ;
; MOUSE:mouse_inst|MOUSE_CLK_FILTER    ; -1.666 ; -42.161       ;
; VGA_SYNC:vga_sync_inst|vert_sync_out ; -1.511 ; -13.775       ;
; clock_50                             ; -1.491 ; -1.491        ;
+--------------------------------------+--------+---------------+


+---------------------------------------------------------------+
; Fast 1100mV 0C Model Hold Summary                             ;
+--------------------------------------+--------+---------------+
; Clock                                ; Slack  ; End Point TNS ;
+--------------------------------------+--------+---------------+
; clk25_gen:clk_inst|clk_div           ; -0.183 ; -17.646       ;
; VGA_SYNC:vga_sync_inst|vert_sync_out ; 0.040  ; 0.000         ;
; MOUSE:mouse_inst|MOUSE_CLK_FILTER    ; 0.228  ; 0.000         ;
; clock_50                             ; 0.566  ; 0.000         ;
+--------------------------------------+--------+---------------+


+---------------------------------------------------------------+
; Fast 1100mV 0C Model Recovery Summary                         ;
+--------------------------------------+--------+---------------+
; Clock                                ; Slack  ; End Point TNS ;
+--------------------------------------+--------+---------------+
; MOUSE:mouse_inst|MOUSE_CLK_FILTER    ; -1.116 ; -14.395       ;
; VGA_SYNC:vga_sync_inst|vert_sync_out ; -0.580 ; -5.102        ;
; clk25_gen:clk_inst|clk_div           ; -0.474 ; -76.808       ;
+--------------------------------------+--------+---------------+


+--------------------------------------------------------------+
; Fast 1100mV 0C Model Removal Summary                         ;
+--------------------------------------+-------+---------------+
; Clock                                ; Slack ; End Point TNS ;
+--------------------------------------+-------+---------------+
; VGA_SYNC:vga_sync_inst|vert_sync_out ; 0.045 ; 0.000         ;
; clk25_gen:clk_inst|clk_div           ; 0.219 ; 0.000         ;
; MOUSE:mouse_inst|MOUSE_CLK_FILTER    ; 0.443 ; 0.000         ;
+--------------------------------------+-------+---------------+


+---------------------------------------------------------------+
; Fast 1100mV 0C Model Minimum Pulse Width Summary              ;
+--------------------------------------+--------+---------------+
; Clock                                ; Slack  ; End Point TNS ;
+--------------------------------------+--------+---------------+
; clk25_gen:clk_inst|clk_div           ; -2.174 ; -145.145      ;
; clock_50                             ; -0.438 ; -0.534        ;
; VGA_SYNC:vga_sync_inst|vert_sync_out ; -0.019 ; -0.167        ;
; MOUSE:mouse_inst|MOUSE_CLK_FILTER    ; 0.001  ; 0.000         ;
+--------------------------------------+--------+---------------+


----------------------------------------------
; Fast 1100mV 0C Model Metastability Summary ;
----------------------------------------------
No synchronizer chains to report.


+--------------------------------------------------------------------------------------------------------+
; Multicorner Timing Analysis Summary                                                                    ;
+---------------------------------------+-----------+---------+----------+---------+---------------------+
; Clock                                 ; Setup     ; Hold    ; Recovery ; Removal ; Minimum Pulse Width ;
+---------------------------------------+-----------+---------+----------+---------+---------------------+
; Worst-case Slack                      ; -8.410    ; -0.183  ; -2.528   ; 0.045   ; -2.636              ;
;  MOUSE:mouse_inst|MOUSE_CLK_FILTER    ; -3.800    ; 0.228   ; -2.528   ; 0.443   ; -0.538              ;
;  VGA_SYNC:vga_sync_inst|vert_sync_out ; -4.146    ; 0.040   ; -1.838   ; 0.045   ; -0.538              ;
;  clk25_gen:clk_inst|clk_div           ; -8.410    ; -0.183  ; -1.683   ; 0.219   ; -2.636              ;
;  clock_50                             ; -2.507    ; 0.566   ; N/A      ; N/A     ; -0.538              ;
; Design-wide TNS                       ; -1917.006 ; -17.646 ; -384.07  ; 0.0     ; -538.588            ;
;  MOUSE:mouse_inst|MOUSE_CLK_FILTER    ; -112.728  ; 0.000   ; -34.808  ; 0.000   ; -28.956             ;
;  VGA_SYNC:vga_sync_inst|vert_sync_out ; -37.690   ; 0.000   ; -17.905  ; 0.000   ; -10.573             ;
;  clk25_gen:clk_inst|clk_div           ; -1764.801 ; -17.646 ; -331.357 ; 0.000   ; -498.029            ;
;  clock_50                             ; -2.507    ; 0.000   ; N/A      ; N/A     ; -1.059              ;
+---------------------------------------+-----------+---------+----------+---------+---------------------+


+-------------------------------------------------------------------------------------------------------------------------------------------------------------------------------------------------------------------------------------------------------------------------------------------------------------------------------------------------------------------------------------------------------------+
; Board Trace Model Assignments                                                                                                                                                                                                                                                                                                                                                                               ;
+----------+--------------+-------------------+-------------------------+-------------------------+---------------+---------------------+----------------+------------------+--------+------------------+------------------------+------------------------+--------------+---------------+-----------------+-------+---------------------+--------------------+---------------+-----------------+-------------+
; Pin      ; I/O Standard ; Near Tline Length ; Near Tline L per Length ; Near Tline C per Length ; Near Series R ; Near Differential R ; Near Pull-up R ; Near Pull-down R ; Near C ; Far Tline Length ; Far Tline L per Length ; Far Tline C per Length ; Far Series R ; Far Pull-up R ; Far Pull-down R ; Far C ; Termination Voltage ; Far Differential R ; EBD File Name ; EBD Signal Name ; EBD Far-end ;
+----------+--------------+-------------------+-------------------------+-------------------------+---------------+---------------------+----------------+------------------+--------+------------------+------------------------+------------------------+--------------+---------------+-----------------+-------+---------------------+--------------------+---------------+-----------------+-------------+
; hex0[0]  ; 2.5 V        ; 0 in              ; 0 H/in                  ; 0 F/in                  ; short         ; -                   ; open           ; open             ; open   ; 0 in             ; 0 H/in                 ; 0 F/in                 ; short        ; open          ; open            ; open  ; 0 V                 ; -                  ; n/a           ; n/a             ; n/a         ;
; hex0[1]  ; 2.5 V        ; 0 in              ; 0 H/in                  ; 0 F/in                  ; short         ; -                   ; open           ; open             ; open   ; 0 in             ; 0 H/in                 ; 0 F/in                 ; short        ; open          ; open            ; open  ; 0 V                 ; -                  ; n/a           ; n/a             ; n/a         ;
; hex0[2]  ; 2.5 V        ; 0 in              ; 0 H/in                  ; 0 F/in                  ; short         ; -                   ; open           ; open             ; open   ; 0 in             ; 0 H/in                 ; 0 F/in                 ; short        ; open          ; open            ; open  ; 0 V                 ; -                  ; n/a           ; n/a             ; n/a         ;
; hex0[3]  ; 2.5 V        ; 0 in              ; 0 H/in                  ; 0 F/in                  ; short         ; -                   ; open           ; open             ; open   ; 0 in             ; 0 H/in                 ; 0 F/in                 ; short        ; open          ; open            ; open  ; 0 V                 ; -                  ; n/a           ; n/a             ; n/a         ;
; hex0[4]  ; 2.5 V        ; 0 in              ; 0 H/in                  ; 0 F/in                  ; short         ; -                   ; open           ; open             ; open   ; 0 in             ; 0 H/in                 ; 0 F/in                 ; short        ; open          ; open            ; open  ; 0 V                 ; -                  ; n/a           ; n/a             ; n/a         ;
; hex0[5]  ; 2.5 V        ; 0 in              ; 0 H/in                  ; 0 F/in                  ; short         ; -                   ; open           ; open             ; open   ; 0 in             ; 0 H/in                 ; 0 F/in                 ; short        ; open          ; open            ; open  ; 0 V                 ; -                  ; n/a           ; n/a             ; n/a         ;
; hex0[6]  ; 2.5 V        ; 0 in              ; 0 H/in                  ; 0 F/in                  ; short         ; -                   ; open           ; open             ; open   ; 0 in             ; 0 H/in                 ; 0 F/in                 ; short        ; open          ; open            ; open  ; 0 V                 ; -                  ; n/a           ; n/a             ; n/a         ;
; hex1[0]  ; 2.5 V        ; 0 in              ; 0 H/in                  ; 0 F/in                  ; short         ; -                   ; open           ; open             ; open   ; 0 in             ; 0 H/in                 ; 0 F/in                 ; short        ; open          ; open            ; open  ; 0 V                 ; -                  ; n/a           ; n/a             ; n/a         ;
; hex1[1]  ; 2.5 V        ; 0 in              ; 0 H/in                  ; 0 F/in                  ; short         ; -                   ; open           ; open             ; open   ; 0 in             ; 0 H/in                 ; 0 F/in                 ; short        ; open          ; open            ; open  ; 0 V                 ; -                  ; n/a           ; n/a             ; n/a         ;
; hex1[2]  ; 2.5 V        ; 0 in              ; 0 H/in                  ; 0 F/in                  ; short         ; -                   ; open           ; open             ; open   ; 0 in             ; 0 H/in                 ; 0 F/in                 ; short        ; open          ; open            ; open  ; 0 V                 ; -                  ; n/a           ; n/a             ; n/a         ;
; hex1[3]  ; 2.5 V        ; 0 in              ; 0 H/in                  ; 0 F/in                  ; short         ; -                   ; open           ; open             ; open   ; 0 in             ; 0 H/in                 ; 0 F/in                 ; short        ; open          ; open            ; open  ; 0 V                 ; -                  ; n/a           ; n/a             ; n/a         ;
; hex1[4]  ; 2.5 V        ; 0 in              ; 0 H/in                  ; 0 F/in                  ; short         ; -                   ; open           ; open             ; open   ; 0 in             ; 0 H/in                 ; 0 F/in                 ; short        ; open          ; open            ; open  ; 0 V                 ; -                  ; n/a           ; n/a             ; n/a         ;
; hex1[5]  ; 2.5 V        ; 0 in              ; 0 H/in                  ; 0 F/in                  ; short         ; -                   ; open           ; open             ; open   ; 0 in             ; 0 H/in                 ; 0 F/in                 ; short        ; open          ; open            ; open  ; 0 V                 ; -                  ; n/a           ; n/a             ; n/a         ;
; hex1[6]  ; 2.5 V        ; 0 in              ; 0 H/in                  ; 0 F/in                  ; short         ; -                   ; open           ; open             ; open   ; 0 in             ; 0 H/in                 ; 0 F/in                 ; short        ; open          ; open            ; open  ; 0 V                 ; -                  ; n/a           ; n/a             ; n/a         ;
; hex2[0]  ; 2.5 V        ; 0 in              ; 0 H/in                  ; 0 F/in                  ; short         ; -                   ; open           ; open             ; open   ; 0 in             ; 0 H/in                 ; 0 F/in                 ; short        ; open          ; open            ; open  ; 0 V                 ; -                  ; n/a           ; n/a             ; n/a         ;
; hex2[1]  ; 2.5 V        ; 0 in              ; 0 H/in                  ; 0 F/in                  ; short         ; -                   ; open           ; open             ; open   ; 0 in             ; 0 H/in                 ; 0 F/in                 ; short        ; open          ; open            ; open  ; 0 V                 ; -                  ; n/a           ; n/a             ; n/a         ;
; hex2[2]  ; 2.5 V        ; 0 in              ; 0 H/in                  ; 0 F/in                  ; short         ; -                   ; open           ; open             ; open   ; 0 in             ; 0 H/in                 ; 0 F/in                 ; short        ; open          ; open            ; open  ; 0 V                 ; -                  ; n/a           ; n/a             ; n/a         ;
; hex2[3]  ; 2.5 V        ; 0 in              ; 0 H/in                  ; 0 F/in                  ; short         ; -                   ; open           ; open             ; open   ; 0 in             ; 0 H/in                 ; 0 F/in                 ; short        ; open          ; open            ; open  ; 0 V                 ; -                  ; n/a           ; n/a             ; n/a         ;
; hex2[4]  ; 2.5 V        ; 0 in              ; 0 H/in                  ; 0 F/in                  ; short         ; -                   ; open           ; open             ; open   ; 0 in             ; 0 H/in                 ; 0 F/in                 ; short        ; open          ; open            ; open  ; 0 V                 ; -                  ; n/a           ; n/a             ; n/a         ;
; hex2[5]  ; 2.5 V        ; 0 in              ; 0 H/in                  ; 0 F/in                  ; short         ; -                   ; open           ; open             ; open   ; 0 in             ; 0 H/in                 ; 0 F/in                 ; short        ; open          ; open            ; open  ; 0 V                 ; -                  ; n/a           ; n/a             ; n/a         ;
; hex2[6]  ; 2.5 V        ; 0 in              ; 0 H/in                  ; 0 F/in                  ; short         ; -                   ; open           ; open             ; open   ; 0 in             ; 0 H/in                 ; 0 F/in                 ; short        ; open          ; open            ; open  ; 0 V                 ; -                  ; n/a           ; n/a             ; n/a         ;
; hex3[0]  ; 2.5 V        ; 0 in              ; 0 H/in                  ; 0 F/in                  ; short         ; -                   ; open           ; open             ; open   ; 0 in             ; 0 H/in                 ; 0 F/in                 ; short        ; open          ; open            ; open  ; 0 V                 ; -                  ; n/a           ; n/a             ; n/a         ;
; hex3[1]  ; 2.5 V        ; 0 in              ; 0 H/in                  ; 0 F/in                  ; short         ; -                   ; open           ; open             ; open   ; 0 in             ; 0 H/in                 ; 0 F/in                 ; short        ; open          ; open            ; open  ; 0 V                 ; -                  ; n/a           ; n/a             ; n/a         ;
; hex3[2]  ; 2.5 V        ; 0 in              ; 0 H/in                  ; 0 F/in                  ; short         ; -                   ; open           ; open             ; open   ; 0 in             ; 0 H/in                 ; 0 F/in                 ; short        ; open          ; open            ; open  ; 0 V                 ; -                  ; n/a           ; n/a             ; n/a         ;
; hex3[3]  ; 2.5 V        ; 0 in              ; 0 H/in                  ; 0 F/in                  ; short         ; -                   ; open           ; open             ; open   ; 0 in             ; 0 H/in                 ; 0 F/in                 ; short        ; open          ; open            ; open  ; 0 V                 ; -                  ; n/a           ; n/a             ; n/a         ;
; hex3[4]  ; 2.5 V        ; 0 in              ; 0 H/in                  ; 0 F/in                  ; short         ; -                   ; open           ; open             ; open   ; 0 in             ; 0 H/in                 ; 0 F/in                 ; short        ; open          ; open            ; open  ; 0 V                 ; -                  ; n/a           ; n/a             ; n/a         ;
; hex3[5]  ; 2.5 V        ; 0 in              ; 0 H/in                  ; 0 F/in                  ; short         ; -                   ; open           ; open             ; open   ; 0 in             ; 0 H/in                 ; 0 F/in                 ; short        ; open          ; open            ; open  ; 0 V                 ; -                  ; n/a           ; n/a             ; n/a         ;
; hex3[6]  ; 2.5 V        ; 0 in              ; 0 H/in                  ; 0 F/in                  ; short         ; -                   ; open           ; open             ; open   ; 0 in             ; 0 H/in                 ; 0 F/in                 ; short        ; open          ; open            ; open  ; 0 V                 ; -                  ; n/a           ; n/a             ; n/a         ;
; hex4[0]  ; 2.5 V        ; 0 in              ; 0 H/in                  ; 0 F/in                  ; short         ; -                   ; open           ; open             ; open   ; 0 in             ; 0 H/in                 ; 0 F/in                 ; short        ; open          ; open            ; open  ; 0 V                 ; -                  ; n/a           ; n/a             ; n/a         ;
; hex4[1]  ; 2.5 V        ; 0 in              ; 0 H/in                  ; 0 F/in                  ; short         ; -                   ; open           ; open             ; open   ; 0 in             ; 0 H/in                 ; 0 F/in                 ; short        ; open          ; open            ; open  ; 0 V                 ; -                  ; n/a           ; n/a             ; n/a         ;
; hex4[2]  ; 2.5 V        ; 0 in              ; 0 H/in                  ; 0 F/in                  ; short         ; -                   ; open           ; open             ; open   ; 0 in             ; 0 H/in                 ; 0 F/in                 ; short        ; open          ; open            ; open  ; 0 V                 ; -                  ; n/a           ; n/a             ; n/a         ;
; hex4[3]  ; 2.5 V        ; 0 in              ; 0 H/in                  ; 0 F/in                  ; short         ; -                   ; open           ; open             ; open   ; 0 in             ; 0 H/in                 ; 0 F/in                 ; short        ; open          ; open            ; open  ; 0 V                 ; -                  ; n/a           ; n/a             ; n/a         ;
; hex4[4]  ; 2.5 V        ; 0 in              ; 0 H/in                  ; 0 F/in                  ; short         ; -                   ; open           ; open             ; open   ; 0 in             ; 0 H/in                 ; 0 F/in                 ; short        ; open          ; open            ; open  ; 0 V                 ; -                  ; n/a           ; n/a             ; n/a         ;
; hex4[5]  ; 2.5 V        ; 0 in              ; 0 H/in                  ; 0 F/in                  ; short         ; -                   ; open           ; open             ; open   ; 0 in             ; 0 H/in                 ; 0 F/in                 ; short        ; open          ; open            ; open  ; 0 V                 ; -                  ; n/a           ; n/a             ; n/a         ;
; hex4[6]  ; 2.5 V        ; 0 in              ; 0 H/in                  ; 0 F/in                  ; short         ; -                   ; open           ; open             ; open   ; 0 in             ; 0 H/in                 ; 0 F/in                 ; short        ; open          ; open            ; open  ; 0 V                 ; -                  ; n/a           ; n/a             ; n/a         ;
; hex5[0]  ; 2.5 V        ; 0 in              ; 0 H/in                  ; 0 F/in                  ; short         ; -                   ; open           ; open             ; open   ; 0 in             ; 0 H/in                 ; 0 F/in                 ; short        ; open          ; open            ; open  ; 0 V                 ; -                  ; n/a           ; n/a             ; n/a         ;
; hex5[1]  ; 2.5 V        ; 0 in              ; 0 H/in                  ; 0 F/in                  ; short         ; -                   ; open           ; open             ; open   ; 0 in             ; 0 H/in                 ; 0 F/in                 ; short        ; open          ; open            ; open  ; 0 V                 ; -                  ; n/a           ; n/a             ; n/a         ;
; hex5[2]  ; 2.5 V        ; 0 in              ; 0 H/in                  ; 0 F/in                  ; short         ; -                   ; open           ; open             ; open   ; 0 in             ; 0 H/in                 ; 0 F/in                 ; short        ; open          ; open            ; open  ; 0 V                 ; -                  ; n/a           ; n/a             ; n/a         ;
; hex5[3]  ; 2.5 V        ; 0 in              ; 0 H/in                  ; 0 F/in                  ; short         ; -                   ; open           ; open             ; open   ; 0 in             ; 0 H/in                 ; 0 F/in                 ; short        ; open          ; open            ; open  ; 0 V                 ; -                  ; n/a           ; n/a             ; n/a         ;
; hex5[4]  ; 2.5 V        ; 0 in              ; 0 H/in                  ; 0 F/in                  ; short         ; -                   ; open           ; open             ; open   ; 0 in             ; 0 H/in                 ; 0 F/in                 ; short        ; open          ; open            ; open  ; 0 V                 ; -                  ; n/a           ; n/a             ; n/a         ;
; hex5[5]  ; 2.5 V        ; 0 in              ; 0 H/in                  ; 0 F/in                  ; short         ; -                   ; open           ; open             ; open   ; 0 in             ; 0 H/in                 ; 0 F/in                 ; short        ; open          ; open            ; open  ; 0 V                 ; -                  ; n/a           ; n/a             ; n/a         ;
; hex5[6]  ; 2.5 V        ; 0 in              ; 0 H/in                  ; 0 F/in                  ; short         ; -                   ; open           ; open             ; open   ; 0 in             ; 0 H/in                 ; 0 F/in                 ; short        ; open          ; open            ; open  ; 0 V                 ; -                  ; n/a           ; n/a             ; n/a         ;
; led[0]   ; 2.5 V        ; 0 in              ; 0 H/in                  ; 0 F/in                  ; short         ; -                   ; open           ; open             ; open   ; 0 in             ; 0 H/in                 ; 0 F/in                 ; short        ; open          ; open            ; open  ; 0 V                 ; -                  ; n/a           ; n/a             ; n/a         ;
; led[1]   ; 2.5 V        ; 0 in              ; 0 H/in                  ; 0 F/in                  ; short         ; -                   ; open           ; open             ; open   ; 0 in             ; 0 H/in                 ; 0 F/in                 ; short        ; open          ; open            ; open  ; 0 V                 ; -                  ; n/a           ; n/a             ; n/a         ;
; led[2]   ; 2.5 V        ; 0 in              ; 0 H/in                  ; 0 F/in                  ; short         ; -                   ; open           ; open             ; open   ; 0 in             ; 0 H/in                 ; 0 F/in                 ; short        ; open          ; open            ; open  ; 0 V                 ; -                  ; n/a           ; n/a             ; n/a         ;
; led[3]   ; 2.5 V        ; 0 in              ; 0 H/in                  ; 0 F/in                  ; short         ; -                   ; open           ; open             ; open   ; 0 in             ; 0 H/in                 ; 0 F/in                 ; short        ; open          ; open            ; open  ; 0 V                 ; -                  ; n/a           ; n/a             ; n/a         ;
; led[4]   ; 2.5 V        ; 0 in              ; 0 H/in                  ; 0 F/in                  ; short         ; -                   ; open           ; open             ; open   ; 0 in             ; 0 H/in                 ; 0 F/in                 ; short        ; open          ; open            ; open  ; 0 V                 ; -                  ; n/a           ; n/a             ; n/a         ;
; led[5]   ; 2.5 V        ; 0 in              ; 0 H/in                  ; 0 F/in                  ; short         ; -                   ; open           ; open             ; open   ; 0 in             ; 0 H/in                 ; 0 F/in                 ; short        ; open          ; open            ; open  ; 0 V                 ; -                  ; n/a           ; n/a             ; n/a         ;
; led[6]   ; 2.5 V        ; 0 in              ; 0 H/in                  ; 0 F/in                  ; short         ; -                   ; open           ; open             ; open   ; 0 in             ; 0 H/in                 ; 0 F/in                 ; short        ; open          ; open            ; open  ; 0 V                 ; -                  ; n/a           ; n/a             ; n/a         ;
; led[7]   ; 2.5 V        ; 0 in              ; 0 H/in                  ; 0 F/in                  ; short         ; -                   ; open           ; open             ; open   ; 0 in             ; 0 H/in                 ; 0 F/in                 ; short        ; open          ; open            ; open  ; 0 V                 ; -                  ; n/a           ; n/a             ; n/a         ;
; led[8]   ; 2.5 V        ; 0 in              ; 0 H/in                  ; 0 F/in                  ; short         ; -                   ; open           ; open             ; open   ; 0 in             ; 0 H/in                 ; 0 F/in                 ; short        ; open          ; open            ; open  ; 0 V                 ; -                  ; n/a           ; n/a             ; n/a         ;
; led[9]   ; 2.5 V        ; 0 in              ; 0 H/in                  ; 0 F/in                  ; short         ; -                   ; open           ; open             ; open   ; 0 in             ; 0 H/in                 ; 0 F/in                 ; short        ; open          ; open            ; open  ; 0 V                 ; -                  ; n/a           ; n/a             ; n/a         ;
; vga_r[0] ; 2.5 V        ; 0 in              ; 0 H/in                  ; 0 F/in                  ; short         ; -                   ; open           ; open             ; open   ; 0 in             ; 0 H/in                 ; 0 F/in                 ; short        ; open          ; open            ; open  ; 0 V                 ; -                  ; n/a           ; n/a             ; n/a         ;
; vga_r[1] ; 2.5 V        ; 0 in              ; 0 H/in                  ; 0 F/in                  ; short         ; -                   ; open           ; open             ; open   ; 0 in             ; 0 H/in                 ; 0 F/in                 ; short        ; open          ; open            ; open  ; 0 V                 ; -                  ; n/a           ; n/a             ; n/a         ;
; vga_r[2] ; 2.5 V        ; 0 in              ; 0 H/in                  ; 0 F/in                  ; short         ; -                   ; open           ; open             ; open   ; 0 in             ; 0 H/in                 ; 0 F/in                 ; short        ; open          ; open            ; open  ; 0 V                 ; -                  ; n/a           ; n/a             ; n/a         ;
; vga_r[3] ; 2.5 V        ; 0 in              ; 0 H/in                  ; 0 F/in                  ; short         ; -                   ; open           ; open             ; open   ; 0 in             ; 0 H/in                 ; 0 F/in                 ; short        ; open          ; open            ; open  ; 0 V                 ; -                  ; n/a           ; n/a             ; n/a         ;
; vga_g[0] ; 2.5 V        ; 0 in              ; 0 H/in                  ; 0 F/in                  ; short         ; -                   ; open           ; open             ; open   ; 0 in             ; 0 H/in                 ; 0 F/in                 ; short        ; open          ; open            ; open  ; 0 V                 ; -                  ; n/a           ; n/a             ; n/a         ;
; vga_g[1] ; 2.5 V        ; 0 in              ; 0 H/in                  ; 0 F/in                  ; short         ; -                   ; open           ; open             ; open   ; 0 in             ; 0 H/in                 ; 0 F/in                 ; short        ; open          ; open            ; open  ; 0 V                 ; -                  ; n/a           ; n/a             ; n/a         ;
; vga_g[2] ; 2.5 V        ; 0 in              ; 0 H/in                  ; 0 F/in                  ; short         ; -                   ; open           ; open             ; open   ; 0 in             ; 0 H/in                 ; 0 F/in                 ; short        ; open          ; open            ; open  ; 0 V                 ; -                  ; n/a           ; n/a             ; n/a         ;
; vga_g[3] ; 2.5 V        ; 0 in              ; 0 H/in                  ; 0 F/in                  ; short         ; -                   ; open           ; open             ; open   ; 0 in             ; 0 H/in                 ; 0 F/in                 ; short        ; open          ; open            ; open  ; 0 V                 ; -                  ; n/a           ; n/a             ; n/a         ;
; vga_b[0] ; 2.5 V        ; 0 in              ; 0 H/in                  ; 0 F/in                  ; short         ; -                   ; open           ; open             ; open   ; 0 in             ; 0 H/in                 ; 0 F/in                 ; short        ; open          ; open            ; open  ; 0 V                 ; -                  ; n/a           ; n/a             ; n/a         ;
; vga_b[1] ; 2.5 V        ; 0 in              ; 0 H/in                  ; 0 F/in                  ; short         ; -                   ; open           ; open             ; open   ; 0 in             ; 0 H/in                 ; 0 F/in                 ; short        ; open          ; open            ; open  ; 0 V                 ; -                  ; n/a           ; n/a             ; n/a         ;
; vga_b[2] ; 2.5 V        ; 0 in              ; 0 H/in                  ; 0 F/in                  ; short         ; -                   ; open           ; open             ; open   ; 0 in             ; 0 H/in                 ; 0 F/in                 ; short        ; open          ; open            ; open  ; 0 V                 ; -                  ; n/a           ; n/a             ; n/a         ;
; vga_b[3] ; 2.5 V        ; 0 in              ; 0 H/in                  ; 0 F/in                  ; short         ; -                   ; open           ; open             ; open   ; 0 in             ; 0 H/in                 ; 0 F/in                 ; short        ; open          ; open            ; open  ; 0 V                 ; -                  ; n/a           ; n/a             ; n/a         ;
; vga_hs   ; 2.5 V        ; 0 in              ; 0 H/in                  ; 0 F/in                  ; short         ; -                   ; open           ; open             ; open   ; 0 in             ; 0 H/in                 ; 0 F/in                 ; short        ; open          ; open            ; open  ; 0 V                 ; -                  ; n/a           ; n/a             ; n/a         ;
; vga_vs   ; 2.5 V        ; 0 in              ; 0 H/in                  ; 0 F/in                  ; short         ; -                   ; open           ; open             ; open   ; 0 in             ; 0 H/in                 ; 0 F/in                 ; short        ; open          ; open            ; open  ; 0 V                 ; -                  ; n/a           ; n/a             ; n/a         ;
; ps2_clk  ; 2.5 V        ; 0 in              ; 0 H/in                  ; 0 F/in                  ; short         ; -                   ; open           ; open             ; open   ; 0 in             ; 0 H/in                 ; 0 F/in                 ; short        ; open          ; open            ; open  ; 0 V                 ; -                  ; n/a           ; n/a             ; n/a         ;
; ps2_dat  ; 2.5 V        ; 0 in              ; 0 H/in                  ; 0 F/in                  ; short         ; -                   ; open           ; open             ; open   ; 0 in             ; 0 H/in                 ; 0 F/in                 ; short        ; open          ; open            ; open  ; 0 V                 ; -                  ; n/a           ; n/a             ; n/a         ;
+----------+--------------+-------------------+-------------------------+-------------------------+---------------+---------------------+----------------+------------------+--------+------------------+------------------------+------------------------+--------------+---------------+-----------------+-------+---------------------+--------------------+---------------+-----------------+-------------+


+-------------------------------------------------------------+
; Input Transition Times                                      ;
+----------+--------------+-----------------+-----------------+
; Pin      ; I/O Standard ; 10-90 Rise Time ; 90-10 Fall Time ;
+----------+--------------+-----------------+-----------------+
; sw[0]    ; 2.5 V        ; 2000 ps         ; 2000 ps         ;
; sw[1]    ; 2.5 V        ; 2000 ps         ; 2000 ps         ;
; sw[2]    ; 2.5 V        ; 2000 ps         ; 2000 ps         ;
; sw[3]    ; 2.5 V        ; 2000 ps         ; 2000 ps         ;
; sw[4]    ; 2.5 V        ; 2000 ps         ; 2000 ps         ;
; sw[5]    ; 2.5 V        ; 2000 ps         ; 2000 ps         ;
; sw[6]    ; 2.5 V        ; 2000 ps         ; 2000 ps         ;
; sw[7]    ; 2.5 V        ; 2000 ps         ; 2000 ps         ;
; sw[8]    ; 2.5 V        ; 2000 ps         ; 2000 ps         ;
; key[3]   ; 2.5 V        ; 2000 ps         ; 2000 ps         ;
; ps2_clk  ; 2.5 V        ; 2000 ps         ; 2000 ps         ;
; ps2_dat  ; 2.5 V        ; 2000 ps         ; 2000 ps         ;
; sw[9]    ; 2.5 V        ; 2000 ps         ; 2000 ps         ;
; key[1]   ; 2.5 V        ; 2000 ps         ; 2000 ps         ;
; key[0]   ; 2.5 V        ; 2000 ps         ; 2000 ps         ;
; key[2]   ; 2.5 V        ; 2000 ps         ; 2000 ps         ;
; clock_50 ; 2.5 V        ; 2000 ps         ; 2000 ps         ;
; reset_n  ; 2.5 V        ; 2000 ps         ; 2000 ps         ;
+----------+--------------+-----------------+-----------------+


+---------------------------------------------------------------------------------------------------------------------------------------------------------------------------------------------------------------------------------------------------------------------------------------------------------------------------------------------------------------------------------------------------------------------------------------------------------------------------------------------------------------------------------------------------------------------------------------------------------------------------------------------------------------------------------------+
; Signal Integrity Metrics (Slow 1100mv 0c Model)                                                                                                                                                                                                                                                                                                                                                                                                                                                                                                                                                                                                                                       ;
+----------+--------------+---------------------+---------------------+------------------------------+------------------------------+---------------------+---------------------+--------------------------------------+--------------------------------------+-----------------------------+-----------------------------+----------------------------+----------------------------+-----------------------------+-----------------------------+--------------------+--------------------+-------------------------------------+-------------------------------------+----------------------------+----------------------------+---------------------------+---------------------------+
; Pin      ; I/O Standard ; Board Delay on Rise ; Board Delay on Fall ; Steady State Voh at FPGA Pin ; Steady State Vol at FPGA Pin ; Voh Max at FPGA Pin ; Vol Min at FPGA Pin ; Ringback Voltage on Rise at FPGA Pin ; Ringback Voltage on Fall at FPGA Pin ; 10-90 Rise Time at FPGA Pin ; 90-10 Fall Time at FPGA Pin ; Monotonic Rise at FPGA Pin ; Monotonic Fall at FPGA Pin ; Steady State Voh at Far-end ; Steady State Vol at Far-end ; Voh Max at Far-end ; Vol Min at Far-end ; Ringback Voltage on Rise at Far-end ; Ringback Voltage on Fall at Far-end ; 10-90 Rise Time at Far-end ; 90-10 Fall Time at Far-end ; Monotonic Rise at Far-end ; Monotonic Fall at Far-end ;
+----------+--------------+---------------------+---------------------+------------------------------+------------------------------+---------------------+---------------------+--------------------------------------+--------------------------------------+-----------------------------+-----------------------------+----------------------------+----------------------------+-----------------------------+-----------------------------+--------------------+--------------------+-------------------------------------+-------------------------------------+----------------------------+----------------------------+---------------------------+---------------------------+
; hex0[0]  ; 2.5 V        ; 0 s                 ; 0 s                 ; 2.32 V                       ; 2.15e-07 V                   ; 2.41 V              ; -0.0495 V           ; 0.18 V                               ; 0.115 V                              ; 4.54e-10 s                  ; 4.44e-10 s                  ; No                         ; Yes                        ; 2.32 V                      ; 2.15e-07 V                  ; 2.41 V             ; -0.0495 V          ; 0.18 V                              ; 0.115 V                             ; 4.54e-10 s                 ; 4.44e-10 s                 ; No                        ; Yes                       ;
; hex0[1]  ; 2.5 V        ; 0 s                 ; 0 s                 ; 2.32 V                       ; 2.15e-07 V                   ; 2.41 V              ; -0.0492 V           ; 0.181 V                              ; 0.116 V                              ; 4.54e-10 s                  ; 4.44e-10 s                  ; No                         ; Yes                        ; 2.32 V                      ; 2.15e-07 V                  ; 2.41 V             ; -0.0492 V          ; 0.181 V                             ; 0.116 V                             ; 4.54e-10 s                 ; 4.44e-10 s                 ; No                        ; Yes                       ;
; hex0[2]  ; 2.5 V        ; 0 s                 ; 0 s                 ; 2.32 V                       ; 2.15e-07 V                   ; 2.41 V              ; -0.0492 V           ; 0.181 V                              ; 0.116 V                              ; 4.54e-10 s                  ; 4.44e-10 s                  ; No                         ; Yes                        ; 2.32 V                      ; 2.15e-07 V                  ; 2.41 V             ; -0.0492 V          ; 0.181 V                             ; 0.116 V                             ; 4.54e-10 s                 ; 4.44e-10 s                 ; No                        ; Yes                       ;
; hex0[3]  ; 2.5 V        ; 0 s                 ; 0 s                 ; 2.32 V                       ; 2.15e-07 V                   ; 2.41 V              ; -0.0492 V           ; 0.181 V                              ; 0.116 V                              ; 4.54e-10 s                  ; 4.44e-10 s                  ; No                         ; Yes                        ; 2.32 V                      ; 2.15e-07 V                  ; 2.41 V             ; -0.0492 V          ; 0.181 V                             ; 0.116 V                             ; 4.54e-10 s                 ; 4.44e-10 s                 ; No                        ; Yes                       ;
; hex0[4]  ; 2.5 V        ; 0 s                 ; 0 s                 ; 2.32 V                       ; 2.15e-07 V                   ; 2.41 V              ; -0.0495 V           ; 0.18 V                               ; 0.115 V                              ; 4.54e-10 s                  ; 4.44e-10 s                  ; No                         ; Yes                        ; 2.32 V                      ; 2.15e-07 V                  ; 2.41 V             ; -0.0495 V          ; 0.18 V                              ; 0.115 V                             ; 4.54e-10 s                 ; 4.44e-10 s                 ; No                        ; Yes                       ;
; hex0[5]  ; 2.5 V        ; 0 s                 ; 0 s                 ; 2.32 V                       ; 2.15e-07 V                   ; 2.41 V              ; -0.0495 V           ; 0.18 V                               ; 0.115 V                              ; 4.54e-10 s                  ; 4.44e-10 s                  ; No                         ; Yes                        ; 2.32 V                      ; 2.15e-07 V                  ; 2.41 V             ; -0.0495 V          ; 0.18 V                              ; 0.115 V                             ; 4.54e-10 s                 ; 4.44e-10 s                 ; No                        ; Yes                       ;
; hex0[6]  ; 2.5 V        ; 0 s                 ; 0 s                 ; 2.32 V                       ; 2.15e-07 V                   ; 2.41 V              ; -0.0492 V           ; 0.181 V                              ; 0.116 V                              ; 4.54e-10 s                  ; 4.44e-10 s                  ; No                         ; Yes                        ; 2.32 V                      ; 2.15e-07 V                  ; 2.41 V             ; -0.0492 V          ; 0.181 V                             ; 0.116 V                             ; 4.54e-10 s                 ; 4.44e-10 s                 ; No                        ; Yes                       ;
; hex1[0]  ; 2.5 V        ; 0 s                 ; 0 s                 ; 2.32 V                       ; 2.15e-07 V                   ; 2.41 V              ; -0.0492 V           ; 0.181 V                              ; 0.116 V                              ; 4.54e-10 s                  ; 4.44e-10 s                  ; No                         ; Yes                        ; 2.32 V                      ; 2.15e-07 V                  ; 2.41 V             ; -0.0492 V          ; 0.181 V                             ; 0.116 V                             ; 4.54e-10 s                 ; 4.44e-10 s                 ; No                        ; Yes                       ;
; hex1[1]  ; 2.5 V        ; 0 s                 ; 0 s                 ; 2.32 V                       ; 2.15e-07 V                   ; 2.41 V              ; -0.0495 V           ; 0.18 V                               ; 0.115 V                              ; 4.54e-10 s                  ; 4.44e-10 s                  ; No                         ; Yes                        ; 2.32 V                      ; 2.15e-07 V                  ; 2.41 V             ; -0.0495 V          ; 0.18 V                              ; 0.115 V                             ; 4.54e-10 s                 ; 4.44e-10 s                 ; No                        ; Yes                       ;
; hex1[2]  ; 2.5 V        ; 0 s                 ; 0 s                 ; 2.32 V                       ; 2.15e-07 V                   ; 2.41 V              ; -0.0495 V           ; 0.18 V                               ; 0.115 V                              ; 4.54e-10 s                  ; 4.44e-10 s                  ; No                         ; Yes                        ; 2.32 V                      ; 2.15e-07 V                  ; 2.41 V             ; -0.0495 V          ; 0.18 V                              ; 0.115 V                             ; 4.54e-10 s                 ; 4.44e-10 s                 ; No                        ; Yes                       ;
; hex1[3]  ; 2.5 V        ; 0 s                 ; 0 s                 ; 2.32 V                       ; 2.15e-07 V                   ; 2.41 V              ; -0.0492 V           ; 0.181 V                              ; 0.116 V                              ; 4.54e-10 s                  ; 4.44e-10 s                  ; No                         ; Yes                        ; 2.32 V                      ; 2.15e-07 V                  ; 2.41 V             ; -0.0492 V          ; 0.181 V                             ; 0.116 V                             ; 4.54e-10 s                 ; 4.44e-10 s                 ; No                        ; Yes                       ;
; hex1[4]  ; 2.5 V        ; 0 s                 ; 0 s                 ; 2.32 V                       ; 2.15e-07 V                   ; 2.41 V              ; -0.0492 V           ; 0.181 V                              ; 0.116 V                              ; 4.54e-10 s                  ; 4.44e-10 s                  ; No                         ; Yes                        ; 2.32 V                      ; 2.15e-07 V                  ; 2.41 V             ; -0.0492 V          ; 0.181 V                             ; 0.116 V                             ; 4.54e-10 s                 ; 4.44e-10 s                 ; No                        ; Yes                       ;
; hex1[5]  ; 2.5 V        ; 0 s                 ; 0 s                 ; 2.32 V                       ; 2.15e-07 V                   ; 2.41 V              ; -0.0495 V           ; 0.18 V                               ; 0.115 V                              ; 4.54e-10 s                  ; 4.44e-10 s                  ; No                         ; Yes                        ; 2.32 V                      ; 2.15e-07 V                  ; 2.41 V             ; -0.0495 V          ; 0.18 V                              ; 0.115 V                             ; 4.54e-10 s                 ; 4.44e-10 s                 ; No                        ; Yes                       ;
; hex1[6]  ; 2.5 V        ; 0 s                 ; 0 s                 ; 2.32 V                       ; 2.15e-07 V                   ; 2.41 V              ; -0.0495 V           ; 0.18 V                               ; 0.115 V                              ; 4.54e-10 s                  ; 4.44e-10 s                  ; No                         ; Yes                        ; 2.32 V                      ; 2.15e-07 V                  ; 2.41 V             ; -0.0495 V          ; 0.18 V                              ; 0.115 V                             ; 4.54e-10 s                 ; 4.44e-10 s                 ; No                        ; Yes                       ;
; hex2[0]  ; 2.5 V        ; 0 s                 ; 0 s                 ; 2.32 V                       ; 2.19e-07 V                   ; 2.4 V               ; -0.039 V            ; 0.21 V                               ; 0.145 V                              ; 4.67e-10 s                  ; 4.63e-10 s                  ; No                         ; Yes                        ; 2.32 V                      ; 2.19e-07 V                  ; 2.4 V              ; -0.039 V           ; 0.21 V                              ; 0.145 V                             ; 4.67e-10 s                 ; 4.63e-10 s                 ; No                        ; Yes                       ;
; hex2[1]  ; 2.5 V        ; 0 s                 ; 0 s                 ; 2.32 V                       ; 2.15e-07 V                   ; 2.41 V              ; -0.0495 V           ; 0.18 V                               ; 0.115 V                              ; 4.54e-10 s                  ; 4.44e-10 s                  ; No                         ; Yes                        ; 2.32 V                      ; 2.15e-07 V                  ; 2.41 V             ; -0.0495 V          ; 0.18 V                              ; 0.115 V                             ; 4.54e-10 s                 ; 4.44e-10 s                 ; No                        ; Yes                       ;
; hex2[2]  ; 2.5 V        ; 0 s                 ; 0 s                 ; 2.32 V                       ; 2.15e-07 V                   ; 2.41 V              ; -0.0495 V           ; 0.18 V                               ; 0.115 V                              ; 4.54e-10 s                  ; 4.44e-10 s                  ; No                         ; Yes                        ; 2.32 V                      ; 2.15e-07 V                  ; 2.41 V             ; -0.0495 V          ; 0.18 V                              ; 0.115 V                             ; 4.54e-10 s                 ; 4.44e-10 s                 ; No                        ; Yes                       ;
; hex2[3]  ; 2.5 V        ; 0 s                 ; 0 s                 ; 2.32 V                       ; 1.88e-07 V                   ; 2.35 V              ; -0.0185 V           ; 0.153 V                              ; 0.099 V                              ; 4.6e-10 s                   ; 4.48e-10 s                  ; No                         ; Yes                        ; 2.32 V                      ; 1.88e-07 V                  ; 2.35 V             ; -0.0185 V          ; 0.153 V                             ; 0.099 V                             ; 4.6e-10 s                  ; 4.48e-10 s                 ; No                        ; Yes                       ;
; hex2[4]  ; 2.5 V        ; 0 s                 ; 0 s                 ; 2.32 V                       ; 1.88e-07 V                   ; 2.35 V              ; -0.0185 V           ; 0.153 V                              ; 0.099 V                              ; 4.6e-10 s                   ; 4.48e-10 s                  ; No                         ; Yes                        ; 2.32 V                      ; 1.88e-07 V                  ; 2.35 V             ; -0.0185 V          ; 0.153 V                             ; 0.099 V                             ; 4.6e-10 s                  ; 4.48e-10 s                 ; No                        ; Yes                       ;
; hex2[5]  ; 2.5 V        ; 0 s                 ; 0 s                 ; 2.32 V                       ; 2.15e-07 V                   ; 2.41 V              ; -0.0495 V           ; 0.18 V                               ; 0.115 V                              ; 4.54e-10 s                  ; 4.44e-10 s                  ; No                         ; Yes                        ; 2.32 V                      ; 2.15e-07 V                  ; 2.41 V             ; -0.0495 V          ; 0.18 V                              ; 0.115 V                             ; 4.54e-10 s                 ; 4.44e-10 s                 ; No                        ; Yes                       ;
; hex2[6]  ; 2.5 V        ; 0 s                 ; 0 s                 ; 2.32 V                       ; 2.15e-07 V                   ; 2.41 V              ; -0.0492 V           ; 0.181 V                              ; 0.116 V                              ; 4.54e-10 s                  ; 4.44e-10 s                  ; No                         ; Yes                        ; 2.32 V                      ; 2.15e-07 V                  ; 2.41 V             ; -0.0492 V          ; 0.181 V                             ; 0.116 V                             ; 4.54e-10 s                 ; 4.44e-10 s                 ; No                        ; Yes                       ;
; hex3[0]  ; 2.5 V        ; 0 s                 ; 0 s                 ; 2.32 V                       ; 1.88e-07 V                   ; 2.35 V              ; -0.0185 V           ; 0.153 V                              ; 0.099 V                              ; 4.6e-10 s                   ; 4.48e-10 s                  ; No                         ; Yes                        ; 2.32 V                      ; 1.88e-07 V                  ; 2.35 V             ; -0.0185 V          ; 0.153 V                             ; 0.099 V                             ; 4.6e-10 s                  ; 4.48e-10 s                 ; No                        ; Yes                       ;
; hex3[1]  ; 2.5 V        ; 0 s                 ; 0 s                 ; 2.32 V                       ; 2.19e-07 V                   ; 2.4 V               ; -0.039 V            ; 0.21 V                               ; 0.145 V                              ; 4.67e-10 s                  ; 4.63e-10 s                  ; No                         ; Yes                        ; 2.32 V                      ; 2.19e-07 V                  ; 2.4 V              ; -0.039 V           ; 0.21 V                              ; 0.145 V                             ; 4.67e-10 s                 ; 4.63e-10 s                 ; No                        ; Yes                       ;
; hex3[2]  ; 2.5 V        ; 0 s                 ; 0 s                 ; 2.32 V                       ; 2.19e-07 V                   ; 2.4 V               ; -0.039 V            ; 0.21 V                               ; 0.145 V                              ; 4.67e-10 s                  ; 4.63e-10 s                  ; No                         ; Yes                        ; 2.32 V                      ; 2.19e-07 V                  ; 2.4 V              ; -0.039 V           ; 0.21 V                              ; 0.145 V                             ; 4.67e-10 s                 ; 4.63e-10 s                 ; No                        ; Yes                       ;
; hex3[3]  ; 2.5 V        ; 0 s                 ; 0 s                 ; 2.32 V                       ; 1.88e-07 V                   ; 2.35 V              ; -0.0185 V           ; 0.153 V                              ; 0.099 V                              ; 4.6e-10 s                   ; 4.48e-10 s                  ; No                         ; Yes                        ; 2.32 V                      ; 1.88e-07 V                  ; 2.35 V             ; -0.0185 V          ; 0.153 V                             ; 0.099 V                             ; 4.6e-10 s                  ; 4.48e-10 s                 ; No                        ; Yes                       ;
; hex3[4]  ; 2.5 V        ; 0 s                 ; 0 s                 ; 2.32 V                       ; 2.19e-07 V                   ; 2.4 V               ; -0.039 V            ; 0.21 V                               ; 0.145 V                              ; 4.67e-10 s                  ; 4.63e-10 s                  ; No                         ; Yes                        ; 2.32 V                      ; 2.19e-07 V                  ; 2.4 V              ; -0.039 V           ; 0.21 V                              ; 0.145 V                             ; 4.67e-10 s                 ; 4.63e-10 s                 ; No                        ; Yes                       ;
; hex3[5]  ; 2.5 V        ; 0 s                 ; 0 s                 ; 2.32 V                       ; 2.19e-07 V                   ; 2.4 V               ; -0.039 V            ; 0.21 V                               ; 0.145 V                              ; 4.67e-10 s                  ; 4.63e-10 s                  ; No                         ; Yes                        ; 2.32 V                      ; 2.19e-07 V                  ; 2.4 V              ; -0.039 V           ; 0.21 V                              ; 0.145 V                             ; 4.67e-10 s                 ; 4.63e-10 s                 ; No                        ; Yes                       ;
; hex3[6]  ; 2.5 V        ; 0 s                 ; 0 s                 ; 2.32 V                       ; 1.88e-07 V                   ; 2.35 V              ; -0.0185 V           ; 0.153 V                              ; 0.099 V                              ; 4.6e-10 s                   ; 4.48e-10 s                  ; No                         ; Yes                        ; 2.32 V                      ; 1.88e-07 V                  ; 2.35 V             ; -0.0185 V          ; 0.153 V                             ; 0.099 V                             ; 4.6e-10 s                  ; 4.48e-10 s                 ; No                        ; Yes                       ;
; hex4[0]  ; 2.5 V        ; 0 s                 ; 0 s                 ; 2.32 V                       ; 2.15e-07 V                   ; 2.41 V              ; -0.0492 V           ; 0.181 V                              ; 0.116 V                              ; 4.54e-10 s                  ; 4.44e-10 s                  ; No                         ; Yes                        ; 2.32 V                      ; 2.15e-07 V                  ; 2.41 V             ; -0.0492 V          ; 0.181 V                             ; 0.116 V                             ; 4.54e-10 s                 ; 4.44e-10 s                 ; No                        ; Yes                       ;
; hex4[1]  ; 2.5 V        ; 0 s                 ; 0 s                 ; 2.32 V                       ; 1.88e-07 V                   ; 2.35 V              ; -0.0185 V           ; 0.153 V                              ; 0.099 V                              ; 4.6e-10 s                   ; 4.48e-10 s                  ; No                         ; Yes                        ; 2.32 V                      ; 1.88e-07 V                  ; 2.35 V             ; -0.0185 V          ; 0.153 V                             ; 0.099 V                             ; 4.6e-10 s                  ; 4.48e-10 s                 ; No                        ; Yes                       ;
; hex4[2]  ; 2.5 V        ; 0 s                 ; 0 s                 ; 2.32 V                       ; 1.88e-07 V                   ; 2.35 V              ; -0.0185 V           ; 0.153 V                              ; 0.099 V                              ; 4.6e-10 s                   ; 4.48e-10 s                  ; No                         ; Yes                        ; 2.32 V                      ; 1.88e-07 V                  ; 2.35 V             ; -0.0185 V          ; 0.153 V                             ; 0.099 V                             ; 4.6e-10 s                  ; 4.48e-10 s                 ; No                        ; Yes                       ;
; hex4[3]  ; 2.5 V        ; 0 s                 ; 0 s                 ; 2.32 V                       ; 1.88e-07 V                   ; 2.35 V              ; -0.0185 V           ; 0.153 V                              ; 0.099 V                              ; 4.6e-10 s                   ; 4.48e-10 s                  ; No                         ; Yes                        ; 2.32 V                      ; 1.88e-07 V                  ; 2.35 V             ; -0.0185 V          ; 0.153 V                             ; 0.099 V                             ; 4.6e-10 s                  ; 4.48e-10 s                 ; No                        ; Yes                       ;
; hex4[4]  ; 2.5 V        ; 0 s                 ; 0 s                 ; 2.32 V                       ; 2.19e-07 V                   ; 2.4 V               ; -0.039 V            ; 0.21 V                               ; 0.145 V                              ; 4.67e-10 s                  ; 4.63e-10 s                  ; No                         ; Yes                        ; 2.32 V                      ; 2.19e-07 V                  ; 2.4 V              ; -0.039 V           ; 0.21 V                              ; 0.145 V                             ; 4.67e-10 s                 ; 4.63e-10 s                 ; No                        ; Yes                       ;
; hex4[5]  ; 2.5 V        ; 0 s                 ; 0 s                 ; 2.32 V                       ; 2.19e-07 V                   ; 2.4 V               ; -0.039 V            ; 0.21 V                               ; 0.145 V                              ; 4.67e-10 s                  ; 4.63e-10 s                  ; No                         ; Yes                        ; 2.32 V                      ; 2.19e-07 V                  ; 2.4 V              ; -0.039 V           ; 0.21 V                              ; 0.145 V                             ; 4.67e-10 s                 ; 4.63e-10 s                 ; No                        ; Yes                       ;
; hex4[6]  ; 2.5 V        ; 0 s                 ; 0 s                 ; 2.32 V                       ; 1.88e-07 V                   ; 2.35 V              ; -0.0185 V           ; 0.153 V                              ; 0.099 V                              ; 4.6e-10 s                   ; 4.48e-10 s                  ; No                         ; Yes                        ; 2.32 V                      ; 1.88e-07 V                  ; 2.35 V             ; -0.0185 V          ; 0.153 V                             ; 0.099 V                             ; 4.6e-10 s                  ; 4.48e-10 s                 ; No                        ; Yes                       ;
; hex5[0]  ; 2.5 V        ; 0 s                 ; 0 s                 ; 2.32 V                       ; 2.19e-07 V                   ; 2.4 V               ; -0.039 V            ; 0.21 V                               ; 0.145 V                              ; 4.67e-10 s                  ; 4.63e-10 s                  ; No                         ; Yes                        ; 2.32 V                      ; 2.19e-07 V                  ; 2.4 V              ; -0.039 V           ; 0.21 V                              ; 0.145 V                             ; 4.67e-10 s                 ; 4.63e-10 s                 ; No                        ; Yes                       ;
; hex5[1]  ; 2.5 V        ; 0 s                 ; 0 s                 ; 2.32 V                       ; 1.88e-07 V                   ; 2.35 V              ; -0.0185 V           ; 0.153 V                              ; 0.099 V                              ; 4.6e-10 s                   ; 4.48e-10 s                  ; No                         ; Yes                        ; 2.32 V                      ; 1.88e-07 V                  ; 2.35 V             ; -0.0185 V          ; 0.153 V                             ; 0.099 V                             ; 4.6e-10 s                  ; 4.48e-10 s                 ; No                        ; Yes                       ;
; hex5[2]  ; 2.5 V        ; 0 s                 ; 0 s                 ; 2.32 V                       ; 1.88e-07 V                   ; 2.35 V              ; -0.0185 V           ; 0.153 V                              ; 0.099 V                              ; 4.6e-10 s                   ; 4.48e-10 s                  ; No                         ; Yes                        ; 2.32 V                      ; 1.88e-07 V                  ; 2.35 V             ; -0.0185 V          ; 0.153 V                             ; 0.099 V                             ; 4.6e-10 s                  ; 4.48e-10 s                 ; No                        ; Yes                       ;
; hex5[3]  ; 2.5 V        ; 0 s                 ; 0 s                 ; 2.32 V                       ; 1.88e-07 V                   ; 2.35 V              ; -0.0185 V           ; 0.153 V                              ; 0.099 V                              ; 4.6e-10 s                   ; 4.48e-10 s                  ; No                         ; Yes                        ; 2.32 V                      ; 1.88e-07 V                  ; 2.35 V             ; -0.0185 V          ; 0.153 V                             ; 0.099 V                             ; 4.6e-10 s                  ; 4.48e-10 s                 ; No                        ; Yes                       ;
; hex5[4]  ; 2.5 V        ; 0 s                 ; 0 s                 ; 2.32 V                       ; 2.15e-07 V                   ; 2.41 V              ; -0.0495 V           ; 0.18 V                               ; 0.115 V                              ; 4.54e-10 s                  ; 4.44e-10 s                  ; No                         ; Yes                        ; 2.32 V                      ; 2.15e-07 V                  ; 2.41 V             ; -0.0495 V          ; 0.18 V                              ; 0.115 V                             ; 4.54e-10 s                 ; 4.44e-10 s                 ; No                        ; Yes                       ;
; hex5[5]  ; 2.5 V        ; 0 s                 ; 0 s                 ; 2.32 V                       ; 2.15e-07 V                   ; 2.41 V              ; -0.0492 V           ; 0.181 V                              ; 0.116 V                              ; 4.54e-10 s                  ; 4.44e-10 s                  ; No                         ; Yes                        ; 2.32 V                      ; 2.15e-07 V                  ; 2.41 V             ; -0.0492 V          ; 0.181 V                             ; 0.116 V                             ; 4.54e-10 s                 ; 4.44e-10 s                 ; No                        ; Yes                       ;
; hex5[6]  ; 2.5 V        ; 0 s                 ; 0 s                 ; 2.32 V                       ; 2.19e-07 V                   ; 2.4 V               ; -0.039 V            ; 0.21 V                               ; 0.145 V                              ; 4.67e-10 s                  ; 4.63e-10 s                  ; No                         ; Yes                        ; 2.32 V                      ; 2.19e-07 V                  ; 2.4 V              ; -0.039 V           ; 0.21 V                              ; 0.145 V                             ; 4.67e-10 s                 ; 4.63e-10 s                 ; No                        ; Yes                       ;
; led[0]   ; 2.5 V        ; 0 s                 ; 0 s                 ; 2.32 V                       ; 2.15e-07 V                   ; 2.41 V              ; -0.0495 V           ; 0.18 V                               ; 0.115 V                              ; 4.54e-10 s                  ; 4.44e-10 s                  ; No                         ; Yes                        ; 2.32 V                      ; 2.15e-07 V                  ; 2.41 V             ; -0.0495 V          ; 0.18 V                              ; 0.115 V                             ; 4.54e-10 s                 ; 4.44e-10 s                 ; No                        ; Yes                       ;
; led[1]   ; 2.5 V        ; 0 s                 ; 0 s                 ; 2.32 V                       ; 1.88e-07 V                   ; 2.35 V              ; -0.0185 V           ; 0.153 V                              ; 0.099 V                              ; 4.6e-10 s                   ; 4.48e-10 s                  ; No                         ; Yes                        ; 2.32 V                      ; 1.88e-07 V                  ; 2.35 V             ; -0.0185 V          ; 0.153 V                             ; 0.099 V                             ; 4.6e-10 s                  ; 4.48e-10 s                 ; No                        ; Yes                       ;
; led[2]   ; 2.5 V        ; 0 s                 ; 0 s                 ; 2.32 V                       ; 1.88e-07 V                   ; 2.35 V              ; -0.0185 V           ; 0.153 V                              ; 0.099 V                              ; 4.6e-10 s                   ; 4.48e-10 s                  ; No                         ; Yes                        ; 2.32 V                      ; 1.88e-07 V                  ; 2.35 V             ; -0.0185 V          ; 0.153 V                             ; 0.099 V                             ; 4.6e-10 s                  ; 4.48e-10 s                 ; No                        ; Yes                       ;
; led[3]   ; 2.5 V        ; 0 s                 ; 0 s                 ; 2.32 V                       ; 2.19e-07 V                   ; 2.4 V               ; -0.039 V            ; 0.21 V                               ; 0.145 V                              ; 4.67e-10 s                  ; 4.63e-10 s                  ; No                         ; Yes                        ; 2.32 V                      ; 2.19e-07 V                  ; 2.4 V              ; -0.039 V           ; 0.21 V                              ; 0.145 V                             ; 4.67e-10 s                 ; 4.63e-10 s                 ; No                        ; Yes                       ;
; led[4]   ; 2.5 V        ; 0 s                 ; 0 s                 ; 2.32 V                       ; 1.88e-07 V                   ; 2.35 V              ; -0.0185 V           ; 0.153 V                              ; 0.099 V                              ; 4.6e-10 s                   ; 4.48e-10 s                  ; No                         ; Yes                        ; 2.32 V                      ; 1.88e-07 V                  ; 2.35 V             ; -0.0185 V          ; 0.153 V                             ; 0.099 V                             ; 4.6e-10 s                  ; 4.48e-10 s                 ; No                        ; Yes                       ;
; led[5]   ; 2.5 V        ; 0 s                 ; 0 s                 ; 2.32 V                       ; 2.19e-07 V                   ; 2.4 V               ; -0.039 V            ; 0.21 V                               ; 0.145 V                              ; 4.67e-10 s                  ; 4.63e-10 s                  ; No                         ; Yes                        ; 2.32 V                      ; 2.19e-07 V                  ; 2.4 V              ; -0.039 V           ; 0.21 V                              ; 0.145 V                             ; 4.67e-10 s                 ; 4.63e-10 s                 ; No                        ; Yes                       ;
; led[6]   ; 2.5 V        ; 0 s                 ; 0 s                 ; 2.32 V                       ; 1.88e-07 V                   ; 2.35 V              ; -0.0185 V           ; 0.153 V                              ; 0.099 V                              ; 4.6e-10 s                   ; 4.48e-10 s                  ; No                         ; Yes                        ; 2.32 V                      ; 1.88e-07 V                  ; 2.35 V             ; -0.0185 V          ; 0.153 V                             ; 0.099 V                             ; 4.6e-10 s                  ; 4.48e-10 s                 ; No                        ; Yes                       ;
; led[7]   ; 2.5 V        ; 0 s                 ; 0 s                 ; 2.32 V                       ; 2.15e-07 V                   ; 2.41 V              ; -0.0492 V           ; 0.181 V                              ; 0.116 V                              ; 4.54e-10 s                  ; 4.44e-10 s                  ; No                         ; Yes                        ; 2.32 V                      ; 2.15e-07 V                  ; 2.41 V             ; -0.0492 V          ; 0.181 V                             ; 0.116 V                             ; 4.54e-10 s                 ; 4.44e-10 s                 ; No                        ; Yes                       ;
; led[8]   ; 2.5 V        ; 0 s                 ; 0 s                 ; 2.32 V                       ; 2.15e-07 V                   ; 2.41 V              ; -0.0492 V           ; 0.181 V                              ; 0.116 V                              ; 4.54e-10 s                  ; 4.44e-10 s                  ; No                         ; Yes                        ; 2.32 V                      ; 2.15e-07 V                  ; 2.41 V             ; -0.0492 V          ; 0.181 V                             ; 0.116 V                             ; 4.54e-10 s                 ; 4.44e-10 s                 ; No                        ; Yes                       ;
; led[9]   ; 2.5 V        ; 0 s                 ; 0 s                 ; 2.32 V                       ; 1.88e-07 V                   ; 2.35 V              ; -0.0185 V           ; 0.153 V                              ; 0.099 V                              ; 4.6e-10 s                   ; 4.48e-10 s                  ; No                         ; Yes                        ; 2.32 V                      ; 1.88e-07 V                  ; 2.35 V             ; -0.0185 V          ; 0.153 V                             ; 0.099 V                             ; 4.6e-10 s                  ; 4.48e-10 s                 ; No                        ; Yes                       ;
; vga_r[0] ; 2.5 V        ; 0 s                 ; 0 s                 ; 2.32 V                       ; 2.15e-07 V                   ; 2.41 V              ; -0.0495 V           ; 0.18 V                               ; 0.115 V                              ; 4.54e-10 s                  ; 4.44e-10 s                  ; No                         ; Yes                        ; 2.32 V                      ; 2.15e-07 V                  ; 2.41 V             ; -0.0495 V          ; 0.18 V                              ; 0.115 V                             ; 4.54e-10 s                 ; 4.44e-10 s                 ; No                        ; Yes                       ;
; vga_r[1] ; 2.5 V        ; 0 s                 ; 0 s                 ; 2.32 V                       ; 2.19e-07 V                   ; 2.4 V               ; -0.039 V            ; 0.21 V                               ; 0.145 V                              ; 4.67e-10 s                  ; 4.63e-10 s                  ; No                         ; Yes                        ; 2.32 V                      ; 2.19e-07 V                  ; 2.4 V              ; -0.039 V           ; 0.21 V                              ; 0.145 V                             ; 4.67e-10 s                 ; 4.63e-10 s                 ; No                        ; Yes                       ;
; vga_r[2] ; 2.5 V        ; 0 s                 ; 0 s                 ; 2.32 V                       ; 1.88e-07 V                   ; 2.35 V              ; -0.0185 V           ; 0.153 V                              ; 0.099 V                              ; 4.6e-10 s                   ; 4.48e-10 s                  ; No                         ; Yes                        ; 2.32 V                      ; 1.88e-07 V                  ; 2.35 V             ; -0.0185 V          ; 0.153 V                             ; 0.099 V                             ; 4.6e-10 s                  ; 4.48e-10 s                 ; No                        ; Yes                       ;
; vga_r[3] ; 2.5 V        ; 0 s                 ; 0 s                 ; 2.32 V                       ; 2.15e-07 V                   ; 2.41 V              ; -0.0492 V           ; 0.181 V                              ; 0.116 V                              ; 4.54e-10 s                  ; 4.44e-10 s                  ; No                         ; Yes                        ; 2.32 V                      ; 2.15e-07 V                  ; 2.41 V             ; -0.0492 V          ; 0.181 V                             ; 0.116 V                             ; 4.54e-10 s                 ; 4.44e-10 s                 ; No                        ; Yes                       ;
; vga_g[0] ; 2.5 V        ; 0 s                 ; 0 s                 ; 2.32 V                       ; 2.15e-07 V                   ; 2.41 V              ; -0.0492 V           ; 0.181 V                              ; 0.116 V                              ; 4.54e-10 s                  ; 4.44e-10 s                  ; No                         ; Yes                        ; 2.32 V                      ; 2.15e-07 V                  ; 2.41 V             ; -0.0492 V          ; 0.181 V                             ; 0.116 V                             ; 4.54e-10 s                 ; 4.44e-10 s                 ; No                        ; Yes                       ;
; vga_g[1] ; 2.5 V        ; 0 s                 ; 0 s                 ; 2.32 V                       ; 2.15e-07 V                   ; 2.41 V              ; -0.0495 V           ; 0.18 V                               ; 0.115 V                              ; 4.54e-10 s                  ; 4.44e-10 s                  ; No                         ; Yes                        ; 2.32 V                      ; 2.15e-07 V                  ; 2.41 V             ; -0.0495 V          ; 0.18 V                              ; 0.115 V                             ; 4.54e-10 s                 ; 4.44e-10 s                 ; No                        ; Yes                       ;
; vga_g[2] ; 2.5 V        ; 0 s                 ; 0 s                 ; 2.32 V                       ; 2.19e-07 V                   ; 2.4 V               ; -0.039 V            ; 0.21 V                               ; 0.145 V                              ; 4.67e-10 s                  ; 4.63e-10 s                  ; No                         ; Yes                        ; 2.32 V                      ; 2.19e-07 V                  ; 2.4 V              ; -0.039 V           ; 0.21 V                              ; 0.145 V                             ; 4.67e-10 s                 ; 4.63e-10 s                 ; No                        ; Yes                       ;
; vga_g[3] ; 2.5 V        ; 0 s                 ; 0 s                 ; 2.32 V                       ; 1.88e-07 V                   ; 2.35 V              ; -0.0185 V           ; 0.153 V                              ; 0.099 V                              ; 4.6e-10 s                   ; 4.48e-10 s                  ; No                         ; Yes                        ; 2.32 V                      ; 1.88e-07 V                  ; 2.35 V             ; -0.0185 V          ; 0.153 V                             ; 0.099 V                             ; 4.6e-10 s                  ; 4.48e-10 s                 ; No                        ; Yes                       ;
; vga_b[0] ; 2.5 V        ; 0 s                 ; 0 s                 ; 2.32 V                       ; 2.15e-07 V                   ; 2.41 V              ; -0.0492 V           ; 0.181 V                              ; 0.116 V                              ; 4.54e-10 s                  ; 4.44e-10 s                  ; No                         ; Yes                        ; 2.32 V                      ; 2.15e-07 V                  ; 2.41 V             ; -0.0492 V          ; 0.181 V                             ; 0.116 V                             ; 4.54e-10 s                 ; 4.44e-10 s                 ; No                        ; Yes                       ;
; vga_b[1] ; 2.5 V        ; 0 s                 ; 0 s                 ; 2.32 V                       ; 2.15e-07 V                   ; 2.41 V              ; -0.0495 V           ; 0.18 V                               ; 0.115 V                              ; 4.54e-10 s                  ; 4.44e-10 s                  ; No                         ; Yes                        ; 2.32 V                      ; 2.15e-07 V                  ; 2.41 V             ; -0.0495 V          ; 0.18 V                              ; 0.115 V                             ; 4.54e-10 s                 ; 4.44e-10 s                 ; No                        ; Yes                       ;
; vga_b[2] ; 2.5 V        ; 0 s                 ; 0 s                 ; 2.32 V                       ; 2.19e-07 V                   ; 2.4 V               ; -0.039 V            ; 0.21 V                               ; 0.145 V                              ; 4.67e-10 s                  ; 4.63e-10 s                  ; No                         ; Yes                        ; 2.32 V                      ; 2.19e-07 V                  ; 2.4 V              ; -0.039 V           ; 0.21 V                              ; 0.145 V                             ; 4.67e-10 s                 ; 4.63e-10 s                 ; No                        ; Yes                       ;
; vga_b[3] ; 2.5 V        ; 0 s                 ; 0 s                 ; 2.32 V                       ; 1.88e-07 V                   ; 2.35 V              ; -0.0185 V           ; 0.153 V                              ; 0.099 V                              ; 4.6e-10 s                   ; 4.48e-10 s                  ; No                         ; Yes                        ; 2.32 V                      ; 1.88e-07 V                  ; 2.35 V             ; -0.0185 V          ; 0.153 V                             ; 0.099 V                             ; 4.6e-10 s                  ; 4.48e-10 s                 ; No                        ; Yes                       ;
; vga_hs   ; 2.5 V        ; 0 s                 ; 0 s                 ; 2.32 V                       ; 2.15e-07 V                   ; 2.41 V              ; -0.0492 V           ; 0.181 V                              ; 0.116 V                              ; 4.54e-10 s                  ; 4.44e-10 s                  ; No                         ; Yes                        ; 2.32 V                      ; 2.15e-07 V                  ; 2.41 V             ; -0.0492 V          ; 0.181 V                             ; 0.116 V                             ; 4.54e-10 s                 ; 4.44e-10 s                 ; No                        ; Yes                       ;
; vga_vs   ; 2.5 V        ; 0 s                 ; 0 s                 ; 2.32 V                       ; 2.15e-07 V                   ; 2.41 V              ; -0.0495 V           ; 0.18 V                               ; 0.115 V                              ; 4.54e-10 s                  ; 4.44e-10 s                  ; No                         ; Yes                        ; 2.32 V                      ; 2.15e-07 V                  ; 2.41 V             ; -0.0495 V          ; 0.18 V                              ; 0.115 V                             ; 4.54e-10 s                 ; 4.44e-10 s                 ; No                        ; Yes                       ;
; ps2_clk  ; 2.5 V        ; 0 s                 ; 0 s                 ; 2.32 V                       ; 2.19e-07 V                   ; 2.4 V               ; -0.039 V            ; 0.21 V                               ; 0.145 V                              ; 4.67e-10 s                  ; 4.63e-10 s                  ; No                         ; Yes                        ; 2.32 V                      ; 2.19e-07 V                  ; 2.4 V              ; -0.039 V           ; 0.21 V                              ; 0.145 V                             ; 4.67e-10 s                 ; 4.63e-10 s                 ; No                        ; Yes                       ;
; ps2_dat  ; 2.5 V        ; 0 s                 ; 0 s                 ; 2.32 V                       ; 2.19e-07 V                   ; 2.4 V               ; -0.039 V            ; 0.21 V                               ; 0.145 V                              ; 4.67e-10 s                  ; 4.63e-10 s                  ; No                         ; Yes                        ; 2.32 V                      ; 2.19e-07 V                  ; 2.4 V              ; -0.039 V           ; 0.21 V                              ; 0.145 V                             ; 4.67e-10 s                 ; 4.63e-10 s                 ; No                        ; Yes                       ;
+----------+--------------+---------------------+---------------------+------------------------------+------------------------------+---------------------+---------------------+--------------------------------------+--------------------------------------+-----------------------------+-----------------------------+----------------------------+----------------------------+-----------------------------+-----------------------------+--------------------+--------------------+-------------------------------------+-------------------------------------+----------------------------+----------------------------+---------------------------+---------------------------+


+---------------------------------------------------------------------------------------------------------------------------------------------------------------------------------------------------------------------------------------------------------------------------------------------------------------------------------------------------------------------------------------------------------------------------------------------------------------------------------------------------------------------------------------------------------------------------------------------------------------------------------------------------------------------------------------+
; Signal Integrity Metrics (Slow 1100mv 85c Model)                                                                                                                                                                                                                                                                                                                                                                                                                                                                                                                                                                                                                                      ;
+----------+--------------+---------------------+---------------------+------------------------------+------------------------------+---------------------+---------------------+--------------------------------------+--------------------------------------+-----------------------------+-----------------------------+----------------------------+----------------------------+-----------------------------+-----------------------------+--------------------+--------------------+-------------------------------------+-------------------------------------+----------------------------+----------------------------+---------------------------+---------------------------+
; Pin      ; I/O Standard ; Board Delay on Rise ; Board Delay on Fall ; Steady State Voh at FPGA Pin ; Steady State Vol at FPGA Pin ; Voh Max at FPGA Pin ; Vol Min at FPGA Pin ; Ringback Voltage on Rise at FPGA Pin ; Ringback Voltage on Fall at FPGA Pin ; 10-90 Rise Time at FPGA Pin ; 90-10 Fall Time at FPGA Pin ; Monotonic Rise at FPGA Pin ; Monotonic Fall at FPGA Pin ; Steady State Voh at Far-end ; Steady State Vol at Far-end ; Voh Max at Far-end ; Vol Min at Far-end ; Ringback Voltage on Rise at Far-end ; Ringback Voltage on Fall at Far-end ; 10-90 Rise Time at Far-end ; 90-10 Fall Time at Far-end ; Monotonic Rise at Far-end ; Monotonic Fall at Far-end ;
+----------+--------------+---------------------+---------------------+------------------------------+------------------------------+---------------------+---------------------+--------------------------------------+--------------------------------------+-----------------------------+-----------------------------+----------------------------+----------------------------+-----------------------------+-----------------------------+--------------------+--------------------+-------------------------------------+-------------------------------------+----------------------------+----------------------------+---------------------------+---------------------------+
; hex0[0]  ; 2.5 V        ; 0 s                 ; 0 s                 ; 2.32 V                       ; 2.52e-05 V                   ; 2.38 V              ; -0.0315 V           ; 0.205 V                              ; 0.182 V                              ; 4.74e-10 s                  ; 4.85e-10 s                  ; No                         ; Yes                        ; 2.32 V                      ; 2.52e-05 V                  ; 2.38 V             ; -0.0315 V          ; 0.205 V                             ; 0.182 V                             ; 4.74e-10 s                 ; 4.85e-10 s                 ; No                        ; Yes                       ;
; hex0[1]  ; 2.5 V        ; 0 s                 ; 0 s                 ; 2.32 V                       ; 2.52e-05 V                   ; 2.38 V              ; -0.032 V            ; 0.204 V                              ; 0.181 V                              ; 4.74e-10 s                  ; 4.85e-10 s                  ; No                         ; Yes                        ; 2.32 V                      ; 2.52e-05 V                  ; 2.38 V             ; -0.032 V           ; 0.204 V                             ; 0.181 V                             ; 4.74e-10 s                 ; 4.85e-10 s                 ; No                        ; Yes                       ;
; hex0[2]  ; 2.5 V        ; 0 s                 ; 0 s                 ; 2.32 V                       ; 2.52e-05 V                   ; 2.38 V              ; -0.032 V            ; 0.204 V                              ; 0.181 V                              ; 4.74e-10 s                  ; 4.85e-10 s                  ; No                         ; Yes                        ; 2.32 V                      ; 2.52e-05 V                  ; 2.38 V             ; -0.032 V           ; 0.204 V                             ; 0.181 V                             ; 4.74e-10 s                 ; 4.85e-10 s                 ; No                        ; Yes                       ;
; hex0[3]  ; 2.5 V        ; 0 s                 ; 0 s                 ; 2.32 V                       ; 2.52e-05 V                   ; 2.38 V              ; -0.032 V            ; 0.204 V                              ; 0.181 V                              ; 4.74e-10 s                  ; 4.85e-10 s                  ; No                         ; Yes                        ; 2.32 V                      ; 2.52e-05 V                  ; 2.38 V             ; -0.032 V           ; 0.204 V                             ; 0.181 V                             ; 4.74e-10 s                 ; 4.85e-10 s                 ; No                        ; Yes                       ;
; hex0[4]  ; 2.5 V        ; 0 s                 ; 0 s                 ; 2.32 V                       ; 2.52e-05 V                   ; 2.38 V              ; -0.0315 V           ; 0.205 V                              ; 0.182 V                              ; 4.74e-10 s                  ; 4.85e-10 s                  ; No                         ; Yes                        ; 2.32 V                      ; 2.52e-05 V                  ; 2.38 V             ; -0.0315 V          ; 0.205 V                             ; 0.182 V                             ; 4.74e-10 s                 ; 4.85e-10 s                 ; No                        ; Yes                       ;
; hex0[5]  ; 2.5 V        ; 0 s                 ; 0 s                 ; 2.32 V                       ; 2.52e-05 V                   ; 2.38 V              ; -0.0315 V           ; 0.205 V                              ; 0.182 V                              ; 4.74e-10 s                  ; 4.85e-10 s                  ; No                         ; Yes                        ; 2.32 V                      ; 2.52e-05 V                  ; 2.38 V             ; -0.0315 V          ; 0.205 V                             ; 0.182 V                             ; 4.74e-10 s                 ; 4.85e-10 s                 ; No                        ; Yes                       ;
; hex0[6]  ; 2.5 V        ; 0 s                 ; 0 s                 ; 2.32 V                       ; 2.52e-05 V                   ; 2.38 V              ; -0.032 V            ; 0.204 V                              ; 0.181 V                              ; 4.74e-10 s                  ; 4.85e-10 s                  ; No                         ; Yes                        ; 2.32 V                      ; 2.52e-05 V                  ; 2.38 V             ; -0.032 V           ; 0.204 V                             ; 0.181 V                             ; 4.74e-10 s                 ; 4.85e-10 s                 ; No                        ; Yes                       ;
; hex1[0]  ; 2.5 V        ; 0 s                 ; 0 s                 ; 2.32 V                       ; 2.52e-05 V                   ; 2.38 V              ; -0.032 V            ; 0.204 V                              ; 0.181 V                              ; 4.74e-10 s                  ; 4.85e-10 s                  ; No                         ; Yes                        ; 2.32 V                      ; 2.52e-05 V                  ; 2.38 V             ; -0.032 V           ; 0.204 V                             ; 0.181 V                             ; 4.74e-10 s                 ; 4.85e-10 s                 ; No                        ; Yes                       ;
; hex1[1]  ; 2.5 V        ; 0 s                 ; 0 s                 ; 2.32 V                       ; 2.52e-05 V                   ; 2.38 V              ; -0.0315 V           ; 0.205 V                              ; 0.182 V                              ; 4.74e-10 s                  ; 4.85e-10 s                  ; No                         ; Yes                        ; 2.32 V                      ; 2.52e-05 V                  ; 2.38 V             ; -0.0315 V          ; 0.205 V                             ; 0.182 V                             ; 4.74e-10 s                 ; 4.85e-10 s                 ; No                        ; Yes                       ;
; hex1[2]  ; 2.5 V        ; 0 s                 ; 0 s                 ; 2.32 V                       ; 2.52e-05 V                   ; 2.38 V              ; -0.0315 V           ; 0.205 V                              ; 0.182 V                              ; 4.74e-10 s                  ; 4.85e-10 s                  ; No                         ; Yes                        ; 2.32 V                      ; 2.52e-05 V                  ; 2.38 V             ; -0.0315 V          ; 0.205 V                             ; 0.182 V                             ; 4.74e-10 s                 ; 4.85e-10 s                 ; No                        ; Yes                       ;
; hex1[3]  ; 2.5 V        ; 0 s                 ; 0 s                 ; 2.32 V                       ; 2.52e-05 V                   ; 2.38 V              ; -0.032 V            ; 0.204 V                              ; 0.181 V                              ; 4.74e-10 s                  ; 4.85e-10 s                  ; No                         ; Yes                        ; 2.32 V                      ; 2.52e-05 V                  ; 2.38 V             ; -0.032 V           ; 0.204 V                             ; 0.181 V                             ; 4.74e-10 s                 ; 4.85e-10 s                 ; No                        ; Yes                       ;
; hex1[4]  ; 2.5 V        ; 0 s                 ; 0 s                 ; 2.32 V                       ; 2.52e-05 V                   ; 2.38 V              ; -0.032 V            ; 0.204 V                              ; 0.181 V                              ; 4.74e-10 s                  ; 4.85e-10 s                  ; No                         ; Yes                        ; 2.32 V                      ; 2.52e-05 V                  ; 2.38 V             ; -0.032 V           ; 0.204 V                             ; 0.181 V                             ; 4.74e-10 s                 ; 4.85e-10 s                 ; No                        ; Yes                       ;
; hex1[5]  ; 2.5 V        ; 0 s                 ; 0 s                 ; 2.32 V                       ; 2.52e-05 V                   ; 2.38 V              ; -0.0315 V           ; 0.205 V                              ; 0.182 V                              ; 4.74e-10 s                  ; 4.85e-10 s                  ; No                         ; Yes                        ; 2.32 V                      ; 2.52e-05 V                  ; 2.38 V             ; -0.0315 V          ; 0.205 V                             ; 0.182 V                             ; 4.74e-10 s                 ; 4.85e-10 s                 ; No                        ; Yes                       ;
; hex1[6]  ; 2.5 V        ; 0 s                 ; 0 s                 ; 2.32 V                       ; 2.52e-05 V                   ; 2.38 V              ; -0.0315 V           ; 0.205 V                              ; 0.182 V                              ; 4.74e-10 s                  ; 4.85e-10 s                  ; No                         ; Yes                        ; 2.32 V                      ; 2.52e-05 V                  ; 2.38 V             ; -0.0315 V          ; 0.205 V                             ; 0.182 V                             ; 4.74e-10 s                 ; 4.85e-10 s                 ; No                        ; Yes                       ;
; hex2[0]  ; 2.5 V        ; 0 s                 ; 0 s                 ; 2.32 V                       ; 2.56e-05 V                   ; 2.38 V              ; -0.026 V            ; 0.249 V                              ; 0.089 V                              ; 4.95e-10 s                  ; 6.01e-10 s                  ; No                         ; Yes                        ; 2.32 V                      ; 2.56e-05 V                  ; 2.38 V             ; -0.026 V           ; 0.249 V                             ; 0.089 V                             ; 4.95e-10 s                 ; 6.01e-10 s                 ; No                        ; Yes                       ;
; hex2[1]  ; 2.5 V        ; 0 s                 ; 0 s                 ; 2.32 V                       ; 2.52e-05 V                   ; 2.38 V              ; -0.0315 V           ; 0.205 V                              ; 0.182 V                              ; 4.74e-10 s                  ; 4.85e-10 s                  ; No                         ; Yes                        ; 2.32 V                      ; 2.52e-05 V                  ; 2.38 V             ; -0.0315 V          ; 0.205 V                             ; 0.182 V                             ; 4.74e-10 s                 ; 4.85e-10 s                 ; No                        ; Yes                       ;
; hex2[2]  ; 2.5 V        ; 0 s                 ; 0 s                 ; 2.32 V                       ; 2.52e-05 V                   ; 2.38 V              ; -0.0315 V           ; 0.205 V                              ; 0.182 V                              ; 4.74e-10 s                  ; 4.85e-10 s                  ; No                         ; Yes                        ; 2.32 V                      ; 2.52e-05 V                  ; 2.38 V             ; -0.0315 V          ; 0.205 V                             ; 0.182 V                             ; 4.74e-10 s                 ; 4.85e-10 s                 ; No                        ; Yes                       ;
; hex2[3]  ; 2.5 V        ; 0 s                 ; 0 s                 ; 2.32 V                       ; 2.27e-05 V                   ; 2.34 V              ; -0.0089 V           ; 0.206 V                              ; 0.058 V                              ; 4.97e-10 s                  ; 5.13e-10 s                  ; Yes                        ; Yes                        ; 2.32 V                      ; 2.27e-05 V                  ; 2.34 V             ; -0.0089 V          ; 0.206 V                             ; 0.058 V                             ; 4.97e-10 s                 ; 5.13e-10 s                 ; Yes                       ; Yes                       ;
; hex2[4]  ; 2.5 V        ; 0 s                 ; 0 s                 ; 2.32 V                       ; 2.27e-05 V                   ; 2.34 V              ; -0.0089 V           ; 0.206 V                              ; 0.058 V                              ; 4.97e-10 s                  ; 5.13e-10 s                  ; Yes                        ; Yes                        ; 2.32 V                      ; 2.27e-05 V                  ; 2.34 V             ; -0.0089 V          ; 0.206 V                             ; 0.058 V                             ; 4.97e-10 s                 ; 5.13e-10 s                 ; Yes                       ; Yes                       ;
; hex2[5]  ; 2.5 V        ; 0 s                 ; 0 s                 ; 2.32 V                       ; 2.52e-05 V                   ; 2.38 V              ; -0.0315 V           ; 0.205 V                              ; 0.182 V                              ; 4.74e-10 s                  ; 4.85e-10 s                  ; No                         ; Yes                        ; 2.32 V                      ; 2.52e-05 V                  ; 2.38 V             ; -0.0315 V          ; 0.205 V                             ; 0.182 V                             ; 4.74e-10 s                 ; 4.85e-10 s                 ; No                        ; Yes                       ;
; hex2[6]  ; 2.5 V        ; 0 s                 ; 0 s                 ; 2.32 V                       ; 2.52e-05 V                   ; 2.38 V              ; -0.032 V            ; 0.204 V                              ; 0.181 V                              ; 4.74e-10 s                  ; 4.85e-10 s                  ; No                         ; Yes                        ; 2.32 V                      ; 2.52e-05 V                  ; 2.38 V             ; -0.032 V           ; 0.204 V                             ; 0.181 V                             ; 4.74e-10 s                 ; 4.85e-10 s                 ; No                        ; Yes                       ;
; hex3[0]  ; 2.5 V        ; 0 s                 ; 0 s                 ; 2.32 V                       ; 2.27e-05 V                   ; 2.34 V              ; -0.0089 V           ; 0.206 V                              ; 0.058 V                              ; 4.97e-10 s                  ; 5.13e-10 s                  ; Yes                        ; Yes                        ; 2.32 V                      ; 2.27e-05 V                  ; 2.34 V             ; -0.0089 V          ; 0.206 V                             ; 0.058 V                             ; 4.97e-10 s                 ; 5.13e-10 s                 ; Yes                       ; Yes                       ;
; hex3[1]  ; 2.5 V        ; 0 s                 ; 0 s                 ; 2.32 V                       ; 2.56e-05 V                   ; 2.38 V              ; -0.026 V            ; 0.249 V                              ; 0.089 V                              ; 4.95e-10 s                  ; 6.01e-10 s                  ; No                         ; Yes                        ; 2.32 V                      ; 2.56e-05 V                  ; 2.38 V             ; -0.026 V           ; 0.249 V                             ; 0.089 V                             ; 4.95e-10 s                 ; 6.01e-10 s                 ; No                        ; Yes                       ;
; hex3[2]  ; 2.5 V        ; 0 s                 ; 0 s                 ; 2.32 V                       ; 2.56e-05 V                   ; 2.38 V              ; -0.026 V            ; 0.249 V                              ; 0.089 V                              ; 4.95e-10 s                  ; 6.01e-10 s                  ; No                         ; Yes                        ; 2.32 V                      ; 2.56e-05 V                  ; 2.38 V             ; -0.026 V           ; 0.249 V                             ; 0.089 V                             ; 4.95e-10 s                 ; 6.01e-10 s                 ; No                        ; Yes                       ;
; hex3[3]  ; 2.5 V        ; 0 s                 ; 0 s                 ; 2.32 V                       ; 2.27e-05 V                   ; 2.34 V              ; -0.0089 V           ; 0.206 V                              ; 0.058 V                              ; 4.97e-10 s                  ; 5.13e-10 s                  ; Yes                        ; Yes                        ; 2.32 V                      ; 2.27e-05 V                  ; 2.34 V             ; -0.0089 V          ; 0.206 V                             ; 0.058 V                             ; 4.97e-10 s                 ; 5.13e-10 s                 ; Yes                       ; Yes                       ;
; hex3[4]  ; 2.5 V        ; 0 s                 ; 0 s                 ; 2.32 V                       ; 2.56e-05 V                   ; 2.38 V              ; -0.026 V            ; 0.249 V                              ; 0.089 V                              ; 4.95e-10 s                  ; 6.01e-10 s                  ; No                         ; Yes                        ; 2.32 V                      ; 2.56e-05 V                  ; 2.38 V             ; -0.026 V           ; 0.249 V                             ; 0.089 V                             ; 4.95e-10 s                 ; 6.01e-10 s                 ; No                        ; Yes                       ;
; hex3[5]  ; 2.5 V        ; 0 s                 ; 0 s                 ; 2.32 V                       ; 2.56e-05 V                   ; 2.38 V              ; -0.026 V            ; 0.249 V                              ; 0.089 V                              ; 4.95e-10 s                  ; 6.01e-10 s                  ; No                         ; Yes                        ; 2.32 V                      ; 2.56e-05 V                  ; 2.38 V             ; -0.026 V           ; 0.249 V                             ; 0.089 V                             ; 4.95e-10 s                 ; 6.01e-10 s                 ; No                        ; Yes                       ;
; hex3[6]  ; 2.5 V        ; 0 s                 ; 0 s                 ; 2.32 V                       ; 2.27e-05 V                   ; 2.34 V              ; -0.0089 V           ; 0.206 V                              ; 0.058 V                              ; 4.97e-10 s                  ; 5.13e-10 s                  ; Yes                        ; Yes                        ; 2.32 V                      ; 2.27e-05 V                  ; 2.34 V             ; -0.0089 V          ; 0.206 V                             ; 0.058 V                             ; 4.97e-10 s                 ; 5.13e-10 s                 ; Yes                       ; Yes                       ;
; hex4[0]  ; 2.5 V        ; 0 s                 ; 0 s                 ; 2.32 V                       ; 2.52e-05 V                   ; 2.38 V              ; -0.032 V            ; 0.204 V                              ; 0.181 V                              ; 4.74e-10 s                  ; 4.85e-10 s                  ; No                         ; Yes                        ; 2.32 V                      ; 2.52e-05 V                  ; 2.38 V             ; -0.032 V           ; 0.204 V                             ; 0.181 V                             ; 4.74e-10 s                 ; 4.85e-10 s                 ; No                        ; Yes                       ;
; hex4[1]  ; 2.5 V        ; 0 s                 ; 0 s                 ; 2.32 V                       ; 2.27e-05 V                   ; 2.34 V              ; -0.0089 V           ; 0.206 V                              ; 0.058 V                              ; 4.97e-10 s                  ; 5.13e-10 s                  ; Yes                        ; Yes                        ; 2.32 V                      ; 2.27e-05 V                  ; 2.34 V             ; -0.0089 V          ; 0.206 V                             ; 0.058 V                             ; 4.97e-10 s                 ; 5.13e-10 s                 ; Yes                       ; Yes                       ;
; hex4[2]  ; 2.5 V        ; 0 s                 ; 0 s                 ; 2.32 V                       ; 2.27e-05 V                   ; 2.34 V              ; -0.0089 V           ; 0.206 V                              ; 0.058 V                              ; 4.97e-10 s                  ; 5.13e-10 s                  ; Yes                        ; Yes                        ; 2.32 V                      ; 2.27e-05 V                  ; 2.34 V             ; -0.0089 V          ; 0.206 V                             ; 0.058 V                             ; 4.97e-10 s                 ; 5.13e-10 s                 ; Yes                       ; Yes                       ;
; hex4[3]  ; 2.5 V        ; 0 s                 ; 0 s                 ; 2.32 V                       ; 2.27e-05 V                   ; 2.34 V              ; -0.0089 V           ; 0.206 V                              ; 0.058 V                              ; 4.97e-10 s                  ; 5.13e-10 s                  ; Yes                        ; Yes                        ; 2.32 V                      ; 2.27e-05 V                  ; 2.34 V             ; -0.0089 V          ; 0.206 V                             ; 0.058 V                             ; 4.97e-10 s                 ; 5.13e-10 s                 ; Yes                       ; Yes                       ;
; hex4[4]  ; 2.5 V        ; 0 s                 ; 0 s                 ; 2.32 V                       ; 2.56e-05 V                   ; 2.38 V              ; -0.026 V            ; 0.249 V                              ; 0.089 V                              ; 4.95e-10 s                  ; 6.01e-10 s                  ; No                         ; Yes                        ; 2.32 V                      ; 2.56e-05 V                  ; 2.38 V             ; -0.026 V           ; 0.249 V                             ; 0.089 V                             ; 4.95e-10 s                 ; 6.01e-10 s                 ; No                        ; Yes                       ;
; hex4[5]  ; 2.5 V        ; 0 s                 ; 0 s                 ; 2.32 V                       ; 2.56e-05 V                   ; 2.38 V              ; -0.026 V            ; 0.249 V                              ; 0.089 V                              ; 4.95e-10 s                  ; 6.01e-10 s                  ; No                         ; Yes                        ; 2.32 V                      ; 2.56e-05 V                  ; 2.38 V             ; -0.026 V           ; 0.249 V                             ; 0.089 V                             ; 4.95e-10 s                 ; 6.01e-10 s                 ; No                        ; Yes                       ;
; hex4[6]  ; 2.5 V        ; 0 s                 ; 0 s                 ; 2.32 V                       ; 2.27e-05 V                   ; 2.34 V              ; -0.0089 V           ; 0.206 V                              ; 0.058 V                              ; 4.97e-10 s                  ; 5.13e-10 s                  ; Yes                        ; Yes                        ; 2.32 V                      ; 2.27e-05 V                  ; 2.34 V             ; -0.0089 V          ; 0.206 V                             ; 0.058 V                             ; 4.97e-10 s                 ; 5.13e-10 s                 ; Yes                       ; Yes                       ;
; hex5[0]  ; 2.5 V        ; 0 s                 ; 0 s                 ; 2.32 V                       ; 2.56e-05 V                   ; 2.38 V              ; -0.026 V            ; 0.249 V                              ; 0.089 V                              ; 4.95e-10 s                  ; 6.01e-10 s                  ; No                         ; Yes                        ; 2.32 V                      ; 2.56e-05 V                  ; 2.38 V             ; -0.026 V           ; 0.249 V                             ; 0.089 V                             ; 4.95e-10 s                 ; 6.01e-10 s                 ; No                        ; Yes                       ;
; hex5[1]  ; 2.5 V        ; 0 s                 ; 0 s                 ; 2.32 V                       ; 2.27e-05 V                   ; 2.34 V              ; -0.0089 V           ; 0.206 V                              ; 0.058 V                              ; 4.97e-10 s                  ; 5.13e-10 s                  ; Yes                        ; Yes                        ; 2.32 V                      ; 2.27e-05 V                  ; 2.34 V             ; -0.0089 V          ; 0.206 V                             ; 0.058 V                             ; 4.97e-10 s                 ; 5.13e-10 s                 ; Yes                       ; Yes                       ;
; hex5[2]  ; 2.5 V        ; 0 s                 ; 0 s                 ; 2.32 V                       ; 2.27e-05 V                   ; 2.34 V              ; -0.0089 V           ; 0.206 V                              ; 0.058 V                              ; 4.97e-10 s                  ; 5.13e-10 s                  ; Yes                        ; Yes                        ; 2.32 V                      ; 2.27e-05 V                  ; 2.34 V             ; -0.0089 V          ; 0.206 V                             ; 0.058 V                             ; 4.97e-10 s                 ; 5.13e-10 s                 ; Yes                       ; Yes                       ;
; hex5[3]  ; 2.5 V        ; 0 s                 ; 0 s                 ; 2.32 V                       ; 2.27e-05 V                   ; 2.34 V              ; -0.0089 V           ; 0.206 V                              ; 0.058 V                              ; 4.97e-10 s                  ; 5.13e-10 s                  ; Yes                        ; Yes                        ; 2.32 V                      ; 2.27e-05 V                  ; 2.34 V             ; -0.0089 V          ; 0.206 V                             ; 0.058 V                             ; 4.97e-10 s                 ; 5.13e-10 s                 ; Yes                       ; Yes                       ;
; hex5[4]  ; 2.5 V        ; 0 s                 ; 0 s                 ; 2.32 V                       ; 2.52e-05 V                   ; 2.38 V              ; -0.0315 V           ; 0.205 V                              ; 0.182 V                              ; 4.74e-10 s                  ; 4.85e-10 s                  ; No                         ; Yes                        ; 2.32 V                      ; 2.52e-05 V                  ; 2.38 V             ; -0.0315 V          ; 0.205 V                             ; 0.182 V                             ; 4.74e-10 s                 ; 4.85e-10 s                 ; No                        ; Yes                       ;
; hex5[5]  ; 2.5 V        ; 0 s                 ; 0 s                 ; 2.32 V                       ; 2.52e-05 V                   ; 2.38 V              ; -0.032 V            ; 0.204 V                              ; 0.181 V                              ; 4.74e-10 s                  ; 4.85e-10 s                  ; No                         ; Yes                        ; 2.32 V                      ; 2.52e-05 V                  ; 2.38 V             ; -0.032 V           ; 0.204 V                             ; 0.181 V                             ; 4.74e-10 s                 ; 4.85e-10 s                 ; No                        ; Yes                       ;
; hex5[6]  ; 2.5 V        ; 0 s                 ; 0 s                 ; 2.32 V                       ; 2.56e-05 V                   ; 2.38 V              ; -0.026 V            ; 0.249 V                              ; 0.089 V                              ; 4.95e-10 s                  ; 6.01e-10 s                  ; No                         ; Yes                        ; 2.32 V                      ; 2.56e-05 V                  ; 2.38 V             ; -0.026 V           ; 0.249 V                             ; 0.089 V                             ; 4.95e-10 s                 ; 6.01e-10 s                 ; No                        ; Yes                       ;
; led[0]   ; 2.5 V        ; 0 s                 ; 0 s                 ; 2.32 V                       ; 2.52e-05 V                   ; 2.38 V              ; -0.0315 V           ; 0.205 V                              ; 0.182 V                              ; 4.74e-10 s                  ; 4.85e-10 s                  ; No                         ; Yes                        ; 2.32 V                      ; 2.52e-05 V                  ; 2.38 V             ; -0.0315 V          ; 0.205 V                             ; 0.182 V                             ; 4.74e-10 s                 ; 4.85e-10 s                 ; No                        ; Yes                       ;
; led[1]   ; 2.5 V        ; 0 s                 ; 0 s                 ; 2.32 V                       ; 2.27e-05 V                   ; 2.34 V              ; -0.0089 V           ; 0.206 V                              ; 0.058 V                              ; 4.97e-10 s                  ; 5.13e-10 s                  ; Yes                        ; Yes                        ; 2.32 V                      ; 2.27e-05 V                  ; 2.34 V             ; -0.0089 V          ; 0.206 V                             ; 0.058 V                             ; 4.97e-10 s                 ; 5.13e-10 s                 ; Yes                       ; Yes                       ;
; led[2]   ; 2.5 V        ; 0 s                 ; 0 s                 ; 2.32 V                       ; 2.27e-05 V                   ; 2.34 V              ; -0.0089 V           ; 0.206 V                              ; 0.058 V                              ; 4.97e-10 s                  ; 5.13e-10 s                  ; Yes                        ; Yes                        ; 2.32 V                      ; 2.27e-05 V                  ; 2.34 V             ; -0.0089 V          ; 0.206 V                             ; 0.058 V                             ; 4.97e-10 s                 ; 5.13e-10 s                 ; Yes                       ; Yes                       ;
; led[3]   ; 2.5 V        ; 0 s                 ; 0 s                 ; 2.32 V                       ; 2.56e-05 V                   ; 2.38 V              ; -0.026 V            ; 0.249 V                              ; 0.089 V                              ; 4.95e-10 s                  ; 6.01e-10 s                  ; No                         ; Yes                        ; 2.32 V                      ; 2.56e-05 V                  ; 2.38 V             ; -0.026 V           ; 0.249 V                             ; 0.089 V                             ; 4.95e-10 s                 ; 6.01e-10 s                 ; No                        ; Yes                       ;
; led[4]   ; 2.5 V        ; 0 s                 ; 0 s                 ; 2.32 V                       ; 2.27e-05 V                   ; 2.34 V              ; -0.0089 V           ; 0.206 V                              ; 0.058 V                              ; 4.97e-10 s                  ; 5.13e-10 s                  ; Yes                        ; Yes                        ; 2.32 V                      ; 2.27e-05 V                  ; 2.34 V             ; -0.0089 V          ; 0.206 V                             ; 0.058 V                             ; 4.97e-10 s                 ; 5.13e-10 s                 ; Yes                       ; Yes                       ;
; led[5]   ; 2.5 V        ; 0 s                 ; 0 s                 ; 2.32 V                       ; 2.56e-05 V                   ; 2.38 V              ; -0.026 V            ; 0.249 V                              ; 0.089 V                              ; 4.95e-10 s                  ; 6.01e-10 s                  ; No                         ; Yes                        ; 2.32 V                      ; 2.56e-05 V                  ; 2.38 V             ; -0.026 V           ; 0.249 V                             ; 0.089 V                             ; 4.95e-10 s                 ; 6.01e-10 s                 ; No                        ; Yes                       ;
; led[6]   ; 2.5 V        ; 0 s                 ; 0 s                 ; 2.32 V                       ; 2.27e-05 V                   ; 2.34 V              ; -0.0089 V           ; 0.206 V                              ; 0.058 V                              ; 4.97e-10 s                  ; 5.13e-10 s                  ; Yes                        ; Yes                        ; 2.32 V                      ; 2.27e-05 V                  ; 2.34 V             ; -0.0089 V          ; 0.206 V                             ; 0.058 V                             ; 4.97e-10 s                 ; 5.13e-10 s                 ; Yes                       ; Yes                       ;
; led[7]   ; 2.5 V        ; 0 s                 ; 0 s                 ; 2.32 V                       ; 2.52e-05 V                   ; 2.38 V              ; -0.032 V            ; 0.204 V                              ; 0.181 V                              ; 4.74e-10 s                  ; 4.85e-10 s                  ; No                         ; Yes                        ; 2.32 V                      ; 2.52e-05 V                  ; 2.38 V             ; -0.032 V           ; 0.204 V                             ; 0.181 V                             ; 4.74e-10 s                 ; 4.85e-10 s                 ; No                        ; Yes                       ;
; led[8]   ; 2.5 V        ; 0 s                 ; 0 s                 ; 2.32 V                       ; 2.52e-05 V                   ; 2.38 V              ; -0.032 V            ; 0.204 V                              ; 0.181 V                              ; 4.74e-10 s                  ; 4.85e-10 s                  ; No                         ; Yes                        ; 2.32 V                      ; 2.52e-05 V                  ; 2.38 V             ; -0.032 V           ; 0.204 V                             ; 0.181 V                             ; 4.74e-10 s                 ; 4.85e-10 s                 ; No                        ; Yes                       ;
; led[9]   ; 2.5 V        ; 0 s                 ; 0 s                 ; 2.32 V                       ; 2.27e-05 V                   ; 2.34 V              ; -0.0089 V           ; 0.206 V                              ; 0.058 V                              ; 4.97e-10 s                  ; 5.13e-10 s                  ; Yes                        ; Yes                        ; 2.32 V                      ; 2.27e-05 V                  ; 2.34 V             ; -0.0089 V          ; 0.206 V                             ; 0.058 V                             ; 4.97e-10 s                 ; 5.13e-10 s                 ; Yes                       ; Yes                       ;
; vga_r[0] ; 2.5 V        ; 0 s                 ; 0 s                 ; 2.32 V                       ; 2.52e-05 V                   ; 2.38 V              ; -0.0315 V           ; 0.205 V                              ; 0.182 V                              ; 4.74e-10 s                  ; 4.85e-10 s                  ; No                         ; Yes                        ; 2.32 V                      ; 2.52e-05 V                  ; 2.38 V             ; -0.0315 V          ; 0.205 V                             ; 0.182 V                             ; 4.74e-10 s                 ; 4.85e-10 s                 ; No                        ; Yes                       ;
; vga_r[1] ; 2.5 V        ; 0 s                 ; 0 s                 ; 2.32 V                       ; 2.56e-05 V                   ; 2.38 V              ; -0.026 V            ; 0.249 V                              ; 0.089 V                              ; 4.95e-10 s                  ; 6.01e-10 s                  ; No                         ; Yes                        ; 2.32 V                      ; 2.56e-05 V                  ; 2.38 V             ; -0.026 V           ; 0.249 V                             ; 0.089 V                             ; 4.95e-10 s                 ; 6.01e-10 s                 ; No                        ; Yes                       ;
; vga_r[2] ; 2.5 V        ; 0 s                 ; 0 s                 ; 2.32 V                       ; 2.27e-05 V                   ; 2.34 V              ; -0.0089 V           ; 0.206 V                              ; 0.058 V                              ; 4.97e-10 s                  ; 5.13e-10 s                  ; Yes                        ; Yes                        ; 2.32 V                      ; 2.27e-05 V                  ; 2.34 V             ; -0.0089 V          ; 0.206 V                             ; 0.058 V                             ; 4.97e-10 s                 ; 5.13e-10 s                 ; Yes                       ; Yes                       ;
; vga_r[3] ; 2.5 V        ; 0 s                 ; 0 s                 ; 2.32 V                       ; 2.52e-05 V                   ; 2.38 V              ; -0.032 V            ; 0.204 V                              ; 0.181 V                              ; 4.74e-10 s                  ; 4.85e-10 s                  ; No                         ; Yes                        ; 2.32 V                      ; 2.52e-05 V                  ; 2.38 V             ; -0.032 V           ; 0.204 V                             ; 0.181 V                             ; 4.74e-10 s                 ; 4.85e-10 s                 ; No                        ; Yes                       ;
; vga_g[0] ; 2.5 V        ; 0 s                 ; 0 s                 ; 2.32 V                       ; 2.52e-05 V                   ; 2.38 V              ; -0.032 V            ; 0.204 V                              ; 0.181 V                              ; 4.74e-10 s                  ; 4.85e-10 s                  ; No                         ; Yes                        ; 2.32 V                      ; 2.52e-05 V                  ; 2.38 V             ; -0.032 V           ; 0.204 V                             ; 0.181 V                             ; 4.74e-10 s                 ; 4.85e-10 s                 ; No                        ; Yes                       ;
; vga_g[1] ; 2.5 V        ; 0 s                 ; 0 s                 ; 2.32 V                       ; 2.52e-05 V                   ; 2.38 V              ; -0.0315 V           ; 0.205 V                              ; 0.182 V                              ; 4.74e-10 s                  ; 4.85e-10 s                  ; No                         ; Yes                        ; 2.32 V                      ; 2.52e-05 V                  ; 2.38 V             ; -0.0315 V          ; 0.205 V                             ; 0.182 V                             ; 4.74e-10 s                 ; 4.85e-10 s                 ; No                        ; Yes                       ;
; vga_g[2] ; 2.5 V        ; 0 s                 ; 0 s                 ; 2.32 V                       ; 2.56e-05 V                   ; 2.38 V              ; -0.026 V            ; 0.249 V                              ; 0.089 V                              ; 4.95e-10 s                  ; 6.01e-10 s                  ; No                         ; Yes                        ; 2.32 V                      ; 2.56e-05 V                  ; 2.38 V             ; -0.026 V           ; 0.249 V                             ; 0.089 V                             ; 4.95e-10 s                 ; 6.01e-10 s                 ; No                        ; Yes                       ;
; vga_g[3] ; 2.5 V        ; 0 s                 ; 0 s                 ; 2.32 V                       ; 2.27e-05 V                   ; 2.34 V              ; -0.0089 V           ; 0.206 V                              ; 0.058 V                              ; 4.97e-10 s                  ; 5.13e-10 s                  ; Yes                        ; Yes                        ; 2.32 V                      ; 2.27e-05 V                  ; 2.34 V             ; -0.0089 V          ; 0.206 V                             ; 0.058 V                             ; 4.97e-10 s                 ; 5.13e-10 s                 ; Yes                       ; Yes                       ;
; vga_b[0] ; 2.5 V        ; 0 s                 ; 0 s                 ; 2.32 V                       ; 2.52e-05 V                   ; 2.38 V              ; -0.032 V            ; 0.204 V                              ; 0.181 V                              ; 4.74e-10 s                  ; 4.85e-10 s                  ; No                         ; Yes                        ; 2.32 V                      ; 2.52e-05 V                  ; 2.38 V             ; -0.032 V           ; 0.204 V                             ; 0.181 V                             ; 4.74e-10 s                 ; 4.85e-10 s                 ; No                        ; Yes                       ;
; vga_b[1] ; 2.5 V        ; 0 s                 ; 0 s                 ; 2.32 V                       ; 2.52e-05 V                   ; 2.38 V              ; -0.0315 V           ; 0.205 V                              ; 0.182 V                              ; 4.74e-10 s                  ; 4.85e-10 s                  ; No                         ; Yes                        ; 2.32 V                      ; 2.52e-05 V                  ; 2.38 V             ; -0.0315 V          ; 0.205 V                             ; 0.182 V                             ; 4.74e-10 s                 ; 4.85e-10 s                 ; No                        ; Yes                       ;
; vga_b[2] ; 2.5 V        ; 0 s                 ; 0 s                 ; 2.32 V                       ; 2.56e-05 V                   ; 2.38 V              ; -0.026 V            ; 0.249 V                              ; 0.089 V                              ; 4.95e-10 s                  ; 6.01e-10 s                  ; No                         ; Yes                        ; 2.32 V                      ; 2.56e-05 V                  ; 2.38 V             ; -0.026 V           ; 0.249 V                             ; 0.089 V                             ; 4.95e-10 s                 ; 6.01e-10 s                 ; No                        ; Yes                       ;
; vga_b[3] ; 2.5 V        ; 0 s                 ; 0 s                 ; 2.32 V                       ; 2.27e-05 V                   ; 2.34 V              ; -0.0089 V           ; 0.206 V                              ; 0.058 V                              ; 4.97e-10 s                  ; 5.13e-10 s                  ; Yes                        ; Yes                        ; 2.32 V                      ; 2.27e-05 V                  ; 2.34 V             ; -0.0089 V          ; 0.206 V                             ; 0.058 V                             ; 4.97e-10 s                 ; 5.13e-10 s                 ; Yes                       ; Yes                       ;
; vga_hs   ; 2.5 V        ; 0 s                 ; 0 s                 ; 2.32 V                       ; 2.52e-05 V                   ; 2.38 V              ; -0.032 V            ; 0.204 V                              ; 0.181 V                              ; 4.74e-10 s                  ; 4.85e-10 s                  ; No                         ; Yes                        ; 2.32 V                      ; 2.52e-05 V                  ; 2.38 V             ; -0.032 V           ; 0.204 V                             ; 0.181 V                             ; 4.74e-10 s                 ; 4.85e-10 s                 ; No                        ; Yes                       ;
; vga_vs   ; 2.5 V        ; 0 s                 ; 0 s                 ; 2.32 V                       ; 2.52e-05 V                   ; 2.38 V              ; -0.0315 V           ; 0.205 V                              ; 0.182 V                              ; 4.74e-10 s                  ; 4.85e-10 s                  ; No                         ; Yes                        ; 2.32 V                      ; 2.52e-05 V                  ; 2.38 V             ; -0.0315 V          ; 0.205 V                             ; 0.182 V                             ; 4.74e-10 s                 ; 4.85e-10 s                 ; No                        ; Yes                       ;
; ps2_clk  ; 2.5 V        ; 0 s                 ; 0 s                 ; 2.32 V                       ; 2.56e-05 V                   ; 2.38 V              ; -0.026 V            ; 0.249 V                              ; 0.089 V                              ; 4.95e-10 s                  ; 6.01e-10 s                  ; No                         ; Yes                        ; 2.32 V                      ; 2.56e-05 V                  ; 2.38 V             ; -0.026 V           ; 0.249 V                             ; 0.089 V                             ; 4.95e-10 s                 ; 6.01e-10 s                 ; No                        ; Yes                       ;
; ps2_dat  ; 2.5 V        ; 0 s                 ; 0 s                 ; 2.32 V                       ; 2.56e-05 V                   ; 2.38 V              ; -0.026 V            ; 0.249 V                              ; 0.089 V                              ; 4.95e-10 s                  ; 6.01e-10 s                  ; No                         ; Yes                        ; 2.32 V                      ; 2.56e-05 V                  ; 2.38 V             ; -0.026 V           ; 0.249 V                             ; 0.089 V                             ; 4.95e-10 s                 ; 6.01e-10 s                 ; No                        ; Yes                       ;
+----------+--------------+---------------------+---------------------+------------------------------+------------------------------+---------------------+---------------------+--------------------------------------+--------------------------------------+-----------------------------+-----------------------------+----------------------------+----------------------------+-----------------------------+-----------------------------+--------------------+--------------------+-------------------------------------+-------------------------------------+----------------------------+----------------------------+---------------------------+---------------------------+


+---------------------------------------------------------------------------------------------------------------------------------------------------------------------------------------------------------------------------------------------------------------------------------------------------------------------------------------------------------------------------------------------------------------------------------------------------------------------------------------------------------------------------------------------------------------------------------------------------------------------------------------------------------------------------------------+
; Signal Integrity Metrics (Fast 1100mv 0c Model)                                                                                                                                                                                                                                                                                                                                                                                                                                                                                                                                                                                                                                       ;
+----------+--------------+---------------------+---------------------+------------------------------+------------------------------+---------------------+---------------------+--------------------------------------+--------------------------------------+-----------------------------+-----------------------------+----------------------------+----------------------------+-----------------------------+-----------------------------+--------------------+--------------------+-------------------------------------+-------------------------------------+----------------------------+----------------------------+---------------------------+---------------------------+
; Pin      ; I/O Standard ; Board Delay on Rise ; Board Delay on Fall ; Steady State Voh at FPGA Pin ; Steady State Vol at FPGA Pin ; Voh Max at FPGA Pin ; Vol Min at FPGA Pin ; Ringback Voltage on Rise at FPGA Pin ; Ringback Voltage on Fall at FPGA Pin ; 10-90 Rise Time at FPGA Pin ; 90-10 Fall Time at FPGA Pin ; Monotonic Rise at FPGA Pin ; Monotonic Fall at FPGA Pin ; Steady State Voh at Far-end ; Steady State Vol at Far-end ; Voh Max at Far-end ; Vol Min at Far-end ; Ringback Voltage on Rise at Far-end ; Ringback Voltage on Fall at Far-end ; 10-90 Rise Time at Far-end ; 90-10 Fall Time at Far-end ; Monotonic Rise at Far-end ; Monotonic Fall at Far-end ;
+----------+--------------+---------------------+---------------------+------------------------------+------------------------------+---------------------+---------------------+--------------------------------------+--------------------------------------+-----------------------------+-----------------------------+----------------------------+----------------------------+-----------------------------+-----------------------------+--------------------+--------------------+-------------------------------------+-------------------------------------+----------------------------+----------------------------+---------------------------+---------------------------+
; hex0[0]  ; 2.5 V        ; 0 s                 ; 0 s                 ; 2.75 V                       ; 4.14e-06 V                   ; 2.91 V              ; -0.121 V            ; 0.326 V                              ; 0.297 V                              ; 2.74e-10 s                  ; 2.8e-10 s                   ; No                         ; No                         ; 2.75 V                      ; 4.14e-06 V                  ; 2.91 V             ; -0.121 V           ; 0.326 V                             ; 0.297 V                             ; 2.74e-10 s                 ; 2.8e-10 s                  ; No                        ; No                        ;
; hex0[1]  ; 2.5 V        ; 0 s                 ; 0 s                 ; 2.75 V                       ; 4.14e-06 V                   ; 2.91 V              ; -0.119 V            ; 0.326 V                              ; 0.298 V                              ; 2.74e-10 s                  ; 2.8e-10 s                   ; No                         ; No                         ; 2.75 V                      ; 4.14e-06 V                  ; 2.91 V             ; -0.119 V           ; 0.326 V                             ; 0.298 V                             ; 2.74e-10 s                 ; 2.8e-10 s                  ; No                        ; No                        ;
; hex0[2]  ; 2.5 V        ; 0 s                 ; 0 s                 ; 2.75 V                       ; 4.14e-06 V                   ; 2.91 V              ; -0.119 V            ; 0.326 V                              ; 0.298 V                              ; 2.74e-10 s                  ; 2.8e-10 s                   ; No                         ; No                         ; 2.75 V                      ; 4.14e-06 V                  ; 2.91 V             ; -0.119 V           ; 0.326 V                             ; 0.298 V                             ; 2.74e-10 s                 ; 2.8e-10 s                  ; No                        ; No                        ;
; hex0[3]  ; 2.5 V        ; 0 s                 ; 0 s                 ; 2.75 V                       ; 4.14e-06 V                   ; 2.91 V              ; -0.119 V            ; 0.326 V                              ; 0.298 V                              ; 2.74e-10 s                  ; 2.8e-10 s                   ; No                         ; No                         ; 2.75 V                      ; 4.14e-06 V                  ; 2.91 V             ; -0.119 V           ; 0.326 V                             ; 0.298 V                             ; 2.74e-10 s                 ; 2.8e-10 s                  ; No                        ; No                        ;
; hex0[4]  ; 2.5 V        ; 0 s                 ; 0 s                 ; 2.75 V                       ; 4.14e-06 V                   ; 2.91 V              ; -0.121 V            ; 0.326 V                              ; 0.297 V                              ; 2.74e-10 s                  ; 2.8e-10 s                   ; No                         ; No                         ; 2.75 V                      ; 4.14e-06 V                  ; 2.91 V             ; -0.121 V           ; 0.326 V                             ; 0.297 V                             ; 2.74e-10 s                 ; 2.8e-10 s                  ; No                        ; No                        ;
; hex0[5]  ; 2.5 V        ; 0 s                 ; 0 s                 ; 2.75 V                       ; 4.14e-06 V                   ; 2.91 V              ; -0.121 V            ; 0.326 V                              ; 0.297 V                              ; 2.74e-10 s                  ; 2.8e-10 s                   ; No                         ; No                         ; 2.75 V                      ; 4.14e-06 V                  ; 2.91 V             ; -0.121 V           ; 0.326 V                             ; 0.297 V                             ; 2.74e-10 s                 ; 2.8e-10 s                  ; No                        ; No                        ;
; hex0[6]  ; 2.5 V        ; 0 s                 ; 0 s                 ; 2.75 V                       ; 4.14e-06 V                   ; 2.91 V              ; -0.119 V            ; 0.326 V                              ; 0.298 V                              ; 2.74e-10 s                  ; 2.8e-10 s                   ; No                         ; No                         ; 2.75 V                      ; 4.14e-06 V                  ; 2.91 V             ; -0.119 V           ; 0.326 V                             ; 0.298 V                             ; 2.74e-10 s                 ; 2.8e-10 s                  ; No                        ; No                        ;
; hex1[0]  ; 2.5 V        ; 0 s                 ; 0 s                 ; 2.75 V                       ; 4.14e-06 V                   ; 2.91 V              ; -0.119 V            ; 0.326 V                              ; 0.298 V                              ; 2.74e-10 s                  ; 2.8e-10 s                   ; No                         ; No                         ; 2.75 V                      ; 4.14e-06 V                  ; 2.91 V             ; -0.119 V           ; 0.326 V                             ; 0.298 V                             ; 2.74e-10 s                 ; 2.8e-10 s                  ; No                        ; No                        ;
; hex1[1]  ; 2.5 V        ; 0 s                 ; 0 s                 ; 2.75 V                       ; 4.14e-06 V                   ; 2.91 V              ; -0.121 V            ; 0.326 V                              ; 0.297 V                              ; 2.74e-10 s                  ; 2.8e-10 s                   ; No                         ; No                         ; 2.75 V                      ; 4.14e-06 V                  ; 2.91 V             ; -0.121 V           ; 0.326 V                             ; 0.297 V                             ; 2.74e-10 s                 ; 2.8e-10 s                  ; No                        ; No                        ;
; hex1[2]  ; 2.5 V        ; 0 s                 ; 0 s                 ; 2.75 V                       ; 4.14e-06 V                   ; 2.91 V              ; -0.121 V            ; 0.326 V                              ; 0.297 V                              ; 2.74e-10 s                  ; 2.8e-10 s                   ; No                         ; No                         ; 2.75 V                      ; 4.14e-06 V                  ; 2.91 V             ; -0.121 V           ; 0.326 V                             ; 0.297 V                             ; 2.74e-10 s                 ; 2.8e-10 s                  ; No                        ; No                        ;
; hex1[3]  ; 2.5 V        ; 0 s                 ; 0 s                 ; 2.75 V                       ; 4.14e-06 V                   ; 2.91 V              ; -0.119 V            ; 0.326 V                              ; 0.298 V                              ; 2.74e-10 s                  ; 2.8e-10 s                   ; No                         ; No                         ; 2.75 V                      ; 4.14e-06 V                  ; 2.91 V             ; -0.119 V           ; 0.326 V                             ; 0.298 V                             ; 2.74e-10 s                 ; 2.8e-10 s                  ; No                        ; No                        ;
; hex1[4]  ; 2.5 V        ; 0 s                 ; 0 s                 ; 2.75 V                       ; 4.14e-06 V                   ; 2.91 V              ; -0.119 V            ; 0.326 V                              ; 0.298 V                              ; 2.74e-10 s                  ; 2.8e-10 s                   ; No                         ; No                         ; 2.75 V                      ; 4.14e-06 V                  ; 2.91 V             ; -0.119 V           ; 0.326 V                             ; 0.298 V                             ; 2.74e-10 s                 ; 2.8e-10 s                  ; No                        ; No                        ;
; hex1[5]  ; 2.5 V        ; 0 s                 ; 0 s                 ; 2.75 V                       ; 4.14e-06 V                   ; 2.91 V              ; -0.121 V            ; 0.326 V                              ; 0.297 V                              ; 2.74e-10 s                  ; 2.8e-10 s                   ; No                         ; No                         ; 2.75 V                      ; 4.14e-06 V                  ; 2.91 V             ; -0.121 V           ; 0.326 V                             ; 0.297 V                             ; 2.74e-10 s                 ; 2.8e-10 s                  ; No                        ; No                        ;
; hex1[6]  ; 2.5 V        ; 0 s                 ; 0 s                 ; 2.75 V                       ; 4.14e-06 V                   ; 2.91 V              ; -0.121 V            ; 0.326 V                              ; 0.297 V                              ; 2.74e-10 s                  ; 2.8e-10 s                   ; No                         ; No                         ; 2.75 V                      ; 4.14e-06 V                  ; 2.91 V             ; -0.121 V           ; 0.326 V                             ; 0.297 V                             ; 2.74e-10 s                 ; 2.8e-10 s                  ; No                        ; No                        ;
; hex2[0]  ; 2.5 V        ; 0 s                 ; 0 s                 ; 2.75 V                       ; 4.25e-06 V                   ; 2.9 V               ; -0.107 V            ; 0.378 V                              ; 0.16 V                               ; 2.87e-10 s                  ; 4.28e-10 s                  ; No                         ; No                         ; 2.75 V                      ; 4.25e-06 V                  ; 2.9 V              ; -0.107 V           ; 0.378 V                             ; 0.16 V                              ; 2.87e-10 s                 ; 4.28e-10 s                 ; No                        ; No                        ;
; hex2[1]  ; 2.5 V        ; 0 s                 ; 0 s                 ; 2.75 V                       ; 4.14e-06 V                   ; 2.91 V              ; -0.121 V            ; 0.326 V                              ; 0.297 V                              ; 2.74e-10 s                  ; 2.8e-10 s                   ; No                         ; No                         ; 2.75 V                      ; 4.14e-06 V                  ; 2.91 V             ; -0.121 V           ; 0.326 V                             ; 0.297 V                             ; 2.74e-10 s                 ; 2.8e-10 s                  ; No                        ; No                        ;
; hex2[2]  ; 2.5 V        ; 0 s                 ; 0 s                 ; 2.75 V                       ; 4.14e-06 V                   ; 2.91 V              ; -0.121 V            ; 0.326 V                              ; 0.297 V                              ; 2.74e-10 s                  ; 2.8e-10 s                   ; No                         ; No                         ; 2.75 V                      ; 4.14e-06 V                  ; 2.91 V             ; -0.121 V           ; 0.326 V                             ; 0.297 V                             ; 2.74e-10 s                 ; 2.8e-10 s                  ; No                        ; No                        ;
; hex2[3]  ; 2.5 V        ; 0 s                 ; 0 s                 ; 2.75 V                       ; 3.54e-06 V                   ; 2.81 V              ; -0.0578 V           ; 0.303 V                              ; 0.28 V                               ; 2.93e-10 s                  ; 3.01e-10 s                  ; No                         ; No                         ; 2.75 V                      ; 3.54e-06 V                  ; 2.81 V             ; -0.0578 V          ; 0.303 V                             ; 0.28 V                              ; 2.93e-10 s                 ; 3.01e-10 s                 ; No                        ; No                        ;
; hex2[4]  ; 2.5 V        ; 0 s                 ; 0 s                 ; 2.75 V                       ; 3.54e-06 V                   ; 2.81 V              ; -0.0578 V           ; 0.303 V                              ; 0.28 V                               ; 2.93e-10 s                  ; 3.01e-10 s                  ; No                         ; No                         ; 2.75 V                      ; 3.54e-06 V                  ; 2.81 V             ; -0.0578 V          ; 0.303 V                             ; 0.28 V                              ; 2.93e-10 s                 ; 3.01e-10 s                 ; No                        ; No                        ;
; hex2[5]  ; 2.5 V        ; 0 s                 ; 0 s                 ; 2.75 V                       ; 4.14e-06 V                   ; 2.91 V              ; -0.121 V            ; 0.326 V                              ; 0.297 V                              ; 2.74e-10 s                  ; 2.8e-10 s                   ; No                         ; No                         ; 2.75 V                      ; 4.14e-06 V                  ; 2.91 V             ; -0.121 V           ; 0.326 V                             ; 0.297 V                             ; 2.74e-10 s                 ; 2.8e-10 s                  ; No                        ; No                        ;
; hex2[6]  ; 2.5 V        ; 0 s                 ; 0 s                 ; 2.75 V                       ; 4.14e-06 V                   ; 2.91 V              ; -0.119 V            ; 0.326 V                              ; 0.298 V                              ; 2.74e-10 s                  ; 2.8e-10 s                   ; No                         ; No                         ; 2.75 V                      ; 4.14e-06 V                  ; 2.91 V             ; -0.119 V           ; 0.326 V                             ; 0.298 V                             ; 2.74e-10 s                 ; 2.8e-10 s                  ; No                        ; No                        ;
; hex3[0]  ; 2.5 V        ; 0 s                 ; 0 s                 ; 2.75 V                       ; 3.54e-06 V                   ; 2.81 V              ; -0.0578 V           ; 0.303 V                              ; 0.28 V                               ; 2.93e-10 s                  ; 3.01e-10 s                  ; No                         ; No                         ; 2.75 V                      ; 3.54e-06 V                  ; 2.81 V             ; -0.0578 V          ; 0.303 V                             ; 0.28 V                              ; 2.93e-10 s                 ; 3.01e-10 s                 ; No                        ; No                        ;
; hex3[1]  ; 2.5 V        ; 0 s                 ; 0 s                 ; 2.75 V                       ; 4.25e-06 V                   ; 2.9 V               ; -0.107 V            ; 0.378 V                              ; 0.16 V                               ; 2.87e-10 s                  ; 4.28e-10 s                  ; No                         ; No                         ; 2.75 V                      ; 4.25e-06 V                  ; 2.9 V              ; -0.107 V           ; 0.378 V                             ; 0.16 V                              ; 2.87e-10 s                 ; 4.28e-10 s                 ; No                        ; No                        ;
; hex3[2]  ; 2.5 V        ; 0 s                 ; 0 s                 ; 2.75 V                       ; 4.25e-06 V                   ; 2.9 V               ; -0.107 V            ; 0.378 V                              ; 0.16 V                               ; 2.87e-10 s                  ; 4.28e-10 s                  ; No                         ; No                         ; 2.75 V                      ; 4.25e-06 V                  ; 2.9 V              ; -0.107 V           ; 0.378 V                             ; 0.16 V                              ; 2.87e-10 s                 ; 4.28e-10 s                 ; No                        ; No                        ;
; hex3[3]  ; 2.5 V        ; 0 s                 ; 0 s                 ; 2.75 V                       ; 3.54e-06 V                   ; 2.81 V              ; -0.0578 V           ; 0.303 V                              ; 0.28 V                               ; 2.93e-10 s                  ; 3.01e-10 s                  ; No                         ; No                         ; 2.75 V                      ; 3.54e-06 V                  ; 2.81 V             ; -0.0578 V          ; 0.303 V                             ; 0.28 V                              ; 2.93e-10 s                 ; 3.01e-10 s                 ; No                        ; No                        ;
; hex3[4]  ; 2.5 V        ; 0 s                 ; 0 s                 ; 2.75 V                       ; 4.25e-06 V                   ; 2.9 V               ; -0.107 V            ; 0.378 V                              ; 0.16 V                               ; 2.87e-10 s                  ; 4.28e-10 s                  ; No                         ; No                         ; 2.75 V                      ; 4.25e-06 V                  ; 2.9 V              ; -0.107 V           ; 0.378 V                             ; 0.16 V                              ; 2.87e-10 s                 ; 4.28e-10 s                 ; No                        ; No                        ;
; hex3[5]  ; 2.5 V        ; 0 s                 ; 0 s                 ; 2.75 V                       ; 4.25e-06 V                   ; 2.9 V               ; -0.107 V            ; 0.378 V                              ; 0.16 V                               ; 2.87e-10 s                  ; 4.28e-10 s                  ; No                         ; No                         ; 2.75 V                      ; 4.25e-06 V                  ; 2.9 V              ; -0.107 V           ; 0.378 V                             ; 0.16 V                              ; 2.87e-10 s                 ; 4.28e-10 s                 ; No                        ; No                        ;
; hex3[6]  ; 2.5 V        ; 0 s                 ; 0 s                 ; 2.75 V                       ; 3.54e-06 V                   ; 2.81 V              ; -0.0578 V           ; 0.303 V                              ; 0.28 V                               ; 2.93e-10 s                  ; 3.01e-10 s                  ; No                         ; No                         ; 2.75 V                      ; 3.54e-06 V                  ; 2.81 V             ; -0.0578 V          ; 0.303 V                             ; 0.28 V                              ; 2.93e-10 s                 ; 3.01e-10 s                 ; No                        ; No                        ;
; hex4[0]  ; 2.5 V        ; 0 s                 ; 0 s                 ; 2.75 V                       ; 4.14e-06 V                   ; 2.91 V              ; -0.119 V            ; 0.326 V                              ; 0.298 V                              ; 2.74e-10 s                  ; 2.8e-10 s                   ; No                         ; No                         ; 2.75 V                      ; 4.14e-06 V                  ; 2.91 V             ; -0.119 V           ; 0.326 V                             ; 0.298 V                             ; 2.74e-10 s                 ; 2.8e-10 s                  ; No                        ; No                        ;
; hex4[1]  ; 2.5 V        ; 0 s                 ; 0 s                 ; 2.75 V                       ; 3.54e-06 V                   ; 2.81 V              ; -0.0578 V           ; 0.303 V                              ; 0.28 V                               ; 2.93e-10 s                  ; 3.01e-10 s                  ; No                         ; No                         ; 2.75 V                      ; 3.54e-06 V                  ; 2.81 V             ; -0.0578 V          ; 0.303 V                             ; 0.28 V                              ; 2.93e-10 s                 ; 3.01e-10 s                 ; No                        ; No                        ;
; hex4[2]  ; 2.5 V        ; 0 s                 ; 0 s                 ; 2.75 V                       ; 3.54e-06 V                   ; 2.81 V              ; -0.0578 V           ; 0.303 V                              ; 0.28 V                               ; 2.93e-10 s                  ; 3.01e-10 s                  ; No                         ; No                         ; 2.75 V                      ; 3.54e-06 V                  ; 2.81 V             ; -0.0578 V          ; 0.303 V                             ; 0.28 V                              ; 2.93e-10 s                 ; 3.01e-10 s                 ; No                        ; No                        ;
; hex4[3]  ; 2.5 V        ; 0 s                 ; 0 s                 ; 2.75 V                       ; 3.54e-06 V                   ; 2.81 V              ; -0.0578 V           ; 0.303 V                              ; 0.28 V                               ; 2.93e-10 s                  ; 3.01e-10 s                  ; No                         ; No                         ; 2.75 V                      ; 3.54e-06 V                  ; 2.81 V             ; -0.0578 V          ; 0.303 V                             ; 0.28 V                              ; 2.93e-10 s                 ; 3.01e-10 s                 ; No                        ; No                        ;
; hex4[4]  ; 2.5 V        ; 0 s                 ; 0 s                 ; 2.75 V                       ; 4.25e-06 V                   ; 2.9 V               ; -0.107 V            ; 0.378 V                              ; 0.16 V                               ; 2.87e-10 s                  ; 4.28e-10 s                  ; No                         ; No                         ; 2.75 V                      ; 4.25e-06 V                  ; 2.9 V              ; -0.107 V           ; 0.378 V                             ; 0.16 V                              ; 2.87e-10 s                 ; 4.28e-10 s                 ; No                        ; No                        ;
; hex4[5]  ; 2.5 V        ; 0 s                 ; 0 s                 ; 2.75 V                       ; 4.25e-06 V                   ; 2.9 V               ; -0.107 V            ; 0.378 V                              ; 0.16 V                               ; 2.87e-10 s                  ; 4.28e-10 s                  ; No                         ; No                         ; 2.75 V                      ; 4.25e-06 V                  ; 2.9 V              ; -0.107 V           ; 0.378 V                             ; 0.16 V                              ; 2.87e-10 s                 ; 4.28e-10 s                 ; No                        ; No                        ;
; hex4[6]  ; 2.5 V        ; 0 s                 ; 0 s                 ; 2.75 V                       ; 3.54e-06 V                   ; 2.81 V              ; -0.0578 V           ; 0.303 V                              ; 0.28 V                               ; 2.93e-10 s                  ; 3.01e-10 s                  ; No                         ; No                         ; 2.75 V                      ; 3.54e-06 V                  ; 2.81 V             ; -0.0578 V          ; 0.303 V                             ; 0.28 V                              ; 2.93e-10 s                 ; 3.01e-10 s                 ; No                        ; No                        ;
; hex5[0]  ; 2.5 V        ; 0 s                 ; 0 s                 ; 2.75 V                       ; 4.25e-06 V                   ; 2.9 V               ; -0.107 V            ; 0.378 V                              ; 0.16 V                               ; 2.87e-10 s                  ; 4.28e-10 s                  ; No                         ; No                         ; 2.75 V                      ; 4.25e-06 V                  ; 2.9 V              ; -0.107 V           ; 0.378 V                             ; 0.16 V                              ; 2.87e-10 s                 ; 4.28e-10 s                 ; No                        ; No                        ;
; hex5[1]  ; 2.5 V        ; 0 s                 ; 0 s                 ; 2.75 V                       ; 3.54e-06 V                   ; 2.81 V              ; -0.0578 V           ; 0.303 V                              ; 0.28 V                               ; 2.93e-10 s                  ; 3.01e-10 s                  ; No                         ; No                         ; 2.75 V                      ; 3.54e-06 V                  ; 2.81 V             ; -0.0578 V          ; 0.303 V                             ; 0.28 V                              ; 2.93e-10 s                 ; 3.01e-10 s                 ; No                        ; No                        ;
; hex5[2]  ; 2.5 V        ; 0 s                 ; 0 s                 ; 2.75 V                       ; 3.54e-06 V                   ; 2.81 V              ; -0.0578 V           ; 0.303 V                              ; 0.28 V                               ; 2.93e-10 s                  ; 3.01e-10 s                  ; No                         ; No                         ; 2.75 V                      ; 3.54e-06 V                  ; 2.81 V             ; -0.0578 V          ; 0.303 V                             ; 0.28 V                              ; 2.93e-10 s                 ; 3.01e-10 s                 ; No                        ; No                        ;
; hex5[3]  ; 2.5 V        ; 0 s                 ; 0 s                 ; 2.75 V                       ; 3.54e-06 V                   ; 2.81 V              ; -0.0578 V           ; 0.303 V                              ; 0.28 V                               ; 2.93e-10 s                  ; 3.01e-10 s                  ; No                         ; No                         ; 2.75 V                      ; 3.54e-06 V                  ; 2.81 V             ; -0.0578 V          ; 0.303 V                             ; 0.28 V                              ; 2.93e-10 s                 ; 3.01e-10 s                 ; No                        ; No                        ;
; hex5[4]  ; 2.5 V        ; 0 s                 ; 0 s                 ; 2.75 V                       ; 4.14e-06 V                   ; 2.91 V              ; -0.121 V            ; 0.326 V                              ; 0.297 V                              ; 2.74e-10 s                  ; 2.8e-10 s                   ; No                         ; No                         ; 2.75 V                      ; 4.14e-06 V                  ; 2.91 V             ; -0.121 V           ; 0.326 V                             ; 0.297 V                             ; 2.74e-10 s                 ; 2.8e-10 s                  ; No                        ; No                        ;
; hex5[5]  ; 2.5 V        ; 0 s                 ; 0 s                 ; 2.75 V                       ; 4.14e-06 V                   ; 2.91 V              ; -0.119 V            ; 0.326 V                              ; 0.298 V                              ; 2.74e-10 s                  ; 2.8e-10 s                   ; No                         ; No                         ; 2.75 V                      ; 4.14e-06 V                  ; 2.91 V             ; -0.119 V           ; 0.326 V                             ; 0.298 V                             ; 2.74e-10 s                 ; 2.8e-10 s                  ; No                        ; No                        ;
; hex5[6]  ; 2.5 V        ; 0 s                 ; 0 s                 ; 2.75 V                       ; 4.25e-06 V                   ; 2.9 V               ; -0.107 V            ; 0.378 V                              ; 0.16 V                               ; 2.87e-10 s                  ; 4.28e-10 s                  ; No                         ; No                         ; 2.75 V                      ; 4.25e-06 V                  ; 2.9 V              ; -0.107 V           ; 0.378 V                             ; 0.16 V                              ; 2.87e-10 s                 ; 4.28e-10 s                 ; No                        ; No                        ;
; led[0]   ; 2.5 V        ; 0 s                 ; 0 s                 ; 2.75 V                       ; 4.14e-06 V                   ; 2.91 V              ; -0.121 V            ; 0.326 V                              ; 0.297 V                              ; 2.74e-10 s                  ; 2.8e-10 s                   ; No                         ; No                         ; 2.75 V                      ; 4.14e-06 V                  ; 2.91 V             ; -0.121 V           ; 0.326 V                             ; 0.297 V                             ; 2.74e-10 s                 ; 2.8e-10 s                  ; No                        ; No                        ;
; led[1]   ; 2.5 V        ; 0 s                 ; 0 s                 ; 2.75 V                       ; 3.54e-06 V                   ; 2.81 V              ; -0.0578 V           ; 0.303 V                              ; 0.28 V                               ; 2.93e-10 s                  ; 3.01e-10 s                  ; No                         ; No                         ; 2.75 V                      ; 3.54e-06 V                  ; 2.81 V             ; -0.0578 V          ; 0.303 V                             ; 0.28 V                              ; 2.93e-10 s                 ; 3.01e-10 s                 ; No                        ; No                        ;
; led[2]   ; 2.5 V        ; 0 s                 ; 0 s                 ; 2.75 V                       ; 3.54e-06 V                   ; 2.81 V              ; -0.0578 V           ; 0.303 V                              ; 0.28 V                               ; 2.93e-10 s                  ; 3.01e-10 s                  ; No                         ; No                         ; 2.75 V                      ; 3.54e-06 V                  ; 2.81 V             ; -0.0578 V          ; 0.303 V                             ; 0.28 V                              ; 2.93e-10 s                 ; 3.01e-10 s                 ; No                        ; No                        ;
; led[3]   ; 2.5 V        ; 0 s                 ; 0 s                 ; 2.75 V                       ; 4.25e-06 V                   ; 2.9 V               ; -0.107 V            ; 0.378 V                              ; 0.16 V                               ; 2.87e-10 s                  ; 4.28e-10 s                  ; No                         ; No                         ; 2.75 V                      ; 4.25e-06 V                  ; 2.9 V              ; -0.107 V           ; 0.378 V                             ; 0.16 V                              ; 2.87e-10 s                 ; 4.28e-10 s                 ; No                        ; No                        ;
; led[4]   ; 2.5 V        ; 0 s                 ; 0 s                 ; 2.75 V                       ; 3.54e-06 V                   ; 2.81 V              ; -0.0578 V           ; 0.303 V                              ; 0.28 V                               ; 2.93e-10 s                  ; 3.01e-10 s                  ; No                         ; No                         ; 2.75 V                      ; 3.54e-06 V                  ; 2.81 V             ; -0.0578 V          ; 0.303 V                             ; 0.28 V                              ; 2.93e-10 s                 ; 3.01e-10 s                 ; No                        ; No                        ;
; led[5]   ; 2.5 V        ; 0 s                 ; 0 s                 ; 2.75 V                       ; 4.25e-06 V                   ; 2.9 V               ; -0.107 V            ; 0.378 V                              ; 0.16 V                               ; 2.87e-10 s                  ; 4.28e-10 s                  ; No                         ; No                         ; 2.75 V                      ; 4.25e-06 V                  ; 2.9 V              ; -0.107 V           ; 0.378 V                             ; 0.16 V                              ; 2.87e-10 s                 ; 4.28e-10 s                 ; No                        ; No                        ;
; led[6]   ; 2.5 V        ; 0 s                 ; 0 s                 ; 2.75 V                       ; 3.54e-06 V                   ; 2.81 V              ; -0.0578 V           ; 0.303 V                              ; 0.28 V                               ; 2.93e-10 s                  ; 3.01e-10 s                  ; No                         ; No                         ; 2.75 V                      ; 3.54e-06 V                  ; 2.81 V             ; -0.0578 V          ; 0.303 V                             ; 0.28 V                              ; 2.93e-10 s                 ; 3.01e-10 s                 ; No                        ; No                        ;
; led[7]   ; 2.5 V        ; 0 s                 ; 0 s                 ; 2.75 V                       ; 4.14e-06 V                   ; 2.91 V              ; -0.119 V            ; 0.326 V                              ; 0.298 V                              ; 2.74e-10 s                  ; 2.8e-10 s                   ; No                         ; No                         ; 2.75 V                      ; 4.14e-06 V                  ; 2.91 V             ; -0.119 V           ; 0.326 V                             ; 0.298 V                             ; 2.74e-10 s                 ; 2.8e-10 s                  ; No                        ; No                        ;
; led[8]   ; 2.5 V        ; 0 s                 ; 0 s                 ; 2.75 V                       ; 4.14e-06 V                   ; 2.91 V              ; -0.119 V            ; 0.326 V                              ; 0.298 V                              ; 2.74e-10 s                  ; 2.8e-10 s                   ; No                         ; No                         ; 2.75 V                      ; 4.14e-06 V                  ; 2.91 V             ; -0.119 V           ; 0.326 V                             ; 0.298 V                             ; 2.74e-10 s                 ; 2.8e-10 s                  ; No                        ; No                        ;
; led[9]   ; 2.5 V        ; 0 s                 ; 0 s                 ; 2.75 V                       ; 3.54e-06 V                   ; 2.81 V              ; -0.0578 V           ; 0.303 V                              ; 0.28 V                               ; 2.93e-10 s                  ; 3.01e-10 s                  ; No                         ; No                         ; 2.75 V                      ; 3.54e-06 V                  ; 2.81 V             ; -0.0578 V          ; 0.303 V                             ; 0.28 V                              ; 2.93e-10 s                 ; 3.01e-10 s                 ; No                        ; No                        ;
; vga_r[0] ; 2.5 V        ; 0 s                 ; 0 s                 ; 2.75 V                       ; 4.14e-06 V                   ; 2.91 V              ; -0.121 V            ; 0.326 V                              ; 0.297 V                              ; 2.74e-10 s                  ; 2.8e-10 s                   ; No                         ; No                         ; 2.75 V                      ; 4.14e-06 V                  ; 2.91 V             ; -0.121 V           ; 0.326 V                             ; 0.297 V                             ; 2.74e-10 s                 ; 2.8e-10 s                  ; No                        ; No                        ;
; vga_r[1] ; 2.5 V        ; 0 s                 ; 0 s                 ; 2.75 V                       ; 4.25e-06 V                   ; 2.9 V               ; -0.107 V            ; 0.378 V                              ; 0.16 V                               ; 2.87e-10 s                  ; 4.28e-10 s                  ; No                         ; No                         ; 2.75 V                      ; 4.25e-06 V                  ; 2.9 V              ; -0.107 V           ; 0.378 V                             ; 0.16 V                              ; 2.87e-10 s                 ; 4.28e-10 s                 ; No                        ; No                        ;
; vga_r[2] ; 2.5 V        ; 0 s                 ; 0 s                 ; 2.75 V                       ; 3.54e-06 V                   ; 2.81 V              ; -0.0578 V           ; 0.303 V                              ; 0.28 V                               ; 2.93e-10 s                  ; 3.01e-10 s                  ; No                         ; No                         ; 2.75 V                      ; 3.54e-06 V                  ; 2.81 V             ; -0.0578 V          ; 0.303 V                             ; 0.28 V                              ; 2.93e-10 s                 ; 3.01e-10 s                 ; No                        ; No                        ;
; vga_r[3] ; 2.5 V        ; 0 s                 ; 0 s                 ; 2.75 V                       ; 4.14e-06 V                   ; 2.91 V              ; -0.119 V            ; 0.326 V                              ; 0.298 V                              ; 2.74e-10 s                  ; 2.8e-10 s                   ; No                         ; No                         ; 2.75 V                      ; 4.14e-06 V                  ; 2.91 V             ; -0.119 V           ; 0.326 V                             ; 0.298 V                             ; 2.74e-10 s                 ; 2.8e-10 s                  ; No                        ; No                        ;
; vga_g[0] ; 2.5 V        ; 0 s                 ; 0 s                 ; 2.75 V                       ; 4.14e-06 V                   ; 2.91 V              ; -0.119 V            ; 0.326 V                              ; 0.298 V                              ; 2.74e-10 s                  ; 2.8e-10 s                   ; No                         ; No                         ; 2.75 V                      ; 4.14e-06 V                  ; 2.91 V             ; -0.119 V           ; 0.326 V                             ; 0.298 V                             ; 2.74e-10 s                 ; 2.8e-10 s                  ; No                        ; No                        ;
; vga_g[1] ; 2.5 V        ; 0 s                 ; 0 s                 ; 2.75 V                       ; 4.14e-06 V                   ; 2.91 V              ; -0.121 V            ; 0.326 V                              ; 0.297 V                              ; 2.74e-10 s                  ; 2.8e-10 s                   ; No                         ; No                         ; 2.75 V                      ; 4.14e-06 V                  ; 2.91 V             ; -0.121 V           ; 0.326 V                             ; 0.297 V                             ; 2.74e-10 s                 ; 2.8e-10 s                  ; No                        ; No                        ;
; vga_g[2] ; 2.5 V        ; 0 s                 ; 0 s                 ; 2.75 V                       ; 4.25e-06 V                   ; 2.9 V               ; -0.107 V            ; 0.378 V                              ; 0.16 V                               ; 2.87e-10 s                  ; 4.28e-10 s                  ; No                         ; No                         ; 2.75 V                      ; 4.25e-06 V                  ; 2.9 V              ; -0.107 V           ; 0.378 V                             ; 0.16 V                              ; 2.87e-10 s                 ; 4.28e-10 s                 ; No                        ; No                        ;
; vga_g[3] ; 2.5 V        ; 0 s                 ; 0 s                 ; 2.75 V                       ; 3.54e-06 V                   ; 2.81 V              ; -0.0578 V           ; 0.303 V                              ; 0.28 V                               ; 2.93e-10 s                  ; 3.01e-10 s                  ; No                         ; No                         ; 2.75 V                      ; 3.54e-06 V                  ; 2.81 V             ; -0.0578 V          ; 0.303 V                             ; 0.28 V                              ; 2.93e-10 s                 ; 3.01e-10 s                 ; No                        ; No                        ;
; vga_b[0] ; 2.5 V        ; 0 s                 ; 0 s                 ; 2.75 V                       ; 4.14e-06 V                   ; 2.91 V              ; -0.119 V            ; 0.326 V                              ; 0.298 V                              ; 2.74e-10 s                  ; 2.8e-10 s                   ; No                         ; No                         ; 2.75 V                      ; 4.14e-06 V                  ; 2.91 V             ; -0.119 V           ; 0.326 V                             ; 0.298 V                             ; 2.74e-10 s                 ; 2.8e-10 s                  ; No                        ; No                        ;
; vga_b[1] ; 2.5 V        ; 0 s                 ; 0 s                 ; 2.75 V                       ; 4.14e-06 V                   ; 2.91 V              ; -0.121 V            ; 0.326 V                              ; 0.297 V                              ; 2.74e-10 s                  ; 2.8e-10 s                   ; No                         ; No                         ; 2.75 V                      ; 4.14e-06 V                  ; 2.91 V             ; -0.121 V           ; 0.326 V                             ; 0.297 V                             ; 2.74e-10 s                 ; 2.8e-10 s                  ; No                        ; No                        ;
; vga_b[2] ; 2.5 V        ; 0 s                 ; 0 s                 ; 2.75 V                       ; 4.25e-06 V                   ; 2.9 V               ; -0.107 V            ; 0.378 V                              ; 0.16 V                               ; 2.87e-10 s                  ; 4.28e-10 s                  ; No                         ; No                         ; 2.75 V                      ; 4.25e-06 V                  ; 2.9 V              ; -0.107 V           ; 0.378 V                             ; 0.16 V                              ; 2.87e-10 s                 ; 4.28e-10 s                 ; No                        ; No                        ;
; vga_b[3] ; 2.5 V        ; 0 s                 ; 0 s                 ; 2.75 V                       ; 3.54e-06 V                   ; 2.81 V              ; -0.0578 V           ; 0.303 V                              ; 0.28 V                               ; 2.93e-10 s                  ; 3.01e-10 s                  ; No                         ; No                         ; 2.75 V                      ; 3.54e-06 V                  ; 2.81 V             ; -0.0578 V          ; 0.303 V                             ; 0.28 V                              ; 2.93e-10 s                 ; 3.01e-10 s                 ; No                        ; No                        ;
; vga_hs   ; 2.5 V        ; 0 s                 ; 0 s                 ; 2.75 V                       ; 4.14e-06 V                   ; 2.91 V              ; -0.119 V            ; 0.326 V                              ; 0.298 V                              ; 2.74e-10 s                  ; 2.8e-10 s                   ; No                         ; No                         ; 2.75 V                      ; 4.14e-06 V                  ; 2.91 V             ; -0.119 V           ; 0.326 V                             ; 0.298 V                             ; 2.74e-10 s                 ; 2.8e-10 s                  ; No                        ; No                        ;
; vga_vs   ; 2.5 V        ; 0 s                 ; 0 s                 ; 2.75 V                       ; 4.14e-06 V                   ; 2.91 V              ; -0.121 V            ; 0.326 V                              ; 0.297 V                              ; 2.74e-10 s                  ; 2.8e-10 s                   ; No                         ; No                         ; 2.75 V                      ; 4.14e-06 V                  ; 2.91 V             ; -0.121 V           ; 0.326 V                             ; 0.297 V                             ; 2.74e-10 s                 ; 2.8e-10 s                  ; No                        ; No                        ;
; ps2_clk  ; 2.5 V        ; 0 s                 ; 0 s                 ; 2.75 V                       ; 4.25e-06 V                   ; 2.9 V               ; -0.107 V            ; 0.378 V                              ; 0.16 V                               ; 2.87e-10 s                  ; 4.28e-10 s                  ; No                         ; No                         ; 2.75 V                      ; 4.25e-06 V                  ; 2.9 V              ; -0.107 V           ; 0.378 V                             ; 0.16 V                              ; 2.87e-10 s                 ; 4.28e-10 s                 ; No                        ; No                        ;
; ps2_dat  ; 2.5 V        ; 0 s                 ; 0 s                 ; 2.75 V                       ; 4.25e-06 V                   ; 2.9 V               ; -0.107 V            ; 0.378 V                              ; 0.16 V                               ; 2.87e-10 s                  ; 4.28e-10 s                  ; No                         ; No                         ; 2.75 V                      ; 4.25e-06 V                  ; 2.9 V              ; -0.107 V           ; 0.378 V                             ; 0.16 V                              ; 2.87e-10 s                 ; 4.28e-10 s                 ; No                        ; No                        ;
+----------+--------------+---------------------+---------------------+------------------------------+------------------------------+---------------------+---------------------+--------------------------------------+--------------------------------------+-----------------------------+-----------------------------+----------------------------+----------------------------+-----------------------------+-----------------------------+--------------------+--------------------+-------------------------------------+-------------------------------------+----------------------------+----------------------------+---------------------------+---------------------------+


+---------------------------------------------------------------------------------------------------------------------------------------------------------------------------------------------------------------------------------------------------------------------------------------------------------------------------------------------------------------------------------------------------------------------------------------------------------------------------------------------------------------------------------------------------------------------------------------------------------------------------------------------------------------------------------------+
; Signal Integrity Metrics (Fast 1100mv 85c Model)                                                                                                                                                                                                                                                                                                                                                                                                                                                                                                                                                                                                                                      ;
+----------+--------------+---------------------+---------------------+------------------------------+------------------------------+---------------------+---------------------+--------------------------------------+--------------------------------------+-----------------------------+-----------------------------+----------------------------+----------------------------+-----------------------------+-----------------------------+--------------------+--------------------+-------------------------------------+-------------------------------------+----------------------------+----------------------------+---------------------------+---------------------------+
; Pin      ; I/O Standard ; Board Delay on Rise ; Board Delay on Fall ; Steady State Voh at FPGA Pin ; Steady State Vol at FPGA Pin ; Voh Max at FPGA Pin ; Vol Min at FPGA Pin ; Ringback Voltage on Rise at FPGA Pin ; Ringback Voltage on Fall at FPGA Pin ; 10-90 Rise Time at FPGA Pin ; 90-10 Fall Time at FPGA Pin ; Monotonic Rise at FPGA Pin ; Monotonic Fall at FPGA Pin ; Steady State Voh at Far-end ; Steady State Vol at Far-end ; Voh Max at Far-end ; Vol Min at Far-end ; Ringback Voltage on Rise at Far-end ; Ringback Voltage on Fall at Far-end ; 10-90 Rise Time at Far-end ; 90-10 Fall Time at Far-end ; Monotonic Rise at Far-end ; Monotonic Fall at Far-end ;
+----------+--------------+---------------------+---------------------+------------------------------+------------------------------+---------------------+---------------------+--------------------------------------+--------------------------------------+-----------------------------+-----------------------------+----------------------------+----------------------------+-----------------------------+-----------------------------+--------------------+--------------------+-------------------------------------+-------------------------------------+----------------------------+----------------------------+---------------------------+---------------------------+
; hex0[0]  ; 2.5 V        ; 0 s                 ; 0 s                 ; 2.75 V                       ; 0.000242 V                   ; 2.86 V              ; -0.0814 V           ; 0.36 V                               ; 0.156 V                              ; 3e-10 s                     ; 4.34e-10 s                  ; No                         ; No                         ; 2.75 V                      ; 0.000242 V                  ; 2.86 V             ; -0.0814 V          ; 0.36 V                              ; 0.156 V                             ; 3e-10 s                    ; 4.34e-10 s                 ; No                        ; No                        ;
; hex0[1]  ; 2.5 V        ; 0 s                 ; 0 s                 ; 2.75 V                       ; 0.000242 V                   ; 2.86 V              ; -0.0805 V           ; 0.358 V                              ; 0.156 V                              ; 3.01e-10 s                  ; 4.34e-10 s                  ; No                         ; No                         ; 2.75 V                      ; 0.000242 V                  ; 2.86 V             ; -0.0805 V          ; 0.358 V                             ; 0.156 V                             ; 3.01e-10 s                 ; 4.34e-10 s                 ; No                        ; No                        ;
; hex0[2]  ; 2.5 V        ; 0 s                 ; 0 s                 ; 2.75 V                       ; 0.000242 V                   ; 2.86 V              ; -0.0805 V           ; 0.358 V                              ; 0.156 V                              ; 3.01e-10 s                  ; 4.34e-10 s                  ; No                         ; No                         ; 2.75 V                      ; 0.000242 V                  ; 2.86 V             ; -0.0805 V          ; 0.358 V                             ; 0.156 V                             ; 3.01e-10 s                 ; 4.34e-10 s                 ; No                        ; No                        ;
; hex0[3]  ; 2.5 V        ; 0 s                 ; 0 s                 ; 2.75 V                       ; 0.000242 V                   ; 2.86 V              ; -0.0805 V           ; 0.358 V                              ; 0.156 V                              ; 3.01e-10 s                  ; 4.34e-10 s                  ; No                         ; No                         ; 2.75 V                      ; 0.000242 V                  ; 2.86 V             ; -0.0805 V          ; 0.358 V                             ; 0.156 V                             ; 3.01e-10 s                 ; 4.34e-10 s                 ; No                        ; No                        ;
; hex0[4]  ; 2.5 V        ; 0 s                 ; 0 s                 ; 2.75 V                       ; 0.000242 V                   ; 2.86 V              ; -0.0814 V           ; 0.36 V                               ; 0.156 V                              ; 3e-10 s                     ; 4.34e-10 s                  ; No                         ; No                         ; 2.75 V                      ; 0.000242 V                  ; 2.86 V             ; -0.0814 V          ; 0.36 V                              ; 0.156 V                             ; 3e-10 s                    ; 4.34e-10 s                 ; No                        ; No                        ;
; hex0[5]  ; 2.5 V        ; 0 s                 ; 0 s                 ; 2.75 V                       ; 0.000242 V                   ; 2.86 V              ; -0.0814 V           ; 0.36 V                               ; 0.156 V                              ; 3e-10 s                     ; 4.34e-10 s                  ; No                         ; No                         ; 2.75 V                      ; 0.000242 V                  ; 2.86 V             ; -0.0814 V          ; 0.36 V                              ; 0.156 V                             ; 3e-10 s                    ; 4.34e-10 s                 ; No                        ; No                        ;
; hex0[6]  ; 2.5 V        ; 0 s                 ; 0 s                 ; 2.75 V                       ; 0.000242 V                   ; 2.86 V              ; -0.0805 V           ; 0.358 V                              ; 0.156 V                              ; 3.01e-10 s                  ; 4.34e-10 s                  ; No                         ; No                         ; 2.75 V                      ; 0.000242 V                  ; 2.86 V             ; -0.0805 V          ; 0.358 V                             ; 0.156 V                             ; 3.01e-10 s                 ; 4.34e-10 s                 ; No                        ; No                        ;
; hex1[0]  ; 2.5 V        ; 0 s                 ; 0 s                 ; 2.75 V                       ; 0.000242 V                   ; 2.86 V              ; -0.0805 V           ; 0.358 V                              ; 0.156 V                              ; 3.01e-10 s                  ; 4.34e-10 s                  ; No                         ; No                         ; 2.75 V                      ; 0.000242 V                  ; 2.86 V             ; -0.0805 V          ; 0.358 V                             ; 0.156 V                             ; 3.01e-10 s                 ; 4.34e-10 s                 ; No                        ; No                        ;
; hex1[1]  ; 2.5 V        ; 0 s                 ; 0 s                 ; 2.75 V                       ; 0.000242 V                   ; 2.86 V              ; -0.0814 V           ; 0.36 V                               ; 0.156 V                              ; 3e-10 s                     ; 4.34e-10 s                  ; No                         ; No                         ; 2.75 V                      ; 0.000242 V                  ; 2.86 V             ; -0.0814 V          ; 0.36 V                              ; 0.156 V                             ; 3e-10 s                    ; 4.34e-10 s                 ; No                        ; No                        ;
; hex1[2]  ; 2.5 V        ; 0 s                 ; 0 s                 ; 2.75 V                       ; 0.000242 V                   ; 2.86 V              ; -0.0814 V           ; 0.36 V                               ; 0.156 V                              ; 3e-10 s                     ; 4.34e-10 s                  ; No                         ; No                         ; 2.75 V                      ; 0.000242 V                  ; 2.86 V             ; -0.0814 V          ; 0.36 V                              ; 0.156 V                             ; 3e-10 s                    ; 4.34e-10 s                 ; No                        ; No                        ;
; hex1[3]  ; 2.5 V        ; 0 s                 ; 0 s                 ; 2.75 V                       ; 0.000242 V                   ; 2.86 V              ; -0.0805 V           ; 0.358 V                              ; 0.156 V                              ; 3.01e-10 s                  ; 4.34e-10 s                  ; No                         ; No                         ; 2.75 V                      ; 0.000242 V                  ; 2.86 V             ; -0.0805 V          ; 0.358 V                             ; 0.156 V                             ; 3.01e-10 s                 ; 4.34e-10 s                 ; No                        ; No                        ;
; hex1[4]  ; 2.5 V        ; 0 s                 ; 0 s                 ; 2.75 V                       ; 0.000242 V                   ; 2.86 V              ; -0.0805 V           ; 0.358 V                              ; 0.156 V                              ; 3.01e-10 s                  ; 4.34e-10 s                  ; No                         ; No                         ; 2.75 V                      ; 0.000242 V                  ; 2.86 V             ; -0.0805 V          ; 0.358 V                             ; 0.156 V                             ; 3.01e-10 s                 ; 4.34e-10 s                 ; No                        ; No                        ;
; hex1[5]  ; 2.5 V        ; 0 s                 ; 0 s                 ; 2.75 V                       ; 0.000242 V                   ; 2.86 V              ; -0.0814 V           ; 0.36 V                               ; 0.156 V                              ; 3e-10 s                     ; 4.34e-10 s                  ; No                         ; No                         ; 2.75 V                      ; 0.000242 V                  ; 2.86 V             ; -0.0814 V          ; 0.36 V                              ; 0.156 V                             ; 3e-10 s                    ; 4.34e-10 s                 ; No                        ; No                        ;
; hex1[6]  ; 2.5 V        ; 0 s                 ; 0 s                 ; 2.75 V                       ; 0.000242 V                   ; 2.86 V              ; -0.0814 V           ; 0.36 V                               ; 0.156 V                              ; 3e-10 s                     ; 4.34e-10 s                  ; No                         ; No                         ; 2.75 V                      ; 0.000242 V                  ; 2.86 V             ; -0.0814 V          ; 0.36 V                              ; 0.156 V                             ; 3e-10 s                    ; 4.34e-10 s                 ; No                        ; No                        ;
; hex2[0]  ; 2.5 V        ; 0 s                 ; 0 s                 ; 2.75 V                       ; 0.000247 V                   ; 2.85 V              ; -0.0711 V           ; 0.204 V                              ; 0.181 V                              ; 4.55e-10 s                  ; 4.49e-10 s                  ; No                         ; No                         ; 2.75 V                      ; 0.000247 V                  ; 2.85 V             ; -0.0711 V          ; 0.204 V                             ; 0.181 V                             ; 4.55e-10 s                 ; 4.49e-10 s                 ; No                        ; No                        ;
; hex2[1]  ; 2.5 V        ; 0 s                 ; 0 s                 ; 2.75 V                       ; 0.000242 V                   ; 2.86 V              ; -0.0814 V           ; 0.36 V                               ; 0.156 V                              ; 3e-10 s                     ; 4.34e-10 s                  ; No                         ; No                         ; 2.75 V                      ; 0.000242 V                  ; 2.86 V             ; -0.0814 V          ; 0.36 V                              ; 0.156 V                             ; 3e-10 s                    ; 4.34e-10 s                 ; No                        ; No                        ;
; hex2[2]  ; 2.5 V        ; 0 s                 ; 0 s                 ; 2.75 V                       ; 0.000242 V                   ; 2.86 V              ; -0.0814 V           ; 0.36 V                               ; 0.156 V                              ; 3e-10 s                     ; 4.34e-10 s                  ; No                         ; No                         ; 2.75 V                      ; 0.000242 V                  ; 2.86 V             ; -0.0814 V          ; 0.36 V                              ; 0.156 V                             ; 3e-10 s                    ; 4.34e-10 s                 ; No                        ; No                        ;
; hex2[3]  ; 2.5 V        ; 0 s                 ; 0 s                 ; 2.75 V                       ; 0.000213 V                   ; 2.79 V              ; -0.0324 V           ; 0.139 V                              ; 0.119 V                              ; 4.42e-10 s                  ; 4.33e-10 s                  ; No                         ; Yes                        ; 2.75 V                      ; 0.000213 V                  ; 2.79 V             ; -0.0324 V          ; 0.139 V                             ; 0.119 V                             ; 4.42e-10 s                 ; 4.33e-10 s                 ; No                        ; Yes                       ;
; hex2[4]  ; 2.5 V        ; 0 s                 ; 0 s                 ; 2.75 V                       ; 0.000213 V                   ; 2.79 V              ; -0.0324 V           ; 0.139 V                              ; 0.119 V                              ; 4.42e-10 s                  ; 4.33e-10 s                  ; No                         ; Yes                        ; 2.75 V                      ; 0.000213 V                  ; 2.79 V             ; -0.0324 V          ; 0.139 V                             ; 0.119 V                             ; 4.42e-10 s                 ; 4.33e-10 s                 ; No                        ; Yes                       ;
; hex2[5]  ; 2.5 V        ; 0 s                 ; 0 s                 ; 2.75 V                       ; 0.000242 V                   ; 2.86 V              ; -0.0814 V           ; 0.36 V                               ; 0.156 V                              ; 3e-10 s                     ; 4.34e-10 s                  ; No                         ; No                         ; 2.75 V                      ; 0.000242 V                  ; 2.86 V             ; -0.0814 V          ; 0.36 V                              ; 0.156 V                             ; 3e-10 s                    ; 4.34e-10 s                 ; No                        ; No                        ;
; hex2[6]  ; 2.5 V        ; 0 s                 ; 0 s                 ; 2.75 V                       ; 0.000242 V                   ; 2.86 V              ; -0.0805 V           ; 0.358 V                              ; 0.156 V                              ; 3.01e-10 s                  ; 4.34e-10 s                  ; No                         ; No                         ; 2.75 V                      ; 0.000242 V                  ; 2.86 V             ; -0.0805 V          ; 0.358 V                             ; 0.156 V                             ; 3.01e-10 s                 ; 4.34e-10 s                 ; No                        ; No                        ;
; hex3[0]  ; 2.5 V        ; 0 s                 ; 0 s                 ; 2.75 V                       ; 0.000213 V                   ; 2.79 V              ; -0.0324 V           ; 0.139 V                              ; 0.119 V                              ; 4.42e-10 s                  ; 4.33e-10 s                  ; No                         ; Yes                        ; 2.75 V                      ; 0.000213 V                  ; 2.79 V             ; -0.0324 V          ; 0.139 V                             ; 0.119 V                             ; 4.42e-10 s                 ; 4.33e-10 s                 ; No                        ; Yes                       ;
; hex3[1]  ; 2.5 V        ; 0 s                 ; 0 s                 ; 2.75 V                       ; 0.000247 V                   ; 2.85 V              ; -0.0711 V           ; 0.204 V                              ; 0.181 V                              ; 4.55e-10 s                  ; 4.49e-10 s                  ; No                         ; No                         ; 2.75 V                      ; 0.000247 V                  ; 2.85 V             ; -0.0711 V          ; 0.204 V                             ; 0.181 V                             ; 4.55e-10 s                 ; 4.49e-10 s                 ; No                        ; No                        ;
; hex3[2]  ; 2.5 V        ; 0 s                 ; 0 s                 ; 2.75 V                       ; 0.000247 V                   ; 2.85 V              ; -0.0711 V           ; 0.204 V                              ; 0.181 V                              ; 4.55e-10 s                  ; 4.49e-10 s                  ; No                         ; No                         ; 2.75 V                      ; 0.000247 V                  ; 2.85 V             ; -0.0711 V          ; 0.204 V                             ; 0.181 V                             ; 4.55e-10 s                 ; 4.49e-10 s                 ; No                        ; No                        ;
; hex3[3]  ; 2.5 V        ; 0 s                 ; 0 s                 ; 2.75 V                       ; 0.000213 V                   ; 2.79 V              ; -0.0324 V           ; 0.139 V                              ; 0.119 V                              ; 4.42e-10 s                  ; 4.33e-10 s                  ; No                         ; Yes                        ; 2.75 V                      ; 0.000213 V                  ; 2.79 V             ; -0.0324 V          ; 0.139 V                             ; 0.119 V                             ; 4.42e-10 s                 ; 4.33e-10 s                 ; No                        ; Yes                       ;
; hex3[4]  ; 2.5 V        ; 0 s                 ; 0 s                 ; 2.75 V                       ; 0.000247 V                   ; 2.85 V              ; -0.0711 V           ; 0.204 V                              ; 0.181 V                              ; 4.55e-10 s                  ; 4.49e-10 s                  ; No                         ; No                         ; 2.75 V                      ; 0.000247 V                  ; 2.85 V             ; -0.0711 V          ; 0.204 V                             ; 0.181 V                             ; 4.55e-10 s                 ; 4.49e-10 s                 ; No                        ; No                        ;
; hex3[5]  ; 2.5 V        ; 0 s                 ; 0 s                 ; 2.75 V                       ; 0.000247 V                   ; 2.85 V              ; -0.0711 V           ; 0.204 V                              ; 0.181 V                              ; 4.55e-10 s                  ; 4.49e-10 s                  ; No                         ; No                         ; 2.75 V                      ; 0.000247 V                  ; 2.85 V             ; -0.0711 V          ; 0.204 V                             ; 0.181 V                             ; 4.55e-10 s                 ; 4.49e-10 s                 ; No                        ; No                        ;
; hex3[6]  ; 2.5 V        ; 0 s                 ; 0 s                 ; 2.75 V                       ; 0.000213 V                   ; 2.79 V              ; -0.0324 V           ; 0.139 V                              ; 0.119 V                              ; 4.42e-10 s                  ; 4.33e-10 s                  ; No                         ; Yes                        ; 2.75 V                      ; 0.000213 V                  ; 2.79 V             ; -0.0324 V          ; 0.139 V                             ; 0.119 V                             ; 4.42e-10 s                 ; 4.33e-10 s                 ; No                        ; Yes                       ;
; hex4[0]  ; 2.5 V        ; 0 s                 ; 0 s                 ; 2.75 V                       ; 0.000242 V                   ; 2.86 V              ; -0.0805 V           ; 0.358 V                              ; 0.156 V                              ; 3.01e-10 s                  ; 4.34e-10 s                  ; No                         ; No                         ; 2.75 V                      ; 0.000242 V                  ; 2.86 V             ; -0.0805 V          ; 0.358 V                             ; 0.156 V                             ; 3.01e-10 s                 ; 4.34e-10 s                 ; No                        ; No                        ;
; hex4[1]  ; 2.5 V        ; 0 s                 ; 0 s                 ; 2.75 V                       ; 0.000213 V                   ; 2.79 V              ; -0.0324 V           ; 0.139 V                              ; 0.119 V                              ; 4.42e-10 s                  ; 4.33e-10 s                  ; No                         ; Yes                        ; 2.75 V                      ; 0.000213 V                  ; 2.79 V             ; -0.0324 V          ; 0.139 V                             ; 0.119 V                             ; 4.42e-10 s                 ; 4.33e-10 s                 ; No                        ; Yes                       ;
; hex4[2]  ; 2.5 V        ; 0 s                 ; 0 s                 ; 2.75 V                       ; 0.000213 V                   ; 2.79 V              ; -0.0324 V           ; 0.139 V                              ; 0.119 V                              ; 4.42e-10 s                  ; 4.33e-10 s                  ; No                         ; Yes                        ; 2.75 V                      ; 0.000213 V                  ; 2.79 V             ; -0.0324 V          ; 0.139 V                             ; 0.119 V                             ; 4.42e-10 s                 ; 4.33e-10 s                 ; No                        ; Yes                       ;
; hex4[3]  ; 2.5 V        ; 0 s                 ; 0 s                 ; 2.75 V                       ; 0.000213 V                   ; 2.79 V              ; -0.0324 V           ; 0.139 V                              ; 0.119 V                              ; 4.42e-10 s                  ; 4.33e-10 s                  ; No                         ; Yes                        ; 2.75 V                      ; 0.000213 V                  ; 2.79 V             ; -0.0324 V          ; 0.139 V                             ; 0.119 V                             ; 4.42e-10 s                 ; 4.33e-10 s                 ; No                        ; Yes                       ;
; hex4[4]  ; 2.5 V        ; 0 s                 ; 0 s                 ; 2.75 V                       ; 0.000247 V                   ; 2.85 V              ; -0.0711 V           ; 0.204 V                              ; 0.181 V                              ; 4.55e-10 s                  ; 4.49e-10 s                  ; No                         ; No                         ; 2.75 V                      ; 0.000247 V                  ; 2.85 V             ; -0.0711 V          ; 0.204 V                             ; 0.181 V                             ; 4.55e-10 s                 ; 4.49e-10 s                 ; No                        ; No                        ;
; hex4[5]  ; 2.5 V        ; 0 s                 ; 0 s                 ; 2.75 V                       ; 0.000247 V                   ; 2.85 V              ; -0.0711 V           ; 0.204 V                              ; 0.181 V                              ; 4.55e-10 s                  ; 4.49e-10 s                  ; No                         ; No                         ; 2.75 V                      ; 0.000247 V                  ; 2.85 V             ; -0.0711 V          ; 0.204 V                             ; 0.181 V                             ; 4.55e-10 s                 ; 4.49e-10 s                 ; No                        ; No                        ;
; hex4[6]  ; 2.5 V        ; 0 s                 ; 0 s                 ; 2.75 V                       ; 0.000213 V                   ; 2.79 V              ; -0.0324 V           ; 0.139 V                              ; 0.119 V                              ; 4.42e-10 s                  ; 4.33e-10 s                  ; No                         ; Yes                        ; 2.75 V                      ; 0.000213 V                  ; 2.79 V             ; -0.0324 V          ; 0.139 V                             ; 0.119 V                             ; 4.42e-10 s                 ; 4.33e-10 s                 ; No                        ; Yes                       ;
; hex5[0]  ; 2.5 V        ; 0 s                 ; 0 s                 ; 2.75 V                       ; 0.000247 V                   ; 2.85 V              ; -0.0711 V           ; 0.204 V                              ; 0.181 V                              ; 4.55e-10 s                  ; 4.49e-10 s                  ; No                         ; No                         ; 2.75 V                      ; 0.000247 V                  ; 2.85 V             ; -0.0711 V          ; 0.204 V                             ; 0.181 V                             ; 4.55e-10 s                 ; 4.49e-10 s                 ; No                        ; No                        ;
; hex5[1]  ; 2.5 V        ; 0 s                 ; 0 s                 ; 2.75 V                       ; 0.000213 V                   ; 2.79 V              ; -0.0324 V           ; 0.139 V                              ; 0.119 V                              ; 4.42e-10 s                  ; 4.33e-10 s                  ; No                         ; Yes                        ; 2.75 V                      ; 0.000213 V                  ; 2.79 V             ; -0.0324 V          ; 0.139 V                             ; 0.119 V                             ; 4.42e-10 s                 ; 4.33e-10 s                 ; No                        ; Yes                       ;
; hex5[2]  ; 2.5 V        ; 0 s                 ; 0 s                 ; 2.75 V                       ; 0.000213 V                   ; 2.79 V              ; -0.0324 V           ; 0.139 V                              ; 0.119 V                              ; 4.42e-10 s                  ; 4.33e-10 s                  ; No                         ; Yes                        ; 2.75 V                      ; 0.000213 V                  ; 2.79 V             ; -0.0324 V          ; 0.139 V                             ; 0.119 V                             ; 4.42e-10 s                 ; 4.33e-10 s                 ; No                        ; Yes                       ;
; hex5[3]  ; 2.5 V        ; 0 s                 ; 0 s                 ; 2.75 V                       ; 0.000213 V                   ; 2.79 V              ; -0.0324 V           ; 0.139 V                              ; 0.119 V                              ; 4.42e-10 s                  ; 4.33e-10 s                  ; No                         ; Yes                        ; 2.75 V                      ; 0.000213 V                  ; 2.79 V             ; -0.0324 V          ; 0.139 V                             ; 0.119 V                             ; 4.42e-10 s                 ; 4.33e-10 s                 ; No                        ; Yes                       ;
; hex5[4]  ; 2.5 V        ; 0 s                 ; 0 s                 ; 2.75 V                       ; 0.000242 V                   ; 2.86 V              ; -0.0814 V           ; 0.36 V                               ; 0.156 V                              ; 3e-10 s                     ; 4.34e-10 s                  ; No                         ; No                         ; 2.75 V                      ; 0.000242 V                  ; 2.86 V             ; -0.0814 V          ; 0.36 V                              ; 0.156 V                             ; 3e-10 s                    ; 4.34e-10 s                 ; No                        ; No                        ;
; hex5[5]  ; 2.5 V        ; 0 s                 ; 0 s                 ; 2.75 V                       ; 0.000242 V                   ; 2.86 V              ; -0.0805 V           ; 0.358 V                              ; 0.156 V                              ; 3.01e-10 s                  ; 4.34e-10 s                  ; No                         ; No                         ; 2.75 V                      ; 0.000242 V                  ; 2.86 V             ; -0.0805 V          ; 0.358 V                             ; 0.156 V                             ; 3.01e-10 s                 ; 4.34e-10 s                 ; No                        ; No                        ;
; hex5[6]  ; 2.5 V        ; 0 s                 ; 0 s                 ; 2.75 V                       ; 0.000247 V                   ; 2.85 V              ; -0.0711 V           ; 0.204 V                              ; 0.181 V                              ; 4.55e-10 s                  ; 4.49e-10 s                  ; No                         ; No                         ; 2.75 V                      ; 0.000247 V                  ; 2.85 V             ; -0.0711 V          ; 0.204 V                             ; 0.181 V                             ; 4.55e-10 s                 ; 4.49e-10 s                 ; No                        ; No                        ;
; led[0]   ; 2.5 V        ; 0 s                 ; 0 s                 ; 2.75 V                       ; 0.000242 V                   ; 2.86 V              ; -0.0814 V           ; 0.36 V                               ; 0.156 V                              ; 3e-10 s                     ; 4.34e-10 s                  ; No                         ; No                         ; 2.75 V                      ; 0.000242 V                  ; 2.86 V             ; -0.0814 V          ; 0.36 V                              ; 0.156 V                             ; 3e-10 s                    ; 4.34e-10 s                 ; No                        ; No                        ;
; led[1]   ; 2.5 V        ; 0 s                 ; 0 s                 ; 2.75 V                       ; 0.000213 V                   ; 2.79 V              ; -0.0324 V           ; 0.139 V                              ; 0.119 V                              ; 4.42e-10 s                  ; 4.33e-10 s                  ; No                         ; Yes                        ; 2.75 V                      ; 0.000213 V                  ; 2.79 V             ; -0.0324 V          ; 0.139 V                             ; 0.119 V                             ; 4.42e-10 s                 ; 4.33e-10 s                 ; No                        ; Yes                       ;
; led[2]   ; 2.5 V        ; 0 s                 ; 0 s                 ; 2.75 V                       ; 0.000213 V                   ; 2.79 V              ; -0.0324 V           ; 0.139 V                              ; 0.119 V                              ; 4.42e-10 s                  ; 4.33e-10 s                  ; No                         ; Yes                        ; 2.75 V                      ; 0.000213 V                  ; 2.79 V             ; -0.0324 V          ; 0.139 V                             ; 0.119 V                             ; 4.42e-10 s                 ; 4.33e-10 s                 ; No                        ; Yes                       ;
; led[3]   ; 2.5 V        ; 0 s                 ; 0 s                 ; 2.75 V                       ; 0.000247 V                   ; 2.85 V              ; -0.0711 V           ; 0.204 V                              ; 0.181 V                              ; 4.55e-10 s                  ; 4.49e-10 s                  ; No                         ; No                         ; 2.75 V                      ; 0.000247 V                  ; 2.85 V             ; -0.0711 V          ; 0.204 V                             ; 0.181 V                             ; 4.55e-10 s                 ; 4.49e-10 s                 ; No                        ; No                        ;
; led[4]   ; 2.5 V        ; 0 s                 ; 0 s                 ; 2.75 V                       ; 0.000213 V                   ; 2.79 V              ; -0.0324 V           ; 0.139 V                              ; 0.119 V                              ; 4.42e-10 s                  ; 4.33e-10 s                  ; No                         ; Yes                        ; 2.75 V                      ; 0.000213 V                  ; 2.79 V             ; -0.0324 V          ; 0.139 V                             ; 0.119 V                             ; 4.42e-10 s                 ; 4.33e-10 s                 ; No                        ; Yes                       ;
; led[5]   ; 2.5 V        ; 0 s                 ; 0 s                 ; 2.75 V                       ; 0.000247 V                   ; 2.85 V              ; -0.0711 V           ; 0.204 V                              ; 0.181 V                              ; 4.55e-10 s                  ; 4.49e-10 s                  ; No                         ; No                         ; 2.75 V                      ; 0.000247 V                  ; 2.85 V             ; -0.0711 V          ; 0.204 V                             ; 0.181 V                             ; 4.55e-10 s                 ; 4.49e-10 s                 ; No                        ; No                        ;
; led[6]   ; 2.5 V        ; 0 s                 ; 0 s                 ; 2.75 V                       ; 0.000213 V                   ; 2.79 V              ; -0.0324 V           ; 0.139 V                              ; 0.119 V                              ; 4.42e-10 s                  ; 4.33e-10 s                  ; No                         ; Yes                        ; 2.75 V                      ; 0.000213 V                  ; 2.79 V             ; -0.0324 V          ; 0.139 V                             ; 0.119 V                             ; 4.42e-10 s                 ; 4.33e-10 s                 ; No                        ; Yes                       ;
; led[7]   ; 2.5 V        ; 0 s                 ; 0 s                 ; 2.75 V                       ; 0.000242 V                   ; 2.86 V              ; -0.0805 V           ; 0.358 V                              ; 0.156 V                              ; 3.01e-10 s                  ; 4.34e-10 s                  ; No                         ; No                         ; 2.75 V                      ; 0.000242 V                  ; 2.86 V             ; -0.0805 V          ; 0.358 V                             ; 0.156 V                             ; 3.01e-10 s                 ; 4.34e-10 s                 ; No                        ; No                        ;
; led[8]   ; 2.5 V        ; 0 s                 ; 0 s                 ; 2.75 V                       ; 0.000242 V                   ; 2.86 V              ; -0.0805 V           ; 0.358 V                              ; 0.156 V                              ; 3.01e-10 s                  ; 4.34e-10 s                  ; No                         ; No                         ; 2.75 V                      ; 0.000242 V                  ; 2.86 V             ; -0.0805 V          ; 0.358 V                             ; 0.156 V                             ; 3.01e-10 s                 ; 4.34e-10 s                 ; No                        ; No                        ;
; led[9]   ; 2.5 V        ; 0 s                 ; 0 s                 ; 2.75 V                       ; 0.000213 V                   ; 2.79 V              ; -0.0324 V           ; 0.139 V                              ; 0.119 V                              ; 4.42e-10 s                  ; 4.33e-10 s                  ; No                         ; Yes                        ; 2.75 V                      ; 0.000213 V                  ; 2.79 V             ; -0.0324 V          ; 0.139 V                             ; 0.119 V                             ; 4.42e-10 s                 ; 4.33e-10 s                 ; No                        ; Yes                       ;
; vga_r[0] ; 2.5 V        ; 0 s                 ; 0 s                 ; 2.75 V                       ; 0.000242 V                   ; 2.86 V              ; -0.0814 V           ; 0.36 V                               ; 0.156 V                              ; 3e-10 s                     ; 4.34e-10 s                  ; No                         ; No                         ; 2.75 V                      ; 0.000242 V                  ; 2.86 V             ; -0.0814 V          ; 0.36 V                              ; 0.156 V                             ; 3e-10 s                    ; 4.34e-10 s                 ; No                        ; No                        ;
; vga_r[1] ; 2.5 V        ; 0 s                 ; 0 s                 ; 2.75 V                       ; 0.000247 V                   ; 2.85 V              ; -0.0711 V           ; 0.204 V                              ; 0.181 V                              ; 4.55e-10 s                  ; 4.49e-10 s                  ; No                         ; No                         ; 2.75 V                      ; 0.000247 V                  ; 2.85 V             ; -0.0711 V          ; 0.204 V                             ; 0.181 V                             ; 4.55e-10 s                 ; 4.49e-10 s                 ; No                        ; No                        ;
; vga_r[2] ; 2.5 V        ; 0 s                 ; 0 s                 ; 2.75 V                       ; 0.000213 V                   ; 2.79 V              ; -0.0324 V           ; 0.139 V                              ; 0.119 V                              ; 4.42e-10 s                  ; 4.33e-10 s                  ; No                         ; Yes                        ; 2.75 V                      ; 0.000213 V                  ; 2.79 V             ; -0.0324 V          ; 0.139 V                             ; 0.119 V                             ; 4.42e-10 s                 ; 4.33e-10 s                 ; No                        ; Yes                       ;
; vga_r[3] ; 2.5 V        ; 0 s                 ; 0 s                 ; 2.75 V                       ; 0.000242 V                   ; 2.86 V              ; -0.0805 V           ; 0.358 V                              ; 0.156 V                              ; 3.01e-10 s                  ; 4.34e-10 s                  ; No                         ; No                         ; 2.75 V                      ; 0.000242 V                  ; 2.86 V             ; -0.0805 V          ; 0.358 V                             ; 0.156 V                             ; 3.01e-10 s                 ; 4.34e-10 s                 ; No                        ; No                        ;
; vga_g[0] ; 2.5 V        ; 0 s                 ; 0 s                 ; 2.75 V                       ; 0.000242 V                   ; 2.86 V              ; -0.0805 V           ; 0.358 V                              ; 0.156 V                              ; 3.01e-10 s                  ; 4.34e-10 s                  ; No                         ; No                         ; 2.75 V                      ; 0.000242 V                  ; 2.86 V             ; -0.0805 V          ; 0.358 V                             ; 0.156 V                             ; 3.01e-10 s                 ; 4.34e-10 s                 ; No                        ; No                        ;
; vga_g[1] ; 2.5 V        ; 0 s                 ; 0 s                 ; 2.75 V                       ; 0.000242 V                   ; 2.86 V              ; -0.0814 V           ; 0.36 V                               ; 0.156 V                              ; 3e-10 s                     ; 4.34e-10 s                  ; No                         ; No                         ; 2.75 V                      ; 0.000242 V                  ; 2.86 V             ; -0.0814 V          ; 0.36 V                              ; 0.156 V                             ; 3e-10 s                    ; 4.34e-10 s                 ; No                        ; No                        ;
; vga_g[2] ; 2.5 V        ; 0 s                 ; 0 s                 ; 2.75 V                       ; 0.000247 V                   ; 2.85 V              ; -0.0711 V           ; 0.204 V                              ; 0.181 V                              ; 4.55e-10 s                  ; 4.49e-10 s                  ; No                         ; No                         ; 2.75 V                      ; 0.000247 V                  ; 2.85 V             ; -0.0711 V          ; 0.204 V                             ; 0.181 V                             ; 4.55e-10 s                 ; 4.49e-10 s                 ; No                        ; No                        ;
; vga_g[3] ; 2.5 V        ; 0 s                 ; 0 s                 ; 2.75 V                       ; 0.000213 V                   ; 2.79 V              ; -0.0324 V           ; 0.139 V                              ; 0.119 V                              ; 4.42e-10 s                  ; 4.33e-10 s                  ; No                         ; Yes                        ; 2.75 V                      ; 0.000213 V                  ; 2.79 V             ; -0.0324 V          ; 0.139 V                             ; 0.119 V                             ; 4.42e-10 s                 ; 4.33e-10 s                 ; No                        ; Yes                       ;
; vga_b[0] ; 2.5 V        ; 0 s                 ; 0 s                 ; 2.75 V                       ; 0.000242 V                   ; 2.86 V              ; -0.0805 V           ; 0.358 V                              ; 0.156 V                              ; 3.01e-10 s                  ; 4.34e-10 s                  ; No                         ; No                         ; 2.75 V                      ; 0.000242 V                  ; 2.86 V             ; -0.0805 V          ; 0.358 V                             ; 0.156 V                             ; 3.01e-10 s                 ; 4.34e-10 s                 ; No                        ; No                        ;
; vga_b[1] ; 2.5 V        ; 0 s                 ; 0 s                 ; 2.75 V                       ; 0.000242 V                   ; 2.86 V              ; -0.0814 V           ; 0.36 V                               ; 0.156 V                              ; 3e-10 s                     ; 4.34e-10 s                  ; No                         ; No                         ; 2.75 V                      ; 0.000242 V                  ; 2.86 V             ; -0.0814 V          ; 0.36 V                              ; 0.156 V                             ; 3e-10 s                    ; 4.34e-10 s                 ; No                        ; No                        ;
; vga_b[2] ; 2.5 V        ; 0 s                 ; 0 s                 ; 2.75 V                       ; 0.000247 V                   ; 2.85 V              ; -0.0711 V           ; 0.204 V                              ; 0.181 V                              ; 4.55e-10 s                  ; 4.49e-10 s                  ; No                         ; No                         ; 2.75 V                      ; 0.000247 V                  ; 2.85 V             ; -0.0711 V          ; 0.204 V                             ; 0.181 V                             ; 4.55e-10 s                 ; 4.49e-10 s                 ; No                        ; No                        ;
; vga_b[3] ; 2.5 V        ; 0 s                 ; 0 s                 ; 2.75 V                       ; 0.000213 V                   ; 2.79 V              ; -0.0324 V           ; 0.139 V                              ; 0.119 V                              ; 4.42e-10 s                  ; 4.33e-10 s                  ; No                         ; Yes                        ; 2.75 V                      ; 0.000213 V                  ; 2.79 V             ; -0.0324 V          ; 0.139 V                             ; 0.119 V                             ; 4.42e-10 s                 ; 4.33e-10 s                 ; No                        ; Yes                       ;
; vga_hs   ; 2.5 V        ; 0 s                 ; 0 s                 ; 2.75 V                       ; 0.000242 V                   ; 2.86 V              ; -0.0805 V           ; 0.358 V                              ; 0.156 V                              ; 3.01e-10 s                  ; 4.34e-10 s                  ; No                         ; No                         ; 2.75 V                      ; 0.000242 V                  ; 2.86 V             ; -0.0805 V          ; 0.358 V                             ; 0.156 V                             ; 3.01e-10 s                 ; 4.34e-10 s                 ; No                        ; No                        ;
; vga_vs   ; 2.5 V        ; 0 s                 ; 0 s                 ; 2.75 V                       ; 0.000242 V                   ; 2.86 V              ; -0.0814 V           ; 0.36 V                               ; 0.156 V                              ; 3e-10 s                     ; 4.34e-10 s                  ; No                         ; No                         ; 2.75 V                      ; 0.000242 V                  ; 2.86 V             ; -0.0814 V          ; 0.36 V                              ; 0.156 V                             ; 3e-10 s                    ; 4.34e-10 s                 ; No                        ; No                        ;
; ps2_clk  ; 2.5 V        ; 0 s                 ; 0 s                 ; 2.75 V                       ; 0.000247 V                   ; 2.85 V              ; -0.0711 V           ; 0.204 V                              ; 0.181 V                              ; 4.55e-10 s                  ; 4.49e-10 s                  ; No                         ; No                         ; 2.75 V                      ; 0.000247 V                  ; 2.85 V             ; -0.0711 V          ; 0.204 V                             ; 0.181 V                             ; 4.55e-10 s                 ; 4.49e-10 s                 ; No                        ; No                        ;
; ps2_dat  ; 2.5 V        ; 0 s                 ; 0 s                 ; 2.75 V                       ; 0.000247 V                   ; 2.85 V              ; -0.0711 V           ; 0.204 V                              ; 0.181 V                              ; 4.55e-10 s                  ; 4.49e-10 s                  ; No                         ; No                         ; 2.75 V                      ; 0.000247 V                  ; 2.85 V             ; -0.0711 V          ; 0.204 V                             ; 0.181 V                             ; 4.55e-10 s                 ; 4.49e-10 s                 ; No                        ; No                        ;
+----------+--------------+---------------------+---------------------+------------------------------+------------------------------+---------------------+---------------------+--------------------------------------+--------------------------------------+-----------------------------+-----------------------------+----------------------------+----------------------------+-----------------------------+-----------------------------+--------------------+--------------------+-------------------------------------+-------------------------------------+----------------------------+----------------------------+---------------------------+---------------------------+


+-------------------------------------------------------------------------------------------------------------------------+
; Setup Transfers                                                                                                         ;
+--------------------------------------+--------------------------------------+----------+----------+----------+----------+
; From Clock                           ; To Clock                             ; RR Paths ; FR Paths ; RF Paths ; FF Paths ;
+--------------------------------------+--------------------------------------+----------+----------+----------+----------+
; clk25_gen:clk_inst|clk_div           ; clk25_gen:clk_inst|clk_div           ; 90437    ; 0        ; 0        ; 0        ;
; MOUSE:mouse_inst|MOUSE_CLK_FILTER    ; clk25_gen:clk_inst|clk_div           ; 1        ; 5        ; 0        ; 0        ;
; VGA_SYNC:vga_sync_inst|vert_sync_out ; clk25_gen:clk_inst|clk_div           ; 822      ; 244      ; 0        ; 0        ;
; clk25_gen:clk_inst|clk_div           ; clock_50                             ; 1        ; 1        ; 0        ; 0        ;
; clk25_gen:clk_inst|clk_div           ; MOUSE:mouse_inst|MOUSE_CLK_FILTER    ; 0        ; 0        ; 35       ; 0        ;
; MOUSE:mouse_inst|MOUSE_CLK_FILTER    ; MOUSE:mouse_inst|MOUSE_CLK_FILTER    ; 0        ; 0        ; 0        ; 193      ;
; clk25_gen:clk_inst|clk_div           ; VGA_SYNC:vga_sync_inst|vert_sync_out ; 30       ; 0        ; 0        ; 0        ;
; MOUSE:mouse_inst|MOUSE_CLK_FILTER    ; VGA_SYNC:vga_sync_inst|vert_sync_out ; 0        ; 15       ; 0        ; 0        ;
; VGA_SYNC:vga_sync_inst|vert_sync_out ; VGA_SYNC:vga_sync_inst|vert_sync_out ; 437      ; 0        ; 0        ; 0        ;
+--------------------------------------+--------------------------------------+----------+----------+----------+----------+
Entries labeled "false path" only account for clock-to-clock false paths and not path-based false paths. As a result, actual path counts may be lower than reported.


+-------------------------------------------------------------------------------------------------------------------------+
; Hold Transfers                                                                                                          ;
+--------------------------------------+--------------------------------------+----------+----------+----------+----------+
; From Clock                           ; To Clock                             ; RR Paths ; FR Paths ; RF Paths ; FF Paths ;
+--------------------------------------+--------------------------------------+----------+----------+----------+----------+
; clk25_gen:clk_inst|clk_div           ; clk25_gen:clk_inst|clk_div           ; 90437    ; 0        ; 0        ; 0        ;
; MOUSE:mouse_inst|MOUSE_CLK_FILTER    ; clk25_gen:clk_inst|clk_div           ; 1        ; 5        ; 0        ; 0        ;
; VGA_SYNC:vga_sync_inst|vert_sync_out ; clk25_gen:clk_inst|clk_div           ; 822      ; 244      ; 0        ; 0        ;
; clk25_gen:clk_inst|clk_div           ; clock_50                             ; 1        ; 1        ; 0        ; 0        ;
; clk25_gen:clk_inst|clk_div           ; MOUSE:mouse_inst|MOUSE_CLK_FILTER    ; 0        ; 0        ; 35       ; 0        ;
; MOUSE:mouse_inst|MOUSE_CLK_FILTER    ; MOUSE:mouse_inst|MOUSE_CLK_FILTER    ; 0        ; 0        ; 0        ; 193      ;
; clk25_gen:clk_inst|clk_div           ; VGA_SYNC:vga_sync_inst|vert_sync_out ; 30       ; 0        ; 0        ; 0        ;
; MOUSE:mouse_inst|MOUSE_CLK_FILTER    ; VGA_SYNC:vga_sync_inst|vert_sync_out ; 0        ; 15       ; 0        ; 0        ;
; VGA_SYNC:vga_sync_inst|vert_sync_out ; VGA_SYNC:vga_sync_inst|vert_sync_out ; 437      ; 0        ; 0        ; 0        ;
+--------------------------------------+--------------------------------------+----------+----------+----------+----------+
Entries labeled "false path" only account for clock-to-clock false paths and not path-based false paths. As a result, actual path counts may be lower than reported.


+---------------------------------------------------------------------------------------------------------------+
; Recovery Transfers                                                                                            ;
+----------------------------+--------------------------------------+----------+----------+----------+----------+
; From Clock                 ; To Clock                             ; RR Paths ; FR Paths ; RF Paths ; FF Paths ;
+----------------------------+--------------------------------------+----------+----------+----------+----------+
; clk25_gen:clk_inst|clk_div ; clk25_gen:clk_inst|clk_div           ; 248      ; 0        ; 0        ; 0        ;
; clk25_gen:clk_inst|clk_div ; MOUSE:mouse_inst|MOUSE_CLK_FILTER    ; 0        ; 0        ; 16       ; 0        ;
; clk25_gen:clk_inst|clk_div ; VGA_SYNC:vga_sync_inst|vert_sync_out ; 11       ; 0        ; 0        ; 0        ;
+----------------------------+--------------------------------------+----------+----------+----------+----------+
Entries labeled "false path" only account for clock-to-clock false paths and not path-based false paths. As a result, actual path counts may be lower than reported.


+---------------------------------------------------------------------------------------------------------------+
; Removal Transfers                                                                                             ;
+----------------------------+--------------------------------------+----------+----------+----------+----------+
; From Clock                 ; To Clock                             ; RR Paths ; FR Paths ; RF Paths ; FF Paths ;
+----------------------------+--------------------------------------+----------+----------+----------+----------+
; clk25_gen:clk_inst|clk_div ; clk25_gen:clk_inst|clk_div           ; 248      ; 0        ; 0        ; 0        ;
; clk25_gen:clk_inst|clk_div ; MOUSE:mouse_inst|MOUSE_CLK_FILTER    ; 0        ; 0        ; 16       ; 0        ;
; clk25_gen:clk_inst|clk_div ; VGA_SYNC:vga_sync_inst|vert_sync_out ; 11       ; 0        ; 0        ; 0        ;
+----------------------------+--------------------------------------+----------+----------+----------+----------+
Entries labeled "false path" only account for clock-to-clock false paths and not path-based false paths. As a result, actual path counts may be lower than reported.


---------------
; Report TCCS ;
---------------
No dedicated SERDES Transmitter circuitry present in device or used in design


---------------
; Report RSKM ;
---------------
No non-DPA dedicated SERDES Receiver circuitry present in device or used in design


+------------------------------------------------+
; Unconstrained Paths Summary                    ;
+---------------------------------+-------+------+
; Property                        ; Setup ; Hold ;
+---------------------------------+-------+------+
; Illegal Clocks                  ; 0     ; 0    ;
; Unconstrained Clocks            ; 0     ; 0    ;
; Unconstrained Input Ports       ; 7     ; 7    ;
; Unconstrained Input Port Paths  ; 215   ; 215  ;
; Unconstrained Output Ports      ; 46    ; 46   ;
; Unconstrained Output Port Paths ; 2850  ; 2850 ;
+---------------------------------+-------+------+


+--------------------------------------------------------------------------------------------------+
; Clock Status Summary                                                                             ;
+--------------------------------------+--------------------------------------+------+-------------+
; Target                               ; Clock                                ; Type ; Status      ;
+--------------------------------------+--------------------------------------+------+-------------+
; MOUSE:mouse_inst|MOUSE_CLK_FILTER    ; MOUSE:mouse_inst|MOUSE_CLK_FILTER    ; Base ; Constrained ;
; VGA_SYNC:vga_sync_inst|vert_sync_out ; VGA_SYNC:vga_sync_inst|vert_sync_out ; Base ; Constrained ;
; clk25_gen:clk_inst|clk_div           ; clk25_gen:clk_inst|clk_div           ; Base ; Constrained ;
; clock_50                             ; clock_50                             ; Base ; Constrained ;
+--------------------------------------+--------------------------------------+------+-------------+


+---------------------------------------------------------------------------------------------------+
; Unconstrained Input Ports                                                                         ;
+------------+--------------------------------------------------------------------------------------+
; Input Port ; Comment                                                                              ;
+------------+--------------------------------------------------------------------------------------+
; key[0]     ; No input delay, min/max delays, false-path exceptions, or max skew assignments found ;
; key[1]     ; No input delay, min/max delays, false-path exceptions, or max skew assignments found ;
; key[2]     ; No input delay, min/max delays, false-path exceptions, or max skew assignments found ;
; ps2_clk    ; No input delay, min/max delays, false-path exceptions, or max skew assignments found ;
; ps2_dat    ; No input delay, min/max delays, false-path exceptions, or max skew assignments found ;
; reset_n    ; No input delay, min/max delays, false-path exceptions, or max skew assignments found ;
; sw[9]      ; No input delay, min/max delays, false-path exceptions, or max skew assignments found ;
+------------+--------------------------------------------------------------------------------------+


+-----------------------------------------------------------------------------------------------------+
; Unconstrained Output Ports                                                                          ;
+-------------+---------------------------------------------------------------------------------------+
; Output Port ; Comment                                                                               ;
+-------------+---------------------------------------------------------------------------------------+
; hex0[0]     ; No output delay, min/max delays, false-path exceptions, or max skew assignments found ;
; hex0[1]     ; No output delay, min/max delays, false-path exceptions, or max skew assignments found ;
; hex0[2]     ; No output delay, min/max delays, false-path exceptions, or max skew assignments found ;
; hex0[3]     ; No output delay, min/max delays, false-path exceptions, or max skew assignments found ;
; hex0[4]     ; No output delay, min/max delays, false-path exceptions, or max skew assignments found ;
; hex0[5]     ; No output delay, min/max delays, false-path exceptions, or max skew assignments found ;
; hex0[6]     ; No output delay, min/max delays, false-path exceptions, or max skew assignments found ;
; hex1[0]     ; No output delay, min/max delays, false-path exceptions, or max skew assignments found ;
; hex1[1]     ; No output delay, min/max delays, false-path exceptions, or max skew assignments found ;
; hex1[2]     ; No output delay, min/max delays, false-path exceptions, or max skew assignments found ;
; hex1[3]     ; No output delay, min/max delays, false-path exceptions, or max skew assignments found ;
; hex1[4]     ; No output delay, min/max delays, false-path exceptions, or max skew assignments found ;
; hex1[5]     ; No output delay, min/max delays, false-path exceptions, or max skew assignments found ;
; hex1[6]     ; No output delay, min/max delays, false-path exceptions, or max skew assignments found ;
; hex2[0]     ; No output delay, min/max delays, false-path exceptions, or max skew assignments found ;
; hex2[1]     ; No output delay, min/max delays, false-path exceptions, or max skew assignments found ;
; hex2[2]     ; No output delay, min/max delays, false-path exceptions, or max skew assignments found ;
; hex2[3]     ; No output delay, min/max delays, false-path exceptions, or max skew assignments found ;
; hex2[4]     ; No output delay, min/max delays, false-path exceptions, or max skew assignments found ;
; hex2[6]     ; No output delay, min/max delays, false-path exceptions, or max skew assignments found ;
; hex5[0]     ; No output delay, min/max delays, false-path exceptions, or max skew assignments found ;
; hex5[1]     ; No output delay, min/max delays, false-path exceptions, or max skew assignments found ;
; hex5[2]     ; No output delay, min/max delays, false-path exceptions, or max skew assignments found ;
; hex5[3]     ; No output delay, min/max delays, false-path exceptions, or max skew assignments found ;
; hex5[4]     ; No output delay, min/max delays, false-path exceptions, or max skew assignments found ;
; hex5[5]     ; No output delay, min/max delays, false-path exceptions, or max skew assignments found ;
; hex5[6]     ; No output delay, min/max delays, false-path exceptions, or max skew assignments found ;
; led[0]      ; No output delay, min/max delays, false-path exceptions, or max skew assignments found ;
; led[1]      ; No output delay, min/max delays, false-path exceptions, or max skew assignments found ;
; led[9]      ; No output delay, min/max delays, false-path exceptions, or max skew assignments found ;
; ps2_clk     ; No output delay, min/max delays, false-path exceptions, or max skew assignments found ;
; ps2_dat     ; No output delay, min/max delays, false-path exceptions, or max skew assignments found ;
; vga_b[0]    ; No output delay, min/max delays, false-path exceptions, or max skew assignments found ;
; vga_b[1]    ; No output delay, min/max delays, false-path exceptions, or max skew assignments found ;
; vga_b[2]    ; No output delay, min/max delays, false-path exceptions, or max skew assignments found ;
; vga_b[3]    ; No output delay, min/max delays, false-path exceptions, or max skew assignments found ;
; vga_g[0]    ; No output delay, min/max delays, false-path exceptions, or max skew assignments found ;
; vga_g[1]    ; No output delay, min/max delays, false-path exceptions, or max skew assignments found ;
; vga_g[2]    ; No output delay, min/max delays, false-path exceptions, or max skew assignments found ;
; vga_g[3]    ; No output delay, min/max delays, false-path exceptions, or max skew assignments found ;
; vga_hs      ; No output delay, min/max delays, false-path exceptions, or max skew assignments found ;
; vga_r[0]    ; No output delay, min/max delays, false-path exceptions, or max skew assignments found ;
; vga_r[1]    ; No output delay, min/max delays, false-path exceptions, or max skew assignments found ;
; vga_r[2]    ; No output delay, min/max delays, false-path exceptions, or max skew assignments found ;
; vga_r[3]    ; No output delay, min/max delays, false-path exceptions, or max skew assignments found ;
; vga_vs      ; No output delay, min/max delays, false-path exceptions, or max skew assignments found ;
+-------------+---------------------------------------------------------------------------------------+


+---------------------------------------------------------------------------------------------------+
; Unconstrained Input Ports                                                                         ;
+------------+--------------------------------------------------------------------------------------+
; Input Port ; Comment                                                                              ;
+------------+--------------------------------------------------------------------------------------+
; key[0]     ; No input delay, min/max delays, false-path exceptions, or max skew assignments found ;
; key[1]     ; No input delay, min/max delays, false-path exceptions, or max skew assignments found ;
; key[2]     ; No input delay, min/max delays, false-path exceptions, or max skew assignments found ;
; ps2_clk    ; No input delay, min/max delays, false-path exceptions, or max skew assignments found ;
; ps2_dat    ; No input delay, min/max delays, false-path exceptions, or max skew assignments found ;
; reset_n    ; No input delay, min/max delays, false-path exceptions, or max skew assignments found ;
; sw[9]      ; No input delay, min/max delays, false-path exceptions, or max skew assignments found ;
+------------+--------------------------------------------------------------------------------------+


+-----------------------------------------------------------------------------------------------------+
; Unconstrained Output Ports                                                                          ;
+-------------+---------------------------------------------------------------------------------------+
; Output Port ; Comment                                                                               ;
+-------------+---------------------------------------------------------------------------------------+
; hex0[0]     ; No output delay, min/max delays, false-path exceptions, or max skew assignments found ;
; hex0[1]     ; No output delay, min/max delays, false-path exceptions, or max skew assignments found ;
; hex0[2]     ; No output delay, min/max delays, false-path exceptions, or max skew assignments found ;
; hex0[3]     ; No output delay, min/max delays, false-path exceptions, or max skew assignments found ;
; hex0[4]     ; No output delay, min/max delays, false-path exceptions, or max skew assignments found ;
; hex0[5]     ; No output delay, min/max delays, false-path exceptions, or max skew assignments found ;
; hex0[6]     ; No output delay, min/max delays, false-path exceptions, or max skew assignments found ;
; hex1[0]     ; No output delay, min/max delays, false-path exceptions, or max skew assignments found ;
; hex1[1]     ; No output delay, min/max delays, false-path exceptions, or max skew assignments found ;
; hex1[2]     ; No output delay, min/max delays, false-path exceptions, or max skew assignments found ;
; hex1[3]     ; No output delay, min/max delays, false-path exceptions, or max skew assignments found ;
; hex1[4]     ; No output delay, min/max delays, false-path exceptions, or max skew assignments found ;
; hex1[5]     ; No output delay, min/max delays, false-path exceptions, or max skew assignments found ;
; hex1[6]     ; No output delay, min/max delays, false-path exceptions, or max skew assignments found ;
; hex2[0]     ; No output delay, min/max delays, false-path exceptions, or max skew assignments found ;
; hex2[1]     ; No output delay, min/max delays, false-path exceptions, or max skew assignments found ;
; hex2[2]     ; No output delay, min/max delays, false-path exceptions, or max skew assignments found ;
; hex2[3]     ; No output delay, min/max delays, false-path exceptions, or max skew assignments found ;
; hex2[4]     ; No output delay, min/max delays, false-path exceptions, or max skew assignments found ;
; hex2[6]     ; No output delay, min/max delays, false-path exceptions, or max skew assignments found ;
; hex5[0]     ; No output delay, min/max delays, false-path exceptions, or max skew assignments found ;
; hex5[1]     ; No output delay, min/max delays, false-path exceptions, or max skew assignments found ;
; hex5[2]     ; No output delay, min/max delays, false-path exceptions, or max skew assignments found ;
; hex5[3]     ; No output delay, min/max delays, false-path exceptions, or max skew assignments found ;
; hex5[4]     ; No output delay, min/max delays, false-path exceptions, or max skew assignments found ;
; hex5[5]     ; No output delay, min/max delays, false-path exceptions, or max skew assignments found ;
; hex5[6]     ; No output delay, min/max delays, false-path exceptions, or max skew assignments found ;
; led[0]      ; No output delay, min/max delays, false-path exceptions, or max skew assignments found ;
; led[1]      ; No output delay, min/max delays, false-path exceptions, or max skew assignments found ;
; led[9]      ; No output delay, min/max delays, false-path exceptions, or max skew assignments found ;
; ps2_clk     ; No output delay, min/max delays, false-path exceptions, or max skew assignments found ;
; ps2_dat     ; No output delay, min/max delays, false-path exceptions, or max skew assignments found ;
; vga_b[0]    ; No output delay, min/max delays, false-path exceptions, or max skew assignments found ;
; vga_b[1]    ; No output delay, min/max delays, false-path exceptions, or max skew assignments found ;
; vga_b[2]    ; No output delay, min/max delays, false-path exceptions, or max skew assignments found ;
; vga_b[3]    ; No output delay, min/max delays, false-path exceptions, or max skew assignments found ;
; vga_g[0]    ; No output delay, min/max delays, false-path exceptions, or max skew assignments found ;
; vga_g[1]    ; No output delay, min/max delays, false-path exceptions, or max skew assignments found ;
; vga_g[2]    ; No output delay, min/max delays, false-path exceptions, or max skew assignments found ;
; vga_g[3]    ; No output delay, min/max delays, false-path exceptions, or max skew assignments found ;
; vga_hs      ; No output delay, min/max delays, false-path exceptions, or max skew assignments found ;
; vga_r[0]    ; No output delay, min/max delays, false-path exceptions, or max skew assignments found ;
; vga_r[1]    ; No output delay, min/max delays, false-path exceptions, or max skew assignments found ;
; vga_r[2]    ; No output delay, min/max delays, false-path exceptions, or max skew assignments found ;
; vga_r[3]    ; No output delay, min/max delays, false-path exceptions, or max skew assignments found ;
; vga_vs      ; No output delay, min/max delays, false-path exceptions, or max skew assignments found ;
+-------------+---------------------------------------------------------------------------------------+


+--------------------------+
; Timing Analyzer Messages ;
+--------------------------+
Info: *******************************************************************
Info: Running Quartus Prime Timing Analyzer
    Info: Version 24.1std.0 Build 1077 03/04/2025 SC Lite Edition
    Info: Processing started: Wed May 27 19:13:04 2026
Info: Command: quartus_sta de0_cv_default -c de0_cv_default
Info: qsta_default_script.tcl version: #1
Warning (136002): Ignored duplicate of assignment PARTITION_SOURCE for node ""
Warning (136002): Ignored duplicate of assignment PARTITION_PRESERVE_HIGH_SPEED_TILES for node ""
Warning (136002): Ignored duplicate of assignment PARTITION_IGNORE_SOURCE_FILE_CHANGES for node ""
Warning (136002): Ignored duplicate of assignment PARTITION_ALWAYS_USE_QXP_NETLIST for node ""
Warning (136002): Ignored duplicate of assignment PARTITION_IMPORT_NEW_ASSIGNMENTS for node ""
Warning (136002): Ignored duplicate of assignment PARTITION_IMPORT_EXISTING_ASSIGNMENTS for node ""
Warning (136002): Ignored duplicate of assignment PARTITION_IMPORT_EXISTING_LOGICLOCK_REGIONS for node ""
Warning (136002): Ignored duplicate of assignment PARTITION_IMPORT_PIN_ASSIGNMENTS for node ""
Warning (136002): Ignored duplicate of assignment PARTITION_IMPORT_PROMOTE_ASSIGNMENTS for node ""
Warning (136002): Ignored duplicate of assignment PARTITION_TYPE for node ""
Warning (136002): Ignored duplicate of assignment ALLOW_MULTIPLE_PERSONAS for node ""
Warning (136002): Ignored duplicate of assignment PARTITION_ASD_REGION_ID for node ""
Warning (136002): Ignored duplicate of assignment CROSS_BOUNDARY_OPTIMIZATIONS for node ""
Warning (136002): Ignored duplicate of assignment PROPAGATE_CONSTANTS_ON_INPUTS for node ""
Warning (136002): Ignored duplicate of assignment PROPAGATE_INVERSIONS_ON_INPUTS for node ""
Warning (136002): Ignored duplicate of assignment REMOVE_LOGIC_ON_UNCONNECTED_OUTPUTS for node ""
Warning (136002): Ignored duplicate of assignment MERGE_EQUIVALENT_INPUTS for node ""
Warning (136002): Ignored duplicate of assignment MERGE_EQUIVALENT_BIDIRS for node ""
Warning (136002): Ignored duplicate of assignment ABSORB_PATHS_FROM_OUTPUTS_TO_INPUTS for node ""
Warning (136002): Ignored duplicate of assignment PARTITION_EXTRACT_HARD_BLOCK_NODES for node ""
Warning (136002): Ignored duplicate of assignment PARTITION_ENABLE_STRICT_PRESERVATION for node ""
Warning (136002): Ignored duplicate of assignment PARTITION_BACK_ANNOTATION for node ""
Warning (136002): Ignored duplicate of assignment PARTITION_COLOR for node ""
Warning (136002): Ignored duplicate of assignment HIERARCHY_BLACKBOX_FILE for node "|"
Warning (136002): Ignored duplicate of assignment PARTITION_SOURCE for node ""
Warning (136002): Ignored duplicate of assignment PARTITION_PRESERVE_HIGH_SPEED_TILES for node ""
Warning (136002): Ignored duplicate of assignment PARTITION_IGNORE_SOURCE_FILE_CHANGES for node ""
Warning (136002): Ignored duplicate of assignment PARTITION_ALWAYS_USE_QXP_NETLIST for node ""
Warning (136002): Ignored duplicate of assignment PARTITION_IMPORT_NEW_ASSIGNMENTS for node ""
Warning (136002): Ignored duplicate of assignment PARTITION_IMPORT_EXISTING_ASSIGNMENTS for node ""
Warning (136002): Ignored duplicate of assignment PARTITION_IMPORT_EXISTING_LOGICLOCK_REGIONS for node ""
Warning (136002): Ignored duplicate of assignment PARTITION_IMPORT_PIN_ASSIGNMENTS for node ""
Warning (136002): Ignored duplicate of assignment PARTITION_IMPORT_PROMOTE_ASSIGNMENTS for node ""
Warning (136002): Ignored duplicate of assignment PARTITION_TYPE for node ""
Warning (136002): Ignored duplicate of assignment ALLOW_MULTIPLE_PERSONAS for node ""
Warning (136002): Ignored duplicate of assignment PARTITION_ASD_REGION_ID for node ""
Warning (136002): Ignored duplicate of assignment CROSS_BOUNDARY_OPTIMIZATIONS for node ""
Warning (136002): Ignored duplicate of assignment PROPAGATE_CONSTANTS_ON_INPUTS for node ""
Warning (136002): Ignored duplicate of assignment PROPAGATE_INVERSIONS_ON_INPUTS for node ""
Warning (136002): Ignored duplicate of assignment REMOVE_LOGIC_ON_UNCONNECTED_OUTPUTS for node ""
Warning (136002): Ignored duplicate of assignment MERGE_EQUIVALENT_INPUTS for node ""
Warning (136002): Ignored duplicate of assignment MERGE_EQUIVALENT_BIDIRS for node ""
Warning (136002): Ignored duplicate of assignment ABSORB_PATHS_FROM_OUTPUTS_TO_INPUTS for node ""
Warning (136002): Ignored duplicate of assignment PARTITION_EXTRACT_HARD_BLOCK_NODES for node ""
Warning (136002): Ignored duplicate of assignment PARTITION_ENABLE_STRICT_PRESERVATION for node ""
Warning (136002): Ignored duplicate of assignment PARTITION_BACK_ANNOTATION for node ""
Warning (136002): Ignored duplicate of assignment PARTITION_COLOR for node ""
Warning (136002): Ignored duplicate of assignment HIERARCHY_BLACKBOX_FILE for node "|"
Warning (18236): Number of processors has not been specified which may cause overloading on shared machines.  Set the global assignment NUM_PARALLEL_PROCESSORS in your QSF to an appropriate value for best performance.
Info (20030): Parallel compilation is enabled and will use 4 of the 4 processors detected
Info (21077): Low junction temperature is 0 degrees C
Info (21077): High junction temperature is 85 degrees C
Critical Warning (332012): Synopsys Design Constraints File file not found: 'de0_cv_default.sdc'. A Synopsys Design Constraints File is required by the Timing Analyzer to get proper timing constraints. Without it, the Compiler will not properly optimize the design.
Info (332142): No user constrained base clocks found in the design. Calling "derive_clocks -period 1.0"
Info (332105): Deriving Clocks
    Info (332105): create_clock -period 1.000 -name clk25_gen:clk_inst|clk_div clk25_gen:clk_inst|clk_div
    Info (332105): create_clock -period 1.000 -name clock_50 clock_50
    Info (332105): create_clock -period 1.000 -name VGA_SYNC:vga_sync_inst|vert_sync_out VGA_SYNC:vga_sync_inst|vert_sync_out
    Info (332105): create_clock -period 1.000 -name MOUSE:mouse_inst|MOUSE_CLK_FILTER MOUSE:mouse_inst|MOUSE_CLK_FILTER
Info (332143): No user constrained clock uncertainty found in the design. Calling "derive_clock_uncertainty"
Info (332123): Deriving Clock Uncertainty. Please refer to report_sdc in the Timing Analyzer to see clock uncertainties.
Info: Found TIMING_ANALYZER_REPORT_SCRIPT_INCLUDE_DEFAULT_ANALYSIS = ON
Info: Analyzing Slow 1100mV 85C Model
Critical Warning (332148): Timing requirements not met
    Info (11105): For recommendations on closing timing, run Report Timing Closure Recommendations in the Timing Analyzer.
Info (332146): Worst-case setup slack is -8.298
    Info (332119):     Slack       End Point TNS Clock 
    Info (332119): ========= =================== =====================
    Info (332119):    -8.298           -1764.801 clk25_gen:clk_inst|clk_div 
    Info (332119):    -4.010             -36.970 VGA_SYNC:vga_sync_inst|vert_sync_out 
    Info (332119):    -3.800            -112.728 MOUSE:mouse_inst|MOUSE_CLK_FILTER 
    Info (332119):    -2.507              -2.507 clock_50 
Info (332146): Worst-case hold slack is 0.010
    Info (332119):     Slack       End Point TNS Clock 
    Info (332119): ========= =================== =====================
    Info (332119):     0.010               0.000 clk25_gen:clk_inst|clk_div 
    Info (332119):     0.582               0.000 MOUSE:mouse_inst|MOUSE_CLK_FILTER 
    Info (332119):     0.620               0.000 VGA_SYNC:vga_sync_inst|vert_sync_out 
    Info (332119):     0.734               0.000 clock_50 
Info (332146): Worst-case recovery slack is -2.528
    Info (332119):     Slack       End Point TNS Clock 
    Info (332119): ========= =================== =====================
    Info (332119):    -2.528             -34.808 MOUSE:mouse_inst|MOUSE_CLK_FILTER 
    Info (332119):    -1.838             -17.905 VGA_SYNC:vga_sync_inst|vert_sync_out 
    Info (332119):    -1.683            -331.357 clk25_gen:clk_inst|clk_div 
Info (332146): Worst-case removal slack is 0.748
    Info (332119):     Slack       End Point TNS Clock 
    Info (332119): ========= =================== =====================
    Info (332119):     0.748               0.000 clk25_gen:clk_inst|clk_div 
    Info (332119):     0.812               0.000 VGA_SYNC:vga_sync_inst|vert_sync_out 
    Info (332119):     1.016               0.000 MOUSE:mouse_inst|MOUSE_CLK_FILTER 
Info (332146): Worst-case minimum pulse width slack is -2.636
    Info (332119):     Slack       End Point TNS Clock 
    Info (332119): ========= =================== =====================
    Info (332119):    -2.636            -498.029 clk25_gen:clk_inst|clk_div 
    Info (332119):    -0.538             -28.956 MOUSE:mouse_inst|MOUSE_CLK_FILTER 
    Info (332119):    -0.538             -10.573 VGA_SYNC:vga_sync_inst|vert_sync_out 
    Info (332119):    -0.538              -1.030 clock_50 
Info: Analyzing Slow 1100mV 0C Model
Info (334003): Started post-fitting delay annotation
Info (334004): Delay annotation completed successfully
Info (332123): Deriving Clock Uncertainty. Please refer to report_sdc in the Timing Analyzer to see clock uncertainties.
Critical Warning (332148): Timing requirements not met
    Info (11105): For recommendations on closing timing, run Report Timing Closure Recommendations in the Timing Analyzer.
Info (332146): Worst-case setup slack is -8.410
    Info (332119):     Slack       End Point TNS Clock 
    Info (332119): ========= =================== =====================
    Info (332119):    -8.410           -1742.034 clk25_gen:clk_inst|clk_div 
    Info (332119):    -4.146             -37.690 VGA_SYNC:vga_sync_inst|vert_sync_out 
    Info (332119):    -3.690            -104.140 MOUSE:mouse_inst|MOUSE_CLK_FILTER 
    Info (332119):    -2.380              -2.380 clock_50 
Info (332146): Worst-case hold slack is -0.036
    Info (332119):     Slack       End Point TNS Clock 
    Info (332119): ========= =================== =====================
    Info (332119):    -0.036              -0.036 clk25_gen:clk_inst|clk_div 
    Info (332119):     0.615               0.000 MOUSE:mouse_inst|MOUSE_CLK_FILTER 
    Info (332119):     0.642               0.000 VGA_SYNC:vga_sync_inst|vert_sync_out 
    Info (332119):     0.671               0.000 clock_50 
Info (332146): Worst-case recovery slack is -2.354
    Info (332119):     Slack       End Point TNS Clock 
    Info (332119): ========= =================== =====================
    Info (332119):    -2.354             -31.679 MOUSE:mouse_inst|MOUSE_CLK_FILTER 
    Info (332119):    -1.733             -16.727 VGA_SYNC:vga_sync_inst|vert_sync_out 
    Info (332119):    -1.590            -314.169 clk25_gen:clk_inst|clk_div 
Info (332146): Worst-case removal slack is 0.699
    Info (332119):     Slack       End Point TNS Clock 
    Info (332119): ========= =================== =====================
    Info (332119):     0.699               0.000 clk25_gen:clk_inst|clk_div 
    Info (332119):     0.749               0.000 VGA_SYNC:vga_sync_inst|vert_sync_out 
    Info (332119):     0.928               0.000 MOUSE:mouse_inst|MOUSE_CLK_FILTER 
Info (332146): Worst-case minimum pulse width slack is -2.636
    Info (332119):     Slack       End Point TNS Clock 
    Info (332119): ========= =================== =====================
    Info (332119):    -2.636            -485.741 clk25_gen:clk_inst|clk_div 
    Info (332119):    -0.538             -28.651 MOUSE:mouse_inst|MOUSE_CLK_FILTER 
    Info (332119):    -0.538             -10.345 VGA_SYNC:vga_sync_inst|vert_sync_out 
    Info (332119):    -0.538              -1.059 clock_50 
Info: Analyzing Fast 1100mV 85C Model
Info (334003): Started post-fitting delay annotation
Info (334004): Delay annotation completed successfully
Info (332123): Deriving Clock Uncertainty. Please refer to report_sdc in the Timing Analyzer to see clock uncertainties.
Critical Warning (332148): Timing requirements not met
    Info (11105): For recommendations on closing timing, run Report Timing Closure Recommendations in the Timing Analyzer.
Info (332146): Worst-case setup slack is -3.930
    Info (332119):     Slack       End Point TNS Clock 
    Info (332119): ========= =================== =====================
    Info (332119):    -3.930            -797.910 clk25_gen:clk_inst|clk_div 
    Info (332119):    -1.845             -48.740 MOUSE:mouse_inst|MOUSE_CLK_FILTER 
    Info (332119):    -1.782              -1.782 clock_50 
    Info (332119):    -1.734             -15.796 VGA_SYNC:vga_sync_inst|vert_sync_out 
Info (332146): Worst-case hold slack is -0.144
    Info (332119):     Slack       End Point TNS Clock 
    Info (332119): ========= =================== =====================
    Info (332119):    -0.144              -7.844 clk25_gen:clk_inst|clk_div 
    Info (332119):     0.109               0.000 VGA_SYNC:vga_sync_inst|vert_sync_out 
    Info (332119):     0.232               0.000 MOUSE:mouse_inst|MOUSE_CLK_FILTER 
    Info (332119):     0.758               0.000 clock_50 
Info (332146): Worst-case recovery slack is -1.264
    Info (332119):     Slack       End Point TNS Clock 
    Info (332119): ========= =================== =====================
    Info (332119):    -1.264             -16.434 MOUSE:mouse_inst|MOUSE_CLK_FILTER 
    Info (332119):    -0.720              -6.516 VGA_SYNC:vga_sync_inst|vert_sync_out 
    Info (332119):    -0.605            -103.028 clk25_gen:clk_inst|clk_div 
Info (332146): Worst-case removal slack is 0.105
    Info (332119):     Slack       End Point TNS Clock 
    Info (332119): ========= =================== =====================
    Info (332119):     0.105               0.000 VGA_SYNC:vga_sync_inst|vert_sync_out 
    Info (332119):     0.247               0.000 clk25_gen:clk_inst|clk_div 
    Info (332119):     0.488               0.000 MOUSE:mouse_inst|MOUSE_CLK_FILTER 
Info (332146): Worst-case minimum pulse width slack is -2.174
    Info (332119):     Slack       End Point TNS Clock 
    Info (332119): ========= =================== =====================
    Info (332119):    -2.174            -157.323 clk25_gen:clk_inst|clk_div 
    Info (332119):    -0.450              -0.549 clock_50 
    Info (332119):    -0.071              -0.637 VGA_SYNC:vga_sync_inst|vert_sync_out 
    Info (332119):    -0.035              -0.264 MOUSE:mouse_inst|MOUSE_CLK_FILTER 
Info: Analyzing Fast 1100mV 0C Model
Info (332123): Deriving Clock Uncertainty. Please refer to report_sdc in the Timing Analyzer to see clock uncertainties.
Critical Warning (332148): Timing requirements not met
    Info (11105): For recommendations on closing timing, run Report Timing Closure Recommendations in the Timing Analyzer.
Info (332146): Worst-case setup slack is -3.518
    Info (332119):     Slack       End Point TNS Clock 
    Info (332119): ========= =================== =====================
    Info (332119):    -3.518            -701.693 clk25_gen:clk_inst|clk_div 
    Info (332119):    -1.666             -42.161 MOUSE:mouse_inst|MOUSE_CLK_FILTER 
    Info (332119):    -1.511             -13.775 VGA_SYNC:vga_sync_inst|vert_sync_out 
    Info (332119):    -1.491              -1.491 clock_50 
Info (332146): Worst-case hold slack is -0.183
    Info (332119):     Slack       End Point TNS Clock 
    Info (332119): ========= =================== =====================
    Info (332119):    -0.183             -17.646 clk25_gen:clk_inst|clk_div 
    Info (332119):     0.040               0.000 VGA_SYNC:vga_sync_inst|vert_sync_out 
    Info (332119):     0.228               0.000 MOUSE:mouse_inst|MOUSE_CLK_FILTER 
    Info (332119):     0.566               0.000 clock_50 
Info (332146): Worst-case recovery slack is -1.116
    Info (332119):     Slack       End Point TNS Clock 
    Info (332119): ========= =================== =====================
    Info (332119):    -1.116             -14.395 MOUSE:mouse_inst|MOUSE_CLK_FILTER 
    Info (332119):    -0.580              -5.102 VGA_SYNC:vga_sync_inst|vert_sync_out 
    Info (332119):    -0.474             -76.808 clk25_gen:clk_inst|clk_div 
Info (332146): Worst-case removal slack is 0.045
    Info (332119):     Slack       End Point TNS Clock 
    Info (332119): ========= =================== =====================
    Info (332119):     0.045               0.000 VGA_SYNC:vga_sync_inst|vert_sync_out 
    Info (332119):     0.219               0.000 clk25_gen:clk_inst|clk_div 
    Info (332119):     0.443               0.000 MOUSE:mouse_inst|MOUSE_CLK_FILTER 
Info (332146): Worst-case minimum pulse width slack is -2.174
    Info (332119):     Slack       End Point TNS Clock 
    Info (332119): ========= =================== =====================
    Info (332119):    -2.174            -145.145 clk25_gen:clk_inst|clk_div 
    Info (332119):    -0.438              -0.534 clock_50 
    Info (332119):    -0.019              -0.167 VGA_SYNC:vga_sync_inst|vert_sync_out 
    Info (332119):     0.001               0.000 MOUSE:mouse_inst|MOUSE_CLK_FILTER 
Info (332102): Design is not fully constrained for setup requirements
Info (332102): Design is not fully constrained for hold requirements
Info: Quartus Prime Timing Analyzer was successful. 0 errors, 54 warnings
    Info: Peak virtual memory: 5340 megabytes
    Info: Processing ended: Wed May 27 19:13:17 2026
    Info: Elapsed time: 00:00:13
    Info: Total CPU time (on all processors): 00:00:19


