Timing Analyzer report for de0_cv_default
Thu May 28 17:52:55 2026
Quartus Prime Version 24.1std.0 Build 1077 03/04/2025 SC Lite Edition


---------------------
; Table of Contents ;
---------------------
  1. Legal Notice
  2. Timing Analyzer Summary
  3. Parallel Compilation
  4. Clocks
  5. Slow 1100mV 85C Model Fmax Summary
  6. Timing Closure Recommendations
  7. Slow 1100mV 85C Model Setup Summary
  8. Slow 1100mV 85C Model Hold Summary
  9. Slow 1100mV 85C Model Recovery Summary
 10. Slow 1100mV 85C Model Removal Summary
 11. Slow 1100mV 85C Model Minimum Pulse Width Summary
 12. Slow 1100mV 85C Model Metastability Summary
 13. Slow 1100mV 0C Model Fmax Summary
 14. Slow 1100mV 0C Model Setup Summary
 15. Slow 1100mV 0C Model Hold Summary
 16. Slow 1100mV 0C Model Recovery Summary
 17. Slow 1100mV 0C Model Removal Summary
 18. Slow 1100mV 0C Model Minimum Pulse Width Summary
 19. Slow 1100mV 0C Model Metastability Summary
 20. Fast 1100mV 85C Model Setup Summary
 21. Fast 1100mV 85C Model Hold Summary
 22. Fast 1100mV 85C Model Recovery Summary
 23. Fast 1100mV 85C Model Removal Summary
 24. Fast 1100mV 85C Model Minimum Pulse Width Summary
 25. Fast 1100mV 85C Model Metastability Summary
 26. Fast 1100mV 0C Model Setup Summary
 27. Fast 1100mV 0C Model Hold Summary
 28. Fast 1100mV 0C Model Recovery Summary
 29. Fast 1100mV 0C Model Removal Summary
 30. Fast 1100mV 0C Model Minimum Pulse Width Summary
 31. Fast 1100mV 0C Model Metastability Summary
 32. Multicorner Timing Analysis Summary
 33. Board Trace Model Assignments
 34. Input Transition Times
 35. Signal Integrity Metrics (Slow 1100mv 0c Model)
 36. Signal Integrity Metrics (Slow 1100mv 85c Model)
 37. Signal Integrity Metrics (Fast 1100mv 0c Model)
 38. Signal Integrity Metrics (Fast 1100mv 85c Model)
 39. Setup Transfers
 40. Hold Transfers
 41. Recovery Transfers
 42. Removal Transfers
 43. Report TCCS
 44. Report RSKM
 45. Unconstrained Paths Summary
 46. Clock Status Summary
 47. Unconstrained Input Ports
 48. Unconstrained Output Ports
 49. Unconstrained Input Ports
 50. Unconstrained Output Ports
 51. Timing Analyzer Messages



----------------
; Legal Notice ;
----------------
Copyright (C) 2025  Altera Corporation. All rights reserved.
Your use of Altera Corporation's design tools, logic functions 
and other software and tools, and any partner logic 
functions, and any output files from any of the foregoing 
(including device programming or simulation files), and any 
associated documentation or information are expressly subject 
to the terms and conditions of the Altera Program License 
Subscription Agreement, the Altera Quartus Prime License Agreement,
the Altera IP License Agreement, or other applicable license
agreement, including, without limitation, that your use is for
the sole purpose of programming logic devices manufactured by
Altera and sold by Altera or its authorized distributors.  Please
refer to the Altera Software License Subscription Agreements 
on the Quartus Prime software download page.



+---------------------------------------------------------------------------------+
; Timing Analyzer Summary                                                         ;
+-----------------------+---------------------------------------------------------+
; Quartus Prime Version ; Version 24.1std.0 Build 1077 03/04/2025 SC Lite Edition ;
; Timing Analyzer       ; Legacy Timing Analyzer                                  ;
; Revision Name         ; de0_cv_default                                          ;
; Device Family         ; Cyclone V                                               ;
; Device Name           ; 5CEBA4F23C7                                             ;
; Timing Models         ; Final                                                   ;
; Delay Model           ; Combined                                                ;
; Rise/Fall Delays      ; Enabled                                                 ;
+-----------------------+---------------------------------------------------------+


+------------------------------------------+
; Parallel Compilation                     ;
+----------------------------+-------------+
; Processors                 ; Number      ;
+----------------------------+-------------+
; Number detected on machine ; 8           ;
; Maximum allowed            ; 4           ;
;                            ;             ;
; Average used               ; 1.76        ;
; Maximum used               ; 4           ;
;                            ;             ;
; Usage by Processor         ; % Time Used ;
;     Processor 1            ; 100.0%      ;
;     Processor 2            ;  25.4%      ;
;     Processor 3            ;  25.3%      ;
;     Processor 4            ;  25.2%      ;
+----------------------------+-------------+


+--------------------------------------------------------------------------------------------------------------------------------------------------------------------------------------------------------------------------------------------+
; Clocks                                                                                                                                                                                                                                     ;
+--------------------------------------+------+--------+------------+-------+-------+------------+-----------+-------------+-------+--------+-----------+------------+----------+--------+--------+------------------------------------------+
; Clock Name                           ; Type ; Period ; Frequency  ; Rise  ; Fall  ; Duty Cycle ; Divide by ; Multiply by ; Phase ; Offset ; Edge List ; Edge Shift ; Inverted ; Master ; Source ; Targets                                  ;
+--------------------------------------+------+--------+------------+-------+-------+------------+-----------+-------------+-------+--------+-----------+------------+----------+--------+--------+------------------------------------------+
; clk25_gen:clk_inst|clk_div           ; Base ; 1.000  ; 1000.0 MHz ; 0.000 ; 0.500 ;            ;           ;             ;       ;        ;           ;            ;          ;        ;        ; { clk25_gen:clk_inst|clk_div }           ;
; clock_50                             ; Base ; 1.000  ; 1000.0 MHz ; 0.000 ; 0.500 ;            ;           ;             ;       ;        ;           ;            ;          ;        ;        ; { clock_50 }                             ;
; MOUSE:mouse_inst|MOUSE_CLK_FILTER    ; Base ; 1.000  ; 1000.0 MHz ; 0.000 ; 0.500 ;            ;           ;             ;       ;        ;           ;            ;          ;        ;        ; { MOUSE:mouse_inst|MOUSE_CLK_FILTER }    ;
; VGA_SYNC:vga_sync_inst|pixel_row[1]  ; Base ; 1.000  ; 1000.0 MHz ; 0.000 ; 0.500 ;            ;           ;             ;       ;        ;           ;            ;          ;        ;        ; { VGA_SYNC:vga_sync_inst|pixel_row[1] }  ;
; VGA_SYNC:vga_sync_inst|vert_sync_out ; Base ; 1.000  ; 1000.0 MHz ; 0.000 ; 0.500 ;            ;           ;             ;       ;        ;           ;            ;          ;        ;        ; { VGA_SYNC:vga_sync_inst|vert_sync_out } ;
+--------------------------------------+------+--------+------------+-------+-------+------------+-----------+-------------+-------+--------+-----------+------------+----------+--------+--------+------------------------------------------+


+----------------------------------------------------------------------------+
; Slow 1100mV 85C Model Fmax Summary                                         ;
+------------+-----------------+--------------------------------------+------+
; Fmax       ; Restricted Fmax ; Clock Name                           ; Note ;
+------------+-----------------+--------------------------------------+------+
; 67.07 MHz  ; 67.07 MHz       ; clk25_gen:clk_inst|clk_div           ;      ;
; 155.96 MHz ; 155.96 MHz      ; VGA_SYNC:vga_sync_inst|pixel_row[1]  ;      ;
; 199.0 MHz  ; 199.0 MHz       ; VGA_SYNC:vga_sync_inst|vert_sync_out ;      ;
; 272.93 MHz ; 272.93 MHz      ; MOUSE:mouse_inst|MOUSE_CLK_FILTER    ;      ;
+------------+-----------------+--------------------------------------+------+
This panel reports FMAX for every clock in the design, regardless of the user-specified clock periods.  FMAX is only computed for paths where the source and destination registers or ports are driven by the same clock.  Paths of different clocks, including generated clocks, are ignored.  For paths between a clock and its inversion, FMAX is computed as if the rising and falling edges are scaled along with FMAX, such that the duty cycle (in terms of a percentage) is maintained. Altera recommends that you always use clock constraints and other slack reports for sign-off analysis.


----------------------------------
; Timing Closure Recommendations ;
----------------------------------
HTML report is unavailable in plain text report export.


+----------------------------------------------------------------+
; Slow 1100mV 85C Model Setup Summary                            ;
+--------------------------------------+---------+---------------+
; Clock                                ; Slack   ; End Point TNS ;
+--------------------------------------+---------+---------------+
; clk25_gen:clk_inst|clk_div           ; -13.910 ; -3081.450     ;
; VGA_SYNC:vga_sync_inst|vert_sync_out ; -4.025  ; -41.432       ;
; MOUSE:mouse_inst|MOUSE_CLK_FILTER    ; -3.971  ; -122.317      ;
; VGA_SYNC:vga_sync_inst|pixel_row[1]  ; -3.425  ; -19.223       ;
; clock_50                             ; -2.535  ; -2.535        ;
+--------------------------------------+---------+---------------+


+---------------------------------------------------------------+
; Slow 1100mV 85C Model Hold Summary                            ;
+--------------------------------------+--------+---------------+
; Clock                                ; Slack  ; End Point TNS ;
+--------------------------------------+--------+---------------+
; clk25_gen:clk_inst|clk_div           ; -0.042 ; -0.042        ;
; VGA_SYNC:vga_sync_inst|pixel_row[1]  ; 0.224  ; 0.000         ;
; MOUSE:mouse_inst|MOUSE_CLK_FILTER    ; 0.594  ; 0.000         ;
; VGA_SYNC:vga_sync_inst|vert_sync_out ; 0.688  ; 0.000         ;
; clock_50                             ; 0.885  ; 0.000         ;
+--------------------------------------+--------+---------------+


+---------------------------------------------------------------+
; Slow 1100mV 85C Model Recovery Summary                        ;
+--------------------------------------+--------+---------------+
; Clock                                ; Slack  ; End Point TNS ;
+--------------------------------------+--------+---------------+
; MOUSE:mouse_inst|MOUSE_CLK_FILTER    ; -2.998 ; -43.382       ;
; VGA_SYNC:vga_sync_inst|vert_sync_out ; -1.995 ; -20.168       ;
; clk25_gen:clk_inst|clk_div           ; -1.856 ; -392.229      ;
+--------------------------------------+--------+---------------+


+--------------------------------------------------------------+
; Slow 1100mV 85C Model Removal Summary                        ;
+--------------------------------------+-------+---------------+
; Clock                                ; Slack ; End Point TNS ;
+--------------------------------------+-------+---------------+
; clk25_gen:clk_inst|clk_div           ; 0.978 ; 0.000         ;
; VGA_SYNC:vga_sync_inst|vert_sync_out ; 1.031 ; 0.000         ;
; MOUSE:mouse_inst|MOUSE_CLK_FILTER    ; 1.526 ; 0.000         ;
+--------------------------------------+-------+---------------+


+---------------------------------------------------------------+
; Slow 1100mV 85C Model Minimum Pulse Width Summary             ;
+--------------------------------------+--------+---------------+
; Clock                                ; Slack  ; End Point TNS ;
+--------------------------------------+--------+---------------+
; clk25_gen:clk_inst|clk_div           ; -2.636 ; -694.140      ;
; MOUSE:mouse_inst|MOUSE_CLK_FILTER    ; -0.538 ; -29.035       ;
; VGA_SYNC:vga_sync_inst|vert_sync_out ; -0.538 ; -9.181        ;
; clock_50                             ; -0.538 ; -0.996        ;
; VGA_SYNC:vga_sync_inst|pixel_row[1]  ; 0.281  ; 0.000         ;
+--------------------------------------+--------+---------------+


-----------------------------------------------
; Slow 1100mV 85C Model Metastability Summary ;
-----------------------------------------------
No synchronizer chains to report.


+----------------------------------------------------------------------------+
; Slow 1100mV 0C Model Fmax Summary                                          ;
+------------+-----------------+--------------------------------------+------+
; Fmax       ; Restricted Fmax ; Clock Name                           ; Note ;
+------------+-----------------+--------------------------------------+------+
; 66.38 MHz  ; 66.38 MHz       ; clk25_gen:clk_inst|clk_div           ;      ;
; 156.54 MHz ; 156.54 MHz      ; VGA_SYNC:vga_sync_inst|pixel_row[1]  ;      ;
; 198.93 MHz ; 198.93 MHz      ; VGA_SYNC:vga_sync_inst|vert_sync_out ;      ;
; 269.76 MHz ; 269.76 MHz      ; MOUSE:mouse_inst|MOUSE_CLK_FILTER    ;      ;
+------------+-----------------+--------------------------------------+------+
This panel reports FMAX for every clock in the design, regardless of the user-specified clock periods.  FMAX is only computed for paths where the source and destination registers or ports are driven by the same clock.  Paths of different clocks, including generated clocks, are ignored.  For paths between a clock and its inversion, FMAX is computed as if the rising and falling edges are scaled along with FMAX, such that the duty cycle (in terms of a percentage) is maintained. Altera recommends that you always use clock constraints and other slack reports for sign-off analysis.


+----------------------------------------------------------------+
; Slow 1100mV 0C Model Setup Summary                             ;
+--------------------------------------+---------+---------------+
; Clock                                ; Slack   ; End Point TNS ;
+--------------------------------------+---------+---------------+
; clk25_gen:clk_inst|clk_div           ; -14.064 ; -3075.407     ;
; VGA_SYNC:vga_sync_inst|vert_sync_out ; -4.027  ; -40.782       ;
; MOUSE:mouse_inst|MOUSE_CLK_FILTER    ; -3.881  ; -112.553      ;
; VGA_SYNC:vga_sync_inst|pixel_row[1]  ; -3.351  ; -18.674       ;
; clock_50                             ; -2.391  ; -2.391        ;
+--------------------------------------+---------+---------------+


+---------------------------------------------------------------+
; Slow 1100mV 0C Model Hold Summary                             ;
+--------------------------------------+--------+---------------+
; Clock                                ; Slack  ; End Point TNS ;
+--------------------------------------+--------+---------------+
; clk25_gen:clk_inst|clk_div           ; -0.018 ; -0.018        ;
; VGA_SYNC:vga_sync_inst|pixel_row[1]  ; 0.053  ; 0.000         ;
; MOUSE:mouse_inst|MOUSE_CLK_FILTER    ; 0.624  ; 0.000         ;
; VGA_SYNC:vga_sync_inst|vert_sync_out ; 0.693  ; 0.000         ;
; clock_50                             ; 0.807  ; 0.000         ;
+--------------------------------------+--------+---------------+


+---------------------------------------------------------------+
; Slow 1100mV 0C Model Recovery Summary                         ;
+--------------------------------------+--------+---------------+
; Clock                                ; Slack  ; End Point TNS ;
+--------------------------------------+--------+---------------+
; MOUSE:mouse_inst|MOUSE_CLK_FILTER    ; -2.761 ; -39.654       ;
; VGA_SYNC:vga_sync_inst|vert_sync_out ; -1.892 ; -18.956       ;
; clk25_gen:clk_inst|clk_div           ; -1.765 ; -366.910      ;
+--------------------------------------+--------+---------------+


+--------------------------------------------------------------+
; Slow 1100mV 0C Model Removal Summary                         ;
+--------------------------------------+-------+---------------+
; Clock                                ; Slack ; End Point TNS ;
+--------------------------------------+-------+---------------+
; clk25_gen:clk_inst|clk_div           ; 0.913 ; 0.000         ;
; VGA_SYNC:vga_sync_inst|vert_sync_out ; 0.958 ; 0.000         ;
; MOUSE:mouse_inst|MOUSE_CLK_FILTER    ; 1.420 ; 0.000         ;
+--------------------------------------+-------+---------------+


+---------------------------------------------------------------+
; Slow 1100mV 0C Model Minimum Pulse Width Summary              ;
+--------------------------------------+--------+---------------+
; Clock                                ; Slack  ; End Point TNS ;
+--------------------------------------+--------+---------------+
; clk25_gen:clk_inst|clk_div           ; -2.636 ; -679.987      ;
; MOUSE:mouse_inst|MOUSE_CLK_FILTER    ; -0.538 ; -27.903       ;
; VGA_SYNC:vga_sync_inst|vert_sync_out ; -0.538 ; -9.061        ;
; clock_50                             ; -0.538 ; -1.033        ;
; VGA_SYNC:vga_sync_inst|pixel_row[1]  ; 0.225  ; 0.000         ;
+--------------------------------------+--------+---------------+


----------------------------------------------
; Slow 1100mV 0C Model Metastability Summary ;
----------------------------------------------
No synchronizer chains to report.


+---------------------------------------------------------------+
; Fast 1100mV 85C Model Setup Summary                           ;
+--------------------------------------+--------+---------------+
; Clock                                ; Slack  ; End Point TNS ;
+--------------------------------------+--------+---------------+
; clk25_gen:clk_inst|clk_div           ; -6.458 ; -1503.030     ;
; VGA_SYNC:vga_sync_inst|vert_sync_out ; -1.984 ; -19.132       ;
; MOUSE:mouse_inst|MOUSE_CLK_FILTER    ; -1.933 ; -58.902       ;
; clock_50                             ; -1.890 ; -1.890        ;
; VGA_SYNC:vga_sync_inst|pixel_row[1]  ; -1.668 ; -8.617        ;
+--------------------------------------+--------+---------------+


+---------------------------------------------------------------+
; Fast 1100mV 85C Model Hold Summary                            ;
+--------------------------------------+--------+---------------+
; Clock                                ; Slack  ; End Point TNS ;
+--------------------------------------+--------+---------------+
; clk25_gen:clk_inst|clk_div           ; -0.131 ; -2.892        ;
; VGA_SYNC:vga_sync_inst|pixel_row[1]  ; 0.147  ; 0.000         ;
; VGA_SYNC:vga_sync_inst|vert_sync_out ; 0.222  ; 0.000         ;
; MOUSE:mouse_inst|MOUSE_CLK_FILTER    ; 0.224  ; 0.000         ;
; clock_50                             ; 0.934  ; 0.000         ;
+--------------------------------------+--------+---------------+


+---------------------------------------------------------------+
; Fast 1100mV 85C Model Recovery Summary                        ;
+--------------------------------------+--------+---------------+
; Clock                                ; Slack  ; End Point TNS ;
+--------------------------------------+--------+---------------+
; MOUSE:mouse_inst|MOUSE_CLK_FILTER    ; -1.416 ; -20.035       ;
; VGA_SYNC:vga_sync_inst|vert_sync_out ; -0.798 ; -7.991        ;
; clk25_gen:clk_inst|clk_div           ; -0.783 ; -139.652      ;
+--------------------------------------+--------+---------------+


+--------------------------------------------------------------+
; Fast 1100mV 85C Model Removal Summary                        ;
+--------------------------------------+-------+---------------+
; Clock                                ; Slack ; End Point TNS ;
+--------------------------------------+-------+---------------+
; VGA_SYNC:vga_sync_inst|vert_sync_out ; 0.245 ; 0.000         ;
; clk25_gen:clk_inst|clk_div           ; 0.292 ; 0.000         ;
; MOUSE:mouse_inst|MOUSE_CLK_FILTER    ; 0.807 ; 0.000         ;
+--------------------------------------+-------+---------------+


+---------------------------------------------------------------+
; Fast 1100mV 85C Model Minimum Pulse Width Summary             ;
+--------------------------------------+--------+---------------+
; Clock                                ; Slack  ; End Point TNS ;
+--------------------------------------+--------+---------------+
; clk25_gen:clk_inst|clk_div           ; -2.174 ; -304.363      ;
; clock_50                             ; -0.426 ; -0.504        ;
; VGA_SYNC:vga_sync_inst|vert_sync_out ; 0.024  ; 0.000         ;
; MOUSE:mouse_inst|MOUSE_CLK_FILTER    ; 0.121  ; 0.000         ;
; VGA_SYNC:vga_sync_inst|pixel_row[1]  ; 0.368  ; 0.000         ;
+--------------------------------------+--------+---------------+


-----------------------------------------------
; Fast 1100mV 85C Model Metastability Summary ;
-----------------------------------------------
No synchronizer chains to report.


+---------------------------------------------------------------+
; Fast 1100mV 0C Model Setup Summary                            ;
+--------------------------------------+--------+---------------+
; Clock                                ; Slack  ; End Point TNS ;
+--------------------------------------+--------+---------------+
; clk25_gen:clk_inst|clk_div           ; -5.884 ; -1330.515     ;
; MOUSE:mouse_inst|MOUSE_CLK_FILTER    ; -1.754 ; -52.285       ;
; VGA_SYNC:vga_sync_inst|vert_sync_out ; -1.696 ; -16.552       ;
; clock_50                             ; -1.604 ; -1.604        ;
; VGA_SYNC:vga_sync_inst|pixel_row[1]  ; -1.468 ; -7.580        ;
+--------------------------------------+--------+---------------+


+---------------------------------------------------------------+
; Fast 1100mV 0C Model Hold Summary                             ;
+--------------------------------------+--------+---------------+
; Clock                                ; Slack  ; End Point TNS ;
+--------------------------------------+--------+---------------+
; clk25_gen:clk_inst|clk_div           ; -0.185 ; -7.895        ;
; VGA_SYNC:vga_sync_inst|pixel_row[1]  ; 0.115  ; 0.000         ;
; VGA_SYNC:vga_sync_inst|vert_sync_out ; 0.146  ; 0.000         ;
; MOUSE:mouse_inst|MOUSE_CLK_FILTER    ; 0.223  ; 0.000         ;
; clock_50                             ; 0.723  ; 0.000         ;
+--------------------------------------+--------+---------------+


+---------------------------------------------------------------+
; Fast 1100mV 0C Model Recovery Summary                         ;
+--------------------------------------+--------+---------------+
; Clock                                ; Slack  ; End Point TNS ;
+--------------------------------------+--------+---------------+
; MOUSE:mouse_inst|MOUSE_CLK_FILTER    ; -1.252 ; -17.683       ;
; VGA_SYNC:vga_sync_inst|vert_sync_out ; -0.655 ; -6.412        ;
; clk25_gen:clk_inst|clk_div           ; -0.617 ; -105.038      ;
+--------------------------------------+--------+---------------+


+--------------------------------------------------------------+
; Fast 1100mV 0C Model Removal Summary                         ;
+--------------------------------------+-------+---------------+
; Clock                                ; Slack ; End Point TNS ;
+--------------------------------------+-------+---------------+
; VGA_SYNC:vga_sync_inst|vert_sync_out ; 0.168 ; 0.000         ;
; clk25_gen:clk_inst|clk_div           ; 0.241 ; 0.000         ;
; MOUSE:mouse_inst|MOUSE_CLK_FILTER    ; 0.734 ; 0.000         ;
+--------------------------------------+-------+---------------+


+---------------------------------------------------------------+
; Fast 1100mV 0C Model Minimum Pulse Width Summary              ;
+--------------------------------------+--------+---------------+
; Clock                                ; Slack  ; End Point TNS ;
+--------------------------------------+--------+---------------+
; clk25_gen:clk_inst|clk_div           ; -2.174 ; -289.055      ;
; clock_50                             ; -0.421 ; -0.502        ;
; VGA_SYNC:vga_sync_inst|vert_sync_out ; 0.059  ; 0.000         ;
; MOUSE:mouse_inst|MOUSE_CLK_FILTER    ; 0.110  ; 0.000         ;
; VGA_SYNC:vga_sync_inst|pixel_row[1]  ; 0.370  ; 0.000         ;
+--------------------------------------+--------+---------------+


----------------------------------------------
; Fast 1100mV 0C Model Metastability Summary ;
----------------------------------------------
No synchronizer chains to report.


+-------------------------------------------------------------------------------------------------------+
; Multicorner Timing Analysis Summary                                                                   ;
+---------------------------------------+-----------+--------+----------+---------+---------------------+
; Clock                                 ; Setup     ; Hold   ; Recovery ; Removal ; Minimum Pulse Width ;
+---------------------------------------+-----------+--------+----------+---------+---------------------+
; Worst-case Slack                      ; -14.064   ; -0.185 ; -2.998   ; 0.168   ; -2.636              ;
;  MOUSE:mouse_inst|MOUSE_CLK_FILTER    ; -3.971    ; 0.223  ; -2.998   ; 0.734   ; -0.538              ;
;  VGA_SYNC:vga_sync_inst|pixel_row[1]  ; -3.425    ; 0.053  ; N/A      ; N/A     ; 0.225               ;
;  VGA_SYNC:vga_sync_inst|vert_sync_out ; -4.027    ; 0.146  ; -1.995   ; 0.168   ; -0.538              ;
;  clk25_gen:clk_inst|clk_div           ; -14.064   ; -0.185 ; -1.856   ; 0.241   ; -2.636              ;
;  clock_50                             ; -2.535    ; 0.723  ; N/A      ; N/A     ; -0.538              ;
; Design-wide TNS                       ; -3266.957 ; -7.895 ; -455.779 ; 0.0     ; -733.352            ;
;  MOUSE:mouse_inst|MOUSE_CLK_FILTER    ; -122.317  ; 0.000  ; -43.382  ; 0.000   ; -29.035             ;
;  VGA_SYNC:vga_sync_inst|pixel_row[1]  ; -19.223   ; 0.000  ; N/A      ; N/A     ; 0.000               ;
;  VGA_SYNC:vga_sync_inst|vert_sync_out ; -41.432   ; 0.000  ; -20.168  ; 0.000   ; -9.181              ;
;  clk25_gen:clk_inst|clk_div           ; -3081.450 ; -7.895 ; -392.229 ; 0.000   ; -694.140            ;
;  clock_50                             ; -2.535    ; 0.000  ; N/A      ; N/A     ; -1.033              ;
+---------------------------------------+-----------+--------+----------+---------+---------------------+


+-------------------------------------------------------------------------------------------------------------------------------------------------------------------------------------------------------------------------------------------------------------------------------------------------------------------------------------------------------------------------------------------------------------+
; Board Trace Model Assignments                                                                                                                                                                                                                                                                                                                                                                               ;
+----------+--------------+-------------------+-------------------------+-------------------------+---------------+---------------------+----------------+------------------+--------+------------------+------------------------+------------------------+--------------+---------------+-----------------+-------+---------------------+--------------------+---------------+-----------------+-------------+
; Pin      ; I/O Standard ; Near Tline Length ; Near Tline L per Length ; Near Tline C per Length ; Near Series R ; Near Differential R ; Near Pull-up R ; Near Pull-down R ; Near C ; Far Tline Length ; Far Tline L per Length ; Far Tline C per Length ; Far Series R ; Far Pull-up R ; Far Pull-down R ; Far C ; Termination Voltage ; Far Differential R ; EBD File Name ; EBD Signal Name ; EBD Far-end ;
+----------+--------------+-------------------+-------------------------+-------------------------+---------------+---------------------+----------------+------------------+--------+------------------+------------------------+------------------------+--------------+---------------+-----------------+-------+---------------------+--------------------+---------------+-----------------+-------------+
; hex0[0]  ; 2.5 V        ; 0 in              ; 0 H/in                  ; 0 F/in                  ; short         ; -                   ; open           ; open             ; open   ; 0 in             ; 0 H/in                 ; 0 F/in                 ; short        ; open          ; open            ; open  ; 0 V                 ; -                  ; n/a           ; n/a             ; n/a         ;
; hex0[1]  ; 2.5 V        ; 0 in              ; 0 H/in                  ; 0 F/in                  ; short         ; -                   ; open           ; open             ; open   ; 0 in             ; 0 H/in                 ; 0 F/in                 ; short        ; open          ; open            ; open  ; 0 V                 ; -                  ; n/a           ; n/a             ; n/a         ;
; hex0[2]  ; 2.5 V        ; 0 in              ; 0 H/in                  ; 0 F/in                  ; short         ; -                   ; open           ; open             ; open   ; 0 in             ; 0 H/in                 ; 0 F/in                 ; short        ; open          ; open            ; open  ; 0 V                 ; -                  ; n/a           ; n/a             ; n/a         ;
; hex0[3]  ; 2.5 V        ; 0 in              ; 0 H/in                  ; 0 F/in                  ; short         ; -                   ; open           ; open             ; open   ; 0 in             ; 0 H/in                 ; 0 F/in                 ; short        ; open          ; open            ; open  ; 0 V                 ; -                  ; n/a           ; n/a             ; n/a         ;
; hex0[4]  ; 2.5 V        ; 0 in              ; 0 H/in                  ; 0 F/in                  ; short         ; -                   ; open           ; open             ; open   ; 0 in             ; 0 H/in                 ; 0 F/in                 ; short        ; open          ; open            ; open  ; 0 V                 ; -                  ; n/a           ; n/a             ; n/a         ;
; hex0[5]  ; 2.5 V        ; 0 in              ; 0 H/in                  ; 0 F/in                  ; short         ; -                   ; open           ; open             ; open   ; 0 in             ; 0 H/in                 ; 0 F/in                 ; short        ; open          ; open            ; open  ; 0 V                 ; -                  ; n/a           ; n/a             ; n/a         ;
; hex0[6]  ; 2.5 V        ; 0 in              ; 0 H/in                  ; 0 F/in                  ; short         ; -                   ; open           ; open             ; open   ; 0 in             ; 0 H/in                 ; 0 F/in                 ; short        ; open          ; open            ; open  ; 0 V                 ; -                  ; n/a           ; n/a             ; n/a         ;
; hex1[0]  ; 2.5 V        ; 0 in              ; 0 H/in                  ; 0 F/in                  ; short         ; -                   ; open           ; open             ; open   ; 0 in             ; 0 H/in                 ; 0 F/in                 ; short        ; open          ; open            ; open  ; 0 V                 ; -                  ; n/a           ; n/a             ; n/a         ;
; hex1[1]  ; 2.5 V        ; 0 in              ; 0 H/in                  ; 0 F/in                  ; short         ; -                   ; open           ; open             ; open   ; 0 in             ; 0 H/in                 ; 0 F/in                 ; short        ; open          ; open            ; open  ; 0 V                 ; -                  ; n/a           ; n/a             ; n/a         ;
; hex1[2]  ; 2.5 V        ; 0 in              ; 0 H/in                  ; 0 F/in                  ; short         ; -                   ; open           ; open             ; open   ; 0 in             ; 0 H/in                 ; 0 F/in                 ; short        ; open          ; open            ; open  ; 0 V                 ; -                  ; n/a           ; n/a             ; n/a         ;
; hex1[3]  ; 2.5 V        ; 0 in              ; 0 H/in                  ; 0 F/in                  ; short         ; -                   ; open           ; open             ; open   ; 0 in             ; 0 H/in                 ; 0 F/in                 ; short        ; open          ; open            ; open  ; 0 V                 ; -                  ; n/a           ; n/a             ; n/a         ;
; hex1[4]  ; 2.5 V        ; 0 in              ; 0 H/in                  ; 0 F/in                  ; short         ; -                   ; open           ; open             ; open   ; 0 in             ; 0 H/in                 ; 0 F/in                 ; short        ; open          ; open            ; open  ; 0 V                 ; -                  ; n/a           ; n/a             ; n/a         ;
; hex1[5]  ; 2.5 V        ; 0 in              ; 0 H/in                  ; 0 F/in                  ; short         ; -                   ; open           ; open             ; open   ; 0 in             ; 0 H/in                 ; 0 F/in                 ; short        ; open          ; open            ; open  ; 0 V                 ; -                  ; n/a           ; n/a             ; n/a         ;
; hex1[6]  ; 2.5 V        ; 0 in              ; 0 H/in                  ; 0 F/in                  ; short         ; -                   ; open           ; open             ; open   ; 0 in             ; 0 H/in                 ; 0 F/in                 ; short        ; open          ; open            ; open  ; 0 V                 ; -                  ; n/a           ; n/a             ; n/a         ;
; hex2[0]  ; 2.5 V        ; 0 in              ; 0 H/in                  ; 0 F/in                  ; short         ; -                   ; open           ; open             ; open   ; 0 in             ; 0 H/in                 ; 0 F/in                 ; short        ; open          ; open            ; open  ; 0 V                 ; -                  ; n/a           ; n/a             ; n/a         ;
; hex2[1]  ; 2.5 V        ; 0 in              ; 0 H/in                  ; 0 F/in                  ; short         ; -                   ; open           ; open             ; open   ; 0 in             ; 0 H/in                 ; 0 F/in                 ; short        ; open          ; open            ; open  ; 0 V                 ; -                  ; n/a           ; n/a             ; n/a         ;
; hex2[2]  ; 2.5 V        ; 0 in              ; 0 H/in                  ; 0 F/in                  ; short         ; -                   ; open           ; open             ; open   ; 0 in             ; 0 H/in                 ; 0 F/in                 ; short        ; open          ; open            ; open  ; 0 V                 ; -                  ; n/a           ; n/a             ; n/a         ;
; hex2[3]  ; 2.5 V        ; 0 in              ; 0 H/in                  ; 0 F/in                  ; short         ; -                   ; open           ; open             ; open   ; 0 in             ; 0 H/in                 ; 0 F/in                 ; short        ; open          ; open            ; open  ; 0 V                 ; -                  ; n/a           ; n/a             ; n/a         ;
; hex2[4]  ; 2.5 V        ; 0 in              ; 0 H/in                  ; 0 F/in                  ; short         ; -                   ; open           ; open             ; open   ; 0 in             ; 0 H/in                 ; 0 F/in                 ; short        ; open          ; open            ; open  ; 0 V                 ; -                  ; n/a           ; n/a             ; n/a         ;
; hex2[5]  ; 2.5 V        ; 0 in              ; 0 H/in                  ; 0 F/in                  ; short         ; -                   ; open           ; open             ; open   ; 0 in             ; 0 H/in                 ; 0 F/in                 ; short        ; open          ; open            ; open  ; 0 V                 ; -                  ; n/a           ; n/a             ; n/a         ;
; hex2[6]  ; 2.5 V        ; 0 in              ; 0 H/in                  ; 0 F/in                  ; short         ; -                   ; open           ; open             ; open   ; 0 in             ; 0 H/in                 ; 0 F/in                 ; short        ; open          ; open            ; open  ; 0 V                 ; -                  ; n/a           ; n/a             ; n/a         ;
; hex3[0]  ; 2.5 V        ; 0 in              ; 0 H/in                  ; 0 F/in                  ; short         ; -                   ; open           ; open             ; open   ; 0 in             ; 0 H/in                 ; 0 F/in                 ; short        ; open          ; open            ; open  ; 0 V                 ; -                  ; n/a           ; n/a             ; n/a         ;
; hex3[1]  ; 2.5 V        ; 0 in              ; 0 H/in                  ; 0 F/in                  ; short         ; -                   ; open           ; open             ; open   ; 0 in             ; 0 H/in                 ; 0 F/in                 ; short        ; open          ; open            ; open  ; 0 V                 ; -                  ; n/a           ; n/a             ; n/a         ;
; hex3[2]  ; 2.5 V        ; 0 in              ; 0 H/in                  ; 0 F/in                  ; short         ; -                   ; open           ; open             ; open   ; 0 in             ; 0 H/in                 ; 0 F/in                 ; short        ; open          ; open            ; open  ; 0 V                 ; -                  ; n/a           ; n/a             ; n/a         ;
; hex3[3]  ; 2.5 V        ; 0 in              ; 0 H/in                  ; 0 F/in                  ; short         ; -                   ; open           ; open             ; open   ; 0 in             ; 0 H/in                 ; 0 F/in                 ; short        ; open          ; open            ; open  ; 0 V                 ; -                  ; n/a           ; n/a             ; n/a         ;
; hex3[4]  ; 2.5 V        ; 0 in              ; 0 H/in                  ; 0 F/in                  ; short         ; -                   ; open           ; open             ; open   ; 0 in             ; 0 H/in                 ; 0 F/in                 ; short        ; open          ; open            ; open  ; 0 V                 ; -                  ; n/a           ; n/a             ; n/a         ;
; hex3[5]  ; 2.5 V        ; 0 in              ; 0 H/in                  ; 0 F/in                  ; short         ; -                   ; open           ; open             ; open   ; 0 in             ; 0 H/in                 ; 0 F/in                 ; short        ; open          ; open            ; open  ; 0 V                 ; -                  ; n/a           ; n/a             ; n/a         ;
; hex3[6]  ; 2.5 V        ; 0 in              ; 0 H/in                  ; 0 F/in                  ; short         ; -                   ; open           ; open             ; open   ; 0 in             ; 0 H/in                 ; 0 F/in                 ; short        ; open          ; open            ; open  ; 0 V                 ; -                  ; n/a           ; n/a             ; n/a         ;
; hex4[0]  ; 2.5 V        ; 0 in              ; 0 H/in                  ; 0 F/in                  ; short         ; -                   ; open           ; open             ; open   ; 0 in             ; 0 H/in                 ; 0 F/in                 ; short        ; open          ; open            ; open  ; 0 V                 ; -                  ; n/a           ; n/a             ; n/a         ;
; hex4[1]  ; 2.5 V        ; 0 in              ; 0 H/in                  ; 0 F/in                  ; short         ; -                   ; open           ; open             ; open   ; 0 in             ; 0 H/in                 ; 0 F/in                 ; short        ; open          ; open            ; open  ; 0 V                 ; -                  ; n/a           ; n/a             ; n/a         ;
; hex4[2]  ; 2.5 V        ; 0 in              ; 0 H/in                  ; 0 F/in                  ; short         ; -                   ; open           ; open             ; open   ; 0 in             ; 0 H/in                 ; 0 F/in                 ; short        ; open          ; open            ; open  ; 0 V                 ; -                  ; n/a           ; n/a             ; n/a         ;
; hex4[3]  ; 2.5 V        ; 0 in              ; 0 H/in                  ; 0 F/in                  ; short         ; -                   ; open           ; open             ; open   ; 0 in             ; 0 H/in                 ; 0 F/in                 ; short        ; open          ; open            ; open  ; 0 V                 ; -                  ; n/a           ; n/a             ; n/a         ;
; hex4[4]  ; 2.5 V        ; 0 in              ; 0 H/in                  ; 0 F/in                  ; short         ; -                   ; open           ; open             ; open   ; 0 in             ; 0 H/in                 ; 0 F/in                 ; short        ; open          ; open            ; open  ; 0 V                 ; -                  ; n/a           ; n/a             ; n/a         ;
; hex4[5]  ; 2.5 V        ; 0 in              ; 0 H/in                  ; 0 F/in                  ; short         ; -                   ; open           ; open             ; open   ; 0 in             ; 0 H/in                 ; 0 F/in                 ; short        ; open          ; open            ; open  ; 0 V                 ; -                  ; n/a           ; n/a             ; n/a         ;
; hex4[6]  ; 2.5 V        ; 0 in              ; 0 H/in                  ; 0 F/in                  ; short         ; -                   ; open           ; open             ; open   ; 0 in             ; 0 H/in                 ; 0 F/in                 ; short        ; open          ; open            ; open  ; 0 V                 ; -                  ; n/a           ; n/a             ; n/a         ;
; hex5[0]  ; 2.5 V        ; 0 in              ; 0 H/in                  ; 0 F/in                  ; short         ; -                   ; open           ; open             ; open   ; 0 in             ; 0 H/in                 ; 0 F/in                 ; short        ; open          ; open            ; open  ; 0 V                 ; -                  ; n/a           ; n/a             ; n/a         ;
; hex5[1]  ; 2.5 V        ; 0 in              ; 0 H/in                  ; 0 F/in                  ; short         ; -                   ; open           ; open             ; open   ; 0 in             ; 0 H/in                 ; 0 F/in                 ; short        ; open          ; open            ; open  ; 0 V                 ; -                  ; n/a           ; n/a             ; n/a         ;
; hex5[2]  ; 2.5 V        ; 0 in              ; 0 H/in                  ; 0 F/in                  ; short         ; -                   ; open           ; open             ; open   ; 0 in             ; 0 H/in                 ; 0 F/in                 ; short        ; open          ; open            ; open  ; 0 V                 ; -                  ; n/a           ; n/a             ; n/a         ;
; hex5[3]  ; 2.5 V        ; 0 in              ; 0 H/in                  ; 0 F/in                  ; short         ; -                   ; open           ; open             ; open   ; 0 in             ; 0 H/in                 ; 0 F/in                 ; short        ; open          ; open            ; open  ; 0 V                 ; -                  ; n/a           ; n/a             ; n/a         ;
; hex5[4]  ; 2.5 V        ; 0 in              ; 0 H/in                  ; 0 F/in                  ; short         ; -                   ; open           ; open             ; open   ; 0 in             ; 0 H/in                 ; 0 F/in                 ; short        ; open          ; open            ; open  ; 0 V                 ; -                  ; n/a           ; n/a             ; n/a         ;
; hex5[5]  ; 2.5 V        ; 0 in              ; 0 H/in                  ; 0 F/in                  ; short         ; -                   ; open           ; open             ; open   ; 0 in             ; 0 H/in                 ; 0 F/in                 ; short        ; open          ; open            ; open  ; 0 V                 ; -                  ; n/a           ; n/a             ; n/a         ;
; hex5[6]  ; 2.5 V        ; 0 in              ; 0 H/in                  ; 0 F/in                  ; short         ; -                   ; open           ; open             ; open   ; 0 in             ; 0 H/in                 ; 0 F/in                 ; short        ; open          ; open            ; open  ; 0 V                 ; -                  ; n/a           ; n/a             ; n/a         ;
; led[0]   ; 2.5 V        ; 0 in              ; 0 H/in                  ; 0 F/in                  ; short         ; -                   ; open           ; open             ; open   ; 0 in             ; 0 H/in                 ; 0 F/in                 ; short        ; open          ; open            ; open  ; 0 V                 ; -                  ; n/a           ; n/a             ; n/a         ;
; led[1]   ; 2.5 V        ; 0 in              ; 0 H/in                  ; 0 F/in                  ; short         ; -                   ; open           ; open             ; open   ; 0 in             ; 0 H/in                 ; 0 F/in                 ; short        ; open          ; open            ; open  ; 0 V                 ; -                  ; n/a           ; n/a             ; n/a         ;
; led[2]   ; 2.5 V        ; 0 in              ; 0 H/in                  ; 0 F/in                  ; short         ; -                   ; open           ; open             ; open   ; 0 in             ; 0 H/in                 ; 0 F/in                 ; short        ; open          ; open            ; open  ; 0 V                 ; -                  ; n/a           ; n/a             ; n/a         ;
; led[3]   ; 2.5 V        ; 0 in              ; 0 H/in                  ; 0 F/in                  ; short         ; -                   ; open           ; open             ; open   ; 0 in             ; 0 H/in                 ; 0 F/in                 ; short        ; open          ; open            ; open  ; 0 V                 ; -                  ; n/a           ; n/a             ; n/a         ;
; led[4]   ; 2.5 V        ; 0 in              ; 0 H/in                  ; 0 F/in                  ; short         ; -                   ; open           ; open             ; open   ; 0 in             ; 0 H/in                 ; 0 F/in                 ; short        ; open          ; open            ; open  ; 0 V                 ; -                  ; n/a           ; n/a             ; n/a         ;
; led[5]   ; 2.5 V        ; 0 in              ; 0 H/in                  ; 0 F/in                  ; short         ; -                   ; open           ; open             ; open   ; 0 in             ; 0 H/in                 ; 0 F/in                 ; short        ; open          ; open            ; open  ; 0 V                 ; -                  ; n/a           ; n/a             ; n/a         ;
; led[6]   ; 2.5 V        ; 0 in              ; 0 H/in                  ; 0 F/in                  ; short         ; -                   ; open           ; open             ; open   ; 0 in             ; 0 H/in                 ; 0 F/in                 ; short        ; open          ; open            ; open  ; 0 V                 ; -                  ; n/a           ; n/a             ; n/a         ;
; led[7]   ; 2.5 V        ; 0 in              ; 0 H/in                  ; 0 F/in                  ; short         ; -                   ; open           ; open             ; open   ; 0 in             ; 0 H/in                 ; 0 F/in                 ; short        ; open          ; open            ; open  ; 0 V                 ; -                  ; n/a           ; n/a             ; n/a         ;
; led[8]   ; 2.5 V        ; 0 in              ; 0 H/in                  ; 0 F/in                  ; short         ; -                   ; open           ; open             ; open   ; 0 in             ; 0 H/in                 ; 0 F/in                 ; short        ; open          ; open            ; open  ; 0 V                 ; -                  ; n/a           ; n/a             ; n/a         ;
; led[9]   ; 2.5 V        ; 0 in              ; 0 H/in                  ; 0 F/in                  ; short         ; -                   ; open           ; open             ; open   ; 0 in             ; 0 H/in                 ; 0 F/in                 ; short        ; open          ; open            ; open  ; 0 V                 ; -                  ; n/a           ; n/a             ; n/a         ;
; vga_r[0] ; 2.5 V        ; 0 in              ; 0 H/in                  ; 0 F/in                  ; short         ; -                   ; open           ; open             ; open   ; 0 in             ; 0 H/in                 ; 0 F/in                 ; short        ; open          ; open            ; open  ; 0 V                 ; -                  ; n/a           ; n/a             ; n/a         ;
; vga_r[1] ; 2.5 V        ; 0 in              ; 0 H/in                  ; 0 F/in                  ; short         ; -                   ; open           ; open             ; open   ; 0 in             ; 0 H/in                 ; 0 F/in                 ; short        ; open          ; open            ; open  ; 0 V                 ; -                  ; n/a           ; n/a             ; n/a         ;
; vga_r[2] ; 2.5 V        ; 0 in              ; 0 H/in                  ; 0 F/in                  ; short         ; -                   ; open           ; open             ; open   ; 0 in             ; 0 H/in                 ; 0 F/in                 ; short        ; open          ; open            ; open  ; 0 V                 ; -                  ; n/a           ; n/a             ; n/a         ;
; vga_r[3] ; 2.5 V        ; 0 in              ; 0 H/in                  ; 0 F/in                  ; short         ; -                   ; open           ; open             ; open   ; 0 in             ; 0 H/in                 ; 0 F/in                 ; short        ; open          ; open            ; open  ; 0 V                 ; -                  ; n/a           ; n/a             ; n/a         ;
; vga_g[0] ; 2.5 V        ; 0 in              ; 0 H/in                  ; 0 F/in                  ; short         ; -                   ; open           ; open             ; open   ; 0 in             ; 0 H/in                 ; 0 F/in                 ; short        ; open          ; open            ; open  ; 0 V                 ; -                  ; n/a           ; n/a             ; n/a         ;
; vga_g[1] ; 2.5 V        ; 0 in              ; 0 H/in                  ; 0 F/in                  ; short         ; -                   ; open           ; open             ; open   ; 0 in             ; 0 H/in                 ; 0 F/in                 ; short        ; open          ; open            ; open  ; 0 V                 ; -                  ; n/a           ; n/a             ; n/a         ;
; vga_g[2] ; 2.5 V        ; 0 in              ; 0 H/in                  ; 0 F/in                  ; short         ; -                   ; open           ; open             ; open   ; 0 in             ; 0 H/in                 ; 0 F/in                 ; short        ; open          ; open            ; open  ; 0 V                 ; -                  ; n/a           ; n/a             ; n/a         ;
; vga_g[3] ; 2.5 V        ; 0 in              ; 0 H/in                  ; 0 F/in                  ; short         ; -                   ; open           ; open             ; open   ; 0 in             ; 0 H/in                 ; 0 F/in                 ; short        ; open          ; open            ; open  ; 0 V                 ; -                  ; n/a           ; n/a             ; n/a         ;
; vga_b[0] ; 2.5 V        ; 0 in              ; 0 H/in                  ; 0 F/in                  ; short         ; -                   ; open           ; open             ; open   ; 0 in             ; 0 H/in                 ; 0 F/in                 ; short        ; open          ; open            ; open  ; 0 V                 ; -                  ; n/a           ; n/a             ; n/a         ;
; vga_b[1] ; 2.5 V        ; 0 in              ; 0 H/in                  ; 0 F/in                  ; short         ; -                   ; open           ; open             ; open   ; 0 in             ; 0 H/in                 ; 0 F/in                 ; short        ; open          ; open            ; open  ; 0 V                 ; -                  ; n/a           ; n/a             ; n/a         ;
; vga_b[2] ; 2.5 V        ; 0 in              ; 0 H/in                  ; 0 F/in                  ; short         ; -                   ; open           ; open             ; open   ; 0 in             ; 0 H/in                 ; 0 F/in                 ; short        ; open          ; open            ; open  ; 0 V                 ; -                  ; n/a           ; n/a             ; n/a         ;
; vga_b[3] ; 2.5 V        ; 0 in              ; 0 H/in                  ; 0 F/in                  ; short         ; -                   ; open           ; open             ; open   ; 0 in             ; 0 H/in                 ; 0 F/in                 ; short        ; open          ; open            ; open  ; 0 V                 ; -                  ; n/a           ; n/a             ; n/a         ;
; vga_hs   ; 2.5 V        ; 0 in              ; 0 H/in                  ; 0 F/in                  ; short         ; -                   ; open           ; open             ; open   ; 0 in             ; 0 H/in                 ; 0 F/in                 ; short        ; open          ; open            ; open  ; 0 V                 ; -                  ; n/a           ; n/a             ; n/a         ;
; vga_vs   ; 2.5 V        ; 0 in              ; 0 H/in                  ; 0 F/in                  ; short         ; -                   ; open           ; open             ; open   ; 0 in             ; 0 H/in                 ; 0 F/in                 ; short        ; open          ; open            ; open  ; 0 V                 ; -                  ; n/a           ; n/a             ; n/a         ;
; ps2_clk  ; 2.5 V        ; 0 in              ; 0 H/in                  ; 0 F/in                  ; short         ; -                   ; open           ; open             ; open   ; 0 in             ; 0 H/in                 ; 0 F/in                 ; short        ; open          ; open            ; open  ; 0 V                 ; -                  ; n/a           ; n/a             ; n/a         ;
; ps2_dat  ; 2.5 V        ; 0 in              ; 0 H/in                  ; 0 F/in                  ; short         ; -                   ; open           ; open             ; open   ; 0 in             ; 0 H/in                 ; 0 F/in                 ; short        ; open          ; open            ; open  ; 0 V                 ; -                  ; n/a           ; n/a             ; n/a         ;
+----------+--------------+-------------------+-------------------------+-------------------------+---------------+---------------------+----------------+------------------+--------+------------------+------------------------+------------------------+--------------+---------------+-----------------+-------+---------------------+--------------------+---------------+-----------------+-------------+


+-------------------------------------------------------------+
; Input Transition Times                                      ;
+----------+--------------+-----------------+-----------------+
; Pin      ; I/O Standard ; 10-90 Rise Time ; 90-10 Fall Time ;
+----------+--------------+-----------------+-----------------+
; sw[0]    ; 2.5 V        ; 2000 ps         ; 2000 ps         ;
; sw[1]    ; 2.5 V        ; 2000 ps         ; 2000 ps         ;
; sw[2]    ; 2.5 V        ; 2000 ps         ; 2000 ps         ;
; sw[3]    ; 2.5 V        ; 2000 ps         ; 2000 ps         ;
; sw[4]    ; 2.5 V        ; 2000 ps         ; 2000 ps         ;
; sw[5]    ; 2.5 V        ; 2000 ps         ; 2000 ps         ;
; sw[6]    ; 2.5 V        ; 2000 ps         ; 2000 ps         ;
; sw[7]    ; 2.5 V        ; 2000 ps         ; 2000 ps         ;
; sw[8]    ; 2.5 V        ; 2000 ps         ; 2000 ps         ;
; key[3]   ; 2.5 V        ; 2000 ps         ; 2000 ps         ;
; ps2_clk  ; 2.5 V        ; 2000 ps         ; 2000 ps         ;
; ps2_dat  ; 2.5 V        ; 2000 ps         ; 2000 ps         ;
; sw[9]    ; 2.5 V        ; 2000 ps         ; 2000 ps         ;
; key[1]   ; 2.5 V        ; 2000 ps         ; 2000 ps         ;
; key[0]   ; 2.5 V        ; 2000 ps         ; 2000 ps         ;
; key[2]   ; 2.5 V        ; 2000 ps         ; 2000 ps         ;
; clock_50 ; 2.5 V        ; 2000 ps         ; 2000 ps         ;
; reset_n  ; 2.5 V        ; 2000 ps         ; 2000 ps         ;
+----------+--------------+-----------------+-----------------+


+---------------------------------------------------------------------------------------------------------------------------------------------------------------------------------------------------------------------------------------------------------------------------------------------------------------------------------------------------------------------------------------------------------------------------------------------------------------------------------------------------------------------------------------------------------------------------------------------------------------------------------------------------------------------------------------+
; Signal Integrity Metrics (Slow 1100mv 0c Model)                                                                                                                                                                                                                                                                                                                                                                                                                                                                                                                                                                                                                                       ;
+----------+--------------+---------------------+---------------------+------------------------------+------------------------------+---------------------+---------------------+--------------------------------------+--------------------------------------+-----------------------------+-----------------------------+----------------------------+----------------------------+-----------------------------+-----------------------------+--------------------+--------------------+-------------------------------------+-------------------------------------+----------------------------+----------------------------+---------------------------+---------------------------+
; Pin      ; I/O Standard ; Board Delay on Rise ; Board Delay on Fall ; Steady State Voh at FPGA Pin ; Steady State Vol at FPGA Pin ; Voh Max at FPGA Pin ; Vol Min at FPGA Pin ; Ringback Voltage on Rise at FPGA Pin ; Ringback Voltage on Fall at FPGA Pin ; 10-90 Rise Time at FPGA Pin ; 90-10 Fall Time at FPGA Pin ; Monotonic Rise at FPGA Pin ; Monotonic Fall at FPGA Pin ; Steady State Voh at Far-end ; Steady State Vol at Far-end ; Voh Max at Far-end ; Vol Min at Far-end ; Ringback Voltage on Rise at Far-end ; Ringback Voltage on Fall at Far-end ; 10-90 Rise Time at Far-end ; 90-10 Fall Time at Far-end ; Monotonic Rise at Far-end ; Monotonic Fall at Far-end ;
+----------+--------------+---------------------+---------------------+------------------------------+------------------------------+---------------------+---------------------+--------------------------------------+--------------------------------------+-----------------------------+-----------------------------+----------------------------+----------------------------+-----------------------------+-----------------------------+--------------------+--------------------+-------------------------------------+-------------------------------------+----------------------------+----------------------------+---------------------------+---------------------------+
; hex0[0]  ; 2.5 V        ; 0 s                 ; 0 s                 ; 2.32 V                       ; 2.15e-07 V                   ; 2.41 V              ; -0.0495 V           ; 0.18 V                               ; 0.115 V                              ; 4.54e-10 s                  ; 4.44e-10 s                  ; No                         ; Yes                        ; 2.32 V                      ; 2.15e-07 V                  ; 2.41 V             ; -0.0495 V          ; 0.18 V                              ; 0.115 V                             ; 4.54e-10 s                 ; 4.44e-10 s                 ; No                        ; Yes                       ;
; hex0[1]  ; 2.5 V        ; 0 s                 ; 0 s                 ; 2.32 V                       ; 2.15e-07 V                   ; 2.41 V              ; -0.0492 V           ; 0.181 V                              ; 0.116 V                              ; 4.54e-10 s                  ; 4.44e-10 s                  ; No                         ; Yes                        ; 2.32 V                      ; 2.15e-07 V                  ; 2.41 V             ; -0.0492 V          ; 0.181 V                             ; 0.116 V                             ; 4.54e-10 s                 ; 4.44e-10 s                 ; No                        ; Yes                       ;
; hex0[2]  ; 2.5 V        ; 0 s                 ; 0 s                 ; 2.32 V                       ; 2.15e-07 V                   ; 2.41 V              ; -0.0492 V           ; 0.181 V                              ; 0.116 V                              ; 4.54e-10 s                  ; 4.44e-10 s                  ; No                         ; Yes                        ; 2.32 V                      ; 2.15e-07 V                  ; 2.41 V             ; -0.0492 V          ; 0.181 V                             ; 0.116 V                             ; 4.54e-10 s                 ; 4.44e-10 s                 ; No                        ; Yes                       ;
; hex0[3]  ; 2.5 V        ; 0 s                 ; 0 s                 ; 2.32 V                       ; 2.15e-07 V                   ; 2.41 V              ; -0.0492 V           ; 0.181 V                              ; 0.116 V                              ; 4.54e-10 s                  ; 4.44e-10 s                  ; No                         ; Yes                        ; 2.32 V                      ; 2.15e-07 V                  ; 2.41 V             ; -0.0492 V          ; 0.181 V                             ; 0.116 V                             ; 4.54e-10 s                 ; 4.44e-10 s                 ; No                        ; Yes                       ;
; hex0[4]  ; 2.5 V        ; 0 s                 ; 0 s                 ; 2.32 V                       ; 2.15e-07 V                   ; 2.41 V              ; -0.0495 V           ; 0.18 V                               ; 0.115 V                              ; 4.54e-10 s                  ; 4.44e-10 s                  ; No                         ; Yes                        ; 2.32 V                      ; 2.15e-07 V                  ; 2.41 V             ; -0.0495 V          ; 0.18 V                              ; 0.115 V                             ; 4.54e-10 s                 ; 4.44e-10 s                 ; No                        ; Yes                       ;
; hex0[5]  ; 2.5 V        ; 0 s                 ; 0 s                 ; 2.32 V                       ; 2.15e-07 V                   ; 2.41 V              ; -0.0495 V           ; 0.18 V                               ; 0.115 V                              ; 4.54e-10 s                  ; 4.44e-10 s                  ; No                         ; Yes                        ; 2.32 V                      ; 2.15e-07 V                  ; 2.41 V             ; -0.0495 V          ; 0.18 V                              ; 0.115 V                             ; 4.54e-10 s                 ; 4.44e-10 s                 ; No                        ; Yes                       ;
; hex0[6]  ; 2.5 V        ; 0 s                 ; 0 s                 ; 2.32 V                       ; 2.15e-07 V                   ; 2.41 V              ; -0.0492 V           ; 0.181 V                              ; 0.116 V                              ; 4.54e-10 s                  ; 4.44e-10 s                  ; No                         ; Yes                        ; 2.32 V                      ; 2.15e-07 V                  ; 2.41 V             ; -0.0492 V          ; 0.181 V                             ; 0.116 V                             ; 4.54e-10 s                 ; 4.44e-10 s                 ; No                        ; Yes                       ;
; hex1[0]  ; 2.5 V        ; 0 s                 ; 0 s                 ; 2.32 V                       ; 2.15e-07 V                   ; 2.41 V              ; -0.0492 V           ; 0.181 V                              ; 0.116 V                              ; 4.54e-10 s                  ; 4.44e-10 s                  ; No                         ; Yes                        ; 2.32 V                      ; 2.15e-07 V                  ; 2.41 V             ; -0.0492 V          ; 0.181 V                             ; 0.116 V                             ; 4.54e-10 s                 ; 4.44e-10 s                 ; No                        ; Yes                       ;
; hex1[1]  ; 2.5 V        ; 0 s                 ; 0 s                 ; 2.32 V                       ; 2.15e-07 V                   ; 2.41 V              ; -0.0495 V           ; 0.18 V                               ; 0.115 V                              ; 4.54e-10 s                  ; 4.44e-10 s                  ; No                         ; Yes                        ; 2.32 V                      ; 2.15e-07 V                  ; 2.41 V             ; -0.0495 V          ; 0.18 V                              ; 0.115 V                             ; 4.54e-10 s                 ; 4.44e-10 s                 ; No                        ; Yes                       ;
; hex1[2]  ; 2.5 V        ; 0 s                 ; 0 s                 ; 2.32 V                       ; 2.15e-07 V                   ; 2.41 V              ; -0.0495 V           ; 0.18 V                               ; 0.115 V                              ; 4.54e-10 s                  ; 4.44e-10 s                  ; No                         ; Yes                        ; 2.32 V                      ; 2.15e-07 V                  ; 2.41 V             ; -0.0495 V          ; 0.18 V                              ; 0.115 V                             ; 4.54e-10 s                 ; 4.44e-10 s                 ; No                        ; Yes                       ;
; hex1[3]  ; 2.5 V        ; 0 s                 ; 0 s                 ; 2.32 V                       ; 2.15e-07 V                   ; 2.41 V              ; -0.0492 V           ; 0.181 V                              ; 0.116 V                              ; 4.54e-10 s                  ; 4.44e-10 s                  ; No                         ; Yes                        ; 2.32 V                      ; 2.15e-07 V                  ; 2.41 V             ; -0.0492 V          ; 0.181 V                             ; 0.116 V                             ; 4.54e-10 s                 ; 4.44e-10 s                 ; No                        ; Yes                       ;
; hex1[4]  ; 2.5 V        ; 0 s                 ; 0 s                 ; 2.32 V                       ; 2.15e-07 V                   ; 2.41 V              ; -0.0492 V           ; 0.181 V                              ; 0.116 V                              ; 4.54e-10 s                  ; 4.44e-10 s                  ; No                         ; Yes                        ; 2.32 V                      ; 2.15e-07 V                  ; 2.41 V             ; -0.0492 V          ; 0.181 V                             ; 0.116 V                             ; 4.54e-10 s                 ; 4.44e-10 s                 ; No                        ; Yes                       ;
; hex1[5]  ; 2.5 V        ; 0 s                 ; 0 s                 ; 2.32 V                       ; 2.15e-07 V                   ; 2.41 V              ; -0.0495 V           ; 0.18 V                               ; 0.115 V                              ; 4.54e-10 s                  ; 4.44e-10 s                  ; No                         ; Yes                        ; 2.32 V                      ; 2.15e-07 V                  ; 2.41 V             ; -0.0495 V          ; 0.18 V                              ; 0.115 V                             ; 4.54e-10 s                 ; 4.44e-10 s                 ; No                        ; Yes                       ;
; hex1[6]  ; 2.5 V        ; 0 s                 ; 0 s                 ; 2.32 V                       ; 2.15e-07 V                   ; 2.41 V              ; -0.0495 V           ; 0.18 V                               ; 0.115 V                              ; 4.54e-10 s                  ; 4.44e-10 s                  ; No                         ; Yes                        ; 2.32 V                      ; 2.15e-07 V                  ; 2.41 V             ; -0.0495 V          ; 0.18 V                              ; 0.115 V                             ; 4.54e-10 s                 ; 4.44e-10 s                 ; No                        ; Yes                       ;
; hex2[0]  ; 2.5 V        ; 0 s                 ; 0 s                 ; 2.32 V                       ; 2.19e-07 V                   ; 2.4 V               ; -0.039 V            ; 0.21 V                               ; 0.145 V                              ; 4.67e-10 s                  ; 4.63e-10 s                  ; No                         ; Yes                        ; 2.32 V                      ; 2.19e-07 V                  ; 2.4 V              ; -0.039 V           ; 0.21 V                              ; 0.145 V                             ; 4.67e-10 s                 ; 4.63e-10 s                 ; No                        ; Yes                       ;
; hex2[1]  ; 2.5 V        ; 0 s                 ; 0 s                 ; 2.32 V                       ; 2.15e-07 V                   ; 2.41 V              ; -0.0495 V           ; 0.18 V                               ; 0.115 V                              ; 4.54e-10 s                  ; 4.44e-10 s                  ; No                         ; Yes                        ; 2.32 V                      ; 2.15e-07 V                  ; 2.41 V             ; -0.0495 V          ; 0.18 V                              ; 0.115 V                             ; 4.54e-10 s                 ; 4.44e-10 s                 ; No                        ; Yes                       ;
; hex2[2]  ; 2.5 V        ; 0 s                 ; 0 s                 ; 2.32 V                       ; 2.15e-07 V                   ; 2.41 V              ; -0.0495 V           ; 0.18 V                               ; 0.115 V                              ; 4.54e-10 s                  ; 4.44e-10 s                  ; No                         ; Yes                        ; 2.32 V                      ; 2.15e-07 V                  ; 2.41 V             ; -0.0495 V          ; 0.18 V                              ; 0.115 V                             ; 4.54e-10 s                 ; 4.44e-10 s                 ; No                        ; Yes                       ;
; hex2[3]  ; 2.5 V        ; 0 s                 ; 0 s                 ; 2.32 V                       ; 1.88e-07 V                   ; 2.35 V              ; -0.0185 V           ; 0.153 V                              ; 0.099 V                              ; 4.6e-10 s                   ; 4.48e-10 s                  ; No                         ; Yes                        ; 2.32 V                      ; 1.88e-07 V                  ; 2.35 V             ; -0.0185 V          ; 0.153 V                             ; 0.099 V                             ; 4.6e-10 s                  ; 4.48e-10 s                 ; No                        ; Yes                       ;
; hex2[4]  ; 2.5 V        ; 0 s                 ; 0 s                 ; 2.32 V                       ; 1.88e-07 V                   ; 2.35 V              ; -0.0185 V           ; 0.153 V                              ; 0.099 V                              ; 4.6e-10 s                   ; 4.48e-10 s                  ; No                         ; Yes                        ; 2.32 V                      ; 1.88e-07 V                  ; 2.35 V             ; -0.0185 V          ; 0.153 V                             ; 0.099 V                             ; 4.6e-10 s                  ; 4.48e-10 s                 ; No                        ; Yes                       ;
; hex2[5]  ; 2.5 V        ; 0 s                 ; 0 s                 ; 2.32 V                       ; 2.15e-07 V                   ; 2.41 V              ; -0.0495 V           ; 0.18 V                               ; 0.115 V                              ; 4.54e-10 s                  ; 4.44e-10 s                  ; No                         ; Yes                        ; 2.32 V                      ; 2.15e-07 V                  ; 2.41 V             ; -0.0495 V          ; 0.18 V                              ; 0.115 V                             ; 4.54e-10 s                 ; 4.44e-10 s                 ; No                        ; Yes                       ;
; hex2[6]  ; 2.5 V        ; 0 s                 ; 0 s                 ; 2.32 V                       ; 2.15e-07 V                   ; 2.41 V              ; -0.0492 V           ; 0.181 V                              ; 0.116 V                              ; 4.54e-10 s                  ; 4.44e-10 s                  ; No                         ; Yes                        ; 2.32 V                      ; 2.15e-07 V                  ; 2.41 V             ; -0.0492 V          ; 0.181 V                             ; 0.116 V                             ; 4.54e-10 s                 ; 4.44e-10 s                 ; No                        ; Yes                       ;
; hex3[0]  ; 2.5 V        ; 0 s                 ; 0 s                 ; 2.32 V                       ; 1.88e-07 V                   ; 2.35 V              ; -0.0185 V           ; 0.153 V                              ; 0.099 V                              ; 4.6e-10 s                   ; 4.48e-10 s                  ; No                         ; Yes                        ; 2.32 V                      ; 1.88e-07 V                  ; 2.35 V             ; -0.0185 V          ; 0.153 V                             ; 0.099 V                             ; 4.6e-10 s                  ; 4.48e-10 s                 ; No                        ; Yes                       ;
; hex3[1]  ; 2.5 V        ; 0 s                 ; 0 s                 ; 2.32 V                       ; 2.19e-07 V                   ; 2.4 V               ; -0.039 V            ; 0.21 V                               ; 0.145 V                              ; 4.67e-10 s                  ; 4.63e-10 s                  ; No                         ; Yes                        ; 2.32 V                      ; 2.19e-07 V                  ; 2.4 V              ; -0.039 V           ; 0.21 V                              ; 0.145 V                             ; 4.67e-10 s                 ; 4.63e-10 s                 ; No                        ; Yes                       ;
; hex3[2]  ; 2.5 V        ; 0 s                 ; 0 s                 ; 2.32 V                       ; 2.19e-07 V                   ; 2.4 V               ; -0.039 V            ; 0.21 V                               ; 0.145 V                              ; 4.67e-10 s                  ; 4.63e-10 s                  ; No                         ; Yes                        ; 2.32 V                      ; 2.19e-07 V                  ; 2.4 V              ; -0.039 V           ; 0.21 V                              ; 0.145 V                             ; 4.67e-10 s                 ; 4.63e-10 s                 ; No                        ; Yes                       ;
; hex3[3]  ; 2.5 V        ; 0 s                 ; 0 s                 ; 2.32 V                       ; 1.88e-07 V                   ; 2.35 V              ; -0.0185 V           ; 0.153 V                              ; 0.099 V                              ; 4.6e-10 s                   ; 4.48e-10 s                  ; No                         ; Yes                        ; 2.32 V                      ; 1.88e-07 V                  ; 2.35 V             ; -0.0185 V          ; 0.153 V                             ; 0.099 V                             ; 4.6e-10 s                  ; 4.48e-10 s                 ; No                        ; Yes                       ;
; hex3[4]  ; 2.5 V        ; 0 s                 ; 0 s                 ; 2.32 V                       ; 2.19e-07 V                   ; 2.4 V               ; -0.039 V            ; 0.21 V                               ; 0.145 V                              ; 4.67e-10 s                  ; 4.63e-10 s                  ; No                         ; Yes                        ; 2.32 V                      ; 2.19e-07 V                  ; 2.4 V              ; -0.039 V           ; 0.21 V                              ; 0.145 V                             ; 4.67e-10 s                 ; 4.63e-10 s                 ; No                        ; Yes                       ;
; hex3[5]  ; 2.5 V        ; 0 s                 ; 0 s                 ; 2.32 V                       ; 2.19e-07 V                   ; 2.4 V               ; -0.039 V            ; 0.21 V                               ; 0.145 V                              ; 4.67e-10 s                  ; 4.63e-10 s                  ; No                         ; Yes                        ; 2.32 V                      ; 2.19e-07 V                  ; 2.4 V              ; -0.039 V           ; 0.21 V                              ; 0.145 V                             ; 4.67e-10 s                 ; 4.63e-10 s                 ; No                        ; Yes                       ;
; hex3[6]  ; 2.5 V        ; 0 s                 ; 0 s                 ; 2.32 V                       ; 1.88e-07 V                   ; 2.35 V              ; -0.0185 V           ; 0.153 V                              ; 0.099 V                              ; 4.6e-10 s                   ; 4.48e-10 s                  ; No                         ; Yes                        ; 2.32 V                      ; 1.88e-07 V                  ; 2.35 V             ; -0.0185 V          ; 0.153 V                             ; 0.099 V                             ; 4.6e-10 s                  ; 4.48e-10 s                 ; No                        ; Yes                       ;
; hex4[0]  ; 2.5 V        ; 0 s                 ; 0 s                 ; 2.32 V                       ; 2.15e-07 V                   ; 2.41 V              ; -0.0492 V           ; 0.181 V                              ; 0.116 V                              ; 4.54e-10 s                  ; 4.44e-10 s                  ; No                         ; Yes                        ; 2.32 V                      ; 2.15e-07 V                  ; 2.41 V             ; -0.0492 V          ; 0.181 V                             ; 0.116 V                             ; 4.54e-10 s                 ; 4.44e-10 s                 ; No                        ; Yes                       ;
; hex4[1]  ; 2.5 V        ; 0 s                 ; 0 s                 ; 2.32 V                       ; 1.88e-07 V                   ; 2.35 V              ; -0.0185 V           ; 0.153 V                              ; 0.099 V                              ; 4.6e-10 s                   ; 4.48e-10 s                  ; No                         ; Yes                        ; 2.32 V                      ; 1.88e-07 V                  ; 2.35 V             ; -0.0185 V          ; 0.153 V                             ; 0.099 V                             ; 4.6e-10 s                  ; 4.48e-10 s                 ; No                        ; Yes                       ;
; hex4[2]  ; 2.5 V        ; 0 s                 ; 0 s                 ; 2.32 V                       ; 1.88e-07 V                   ; 2.35 V              ; -0.0185 V           ; 0.153 V                              ; 0.099 V                              ; 4.6e-10 s                   ; 4.48e-10 s                  ; No                         ; Yes                        ; 2.32 V                      ; 1.88e-07 V                  ; 2.35 V             ; -0.0185 V          ; 0.153 V                             ; 0.099 V                             ; 4.6e-10 s                  ; 4.48e-10 s                 ; No                        ; Yes                       ;
; hex4[3]  ; 2.5 V        ; 0 s                 ; 0 s                 ; 2.32 V                       ; 1.88e-07 V                   ; 2.35 V              ; -0.0185 V           ; 0.153 V                              ; 0.099 V                              ; 4.6e-10 s                   ; 4.48e-10 s                  ; No                         ; Yes                        ; 2.32 V                      ; 1.88e-07 V                  ; 2.35 V             ; -0.0185 V          ; 0.153 V                             ; 0.099 V                             ; 4.6e-10 s                  ; 4.48e-10 s                 ; No                        ; Yes                       ;
; hex4[4]  ; 2.5 V        ; 0 s                 ; 0 s                 ; 2.32 V                       ; 2.19e-07 V                   ; 2.4 V               ; -0.039 V            ; 0.21 V                               ; 0.145 V                              ; 4.67e-10 s                  ; 4.63e-10 s                  ; No                         ; Yes                        ; 2.32 V                      ; 2.19e-07 V                  ; 2.4 V              ; -0.039 V           ; 0.21 V                              ; 0.145 V                             ; 4.67e-10 s                 ; 4.63e-10 s                 ; No                        ; Yes                       ;
; hex4[5]  ; 2.5 V        ; 0 s                 ; 0 s                 ; 2.32 V                       ; 2.19e-07 V                   ; 2.4 V               ; -0.039 V            ; 0.21 V                               ; 0.145 V                              ; 4.67e-10 s                  ; 4.63e-10 s                  ; No                         ; Yes                        ; 2.32 V                      ; 2.19e-07 V                  ; 2.4 V              ; -0.039 V           ; 0.21 V                              ; 0.145 V                             ; 4.67e-10 s                 ; 4.63e-10 s                 ; No                        ; Yes                       ;
; hex4[6]  ; 2.5 V        ; 0 s                 ; 0 s                 ; 2.32 V                       ; 1.88e-07 V                   ; 2.35 V              ; -0.0185 V           ; 0.153 V                              ; 0.099 V                              ; 4.6e-10 s                   ; 4.48e-10 s                  ; No                         ; Yes                        ; 2.32 V                      ; 1.88e-07 V                  ; 2.35 V             ; -0.0185 V          ; 0.153 V                             ; 0.099 V                             ; 4.6e-10 s                  ; 4.48e-10 s                 ; No                        ; Yes                       ;
; hex5[0]  ; 2.5 V        ; 0 s                 ; 0 s                 ; 2.32 V                       ; 2.19e-07 V                   ; 2.4 V               ; -0.039 V            ; 0.21 V                               ; 0.145 V                              ; 4.67e-10 s                  ; 4.63e-10 s                  ; No                         ; Yes                        ; 2.32 V                      ; 2.19e-07 V                  ; 2.4 V              ; -0.039 V           ; 0.21 V                              ; 0.145 V                             ; 4.67e-10 s                 ; 4.63e-10 s                 ; No                        ; Yes                       ;
; hex5[1]  ; 2.5 V        ; 0 s                 ; 0 s                 ; 2.32 V                       ; 1.88e-07 V                   ; 2.35 V              ; -0.0185 V           ; 0.153 V                              ; 0.099 V                              ; 4.6e-10 s                   ; 4.48e-10 s                  ; No                         ; Yes                        ; 2.32 V                      ; 1.88e-07 V                  ; 2.35 V             ; -0.0185 V          ; 0.153 V                             ; 0.099 V                             ; 4.6e-10 s                  ; 4.48e-10 s                 ; No                        ; Yes                       ;
; hex5[2]  ; 2.5 V        ; 0 s                 ; 0 s                 ; 2.32 V                       ; 1.88e-07 V                   ; 2.35 V              ; -0.0185 V           ; 0.153 V                              ; 0.099 V                              ; 4.6e-10 s                   ; 4.48e-10 s                  ; No                         ; Yes                        ; 2.32 V                      ; 1.88e-07 V                  ; 2.35 V             ; -0.0185 V          ; 0.153 V                             ; 0.099 V                             ; 4.6e-10 s                  ; 4.48e-10 s                 ; No                        ; Yes                       ;
; hex5[3]  ; 2.5 V        ; 0 s                 ; 0 s                 ; 2.32 V                       ; 1.88e-07 V                   ; 2.35 V              ; -0.0185 V           ; 0.153 V                              ; 0.099 V                              ; 4.6e-10 s                   ; 4.48e-10 s                  ; No                         ; Yes                        ; 2.32 V                      ; 1.88e-07 V                  ; 2.35 V             ; -0.0185 V          ; 0.153 V                             ; 0.099 V                             ; 4.6e-10 s                  ; 4.48e-10 s                 ; No                        ; Yes                       ;
; hex5[4]  ; 2.5 V        ; 0 s                 ; 0 s                 ; 2.32 V                       ; 2.15e-07 V                   ; 2.41 V              ; -0.0495 V           ; 0.18 V                               ; 0.115 V                              ; 4.54e-10 s                  ; 4.44e-10 s                  ; No                         ; Yes                        ; 2.32 V                      ; 2.15e-07 V                  ; 2.41 V             ; -0.0495 V          ; 0.18 V                              ; 0.115 V                             ; 4.54e-10 s                 ; 4.44e-10 s                 ; No                        ; Yes                       ;
; hex5[5]  ; 2.5 V        ; 0 s                 ; 0 s                 ; 2.32 V                       ; 2.15e-07 V                   ; 2.41 V              ; -0.0492 V           ; 0.181 V                              ; 0.116 V                              ; 4.54e-10 s                  ; 4.44e-10 s                  ; No                         ; Yes                        ; 2.32 V                      ; 2.15e-07 V                  ; 2.41 V             ; -0.0492 V          ; 0.181 V                             ; 0.116 V                             ; 4.54e-10 s                 ; 4.44e-10 s                 ; No                        ; Yes                       ;
; hex5[6]  ; 2.5 V        ; 0 s                 ; 0 s                 ; 2.32 V                       ; 2.19e-07 V                   ; 2.4 V               ; -0.039 V            ; 0.21 V                               ; 0.145 V                              ; 4.67e-10 s                  ; 4.63e-10 s                  ; No                         ; Yes                        ; 2.32 V                      ; 2.19e-07 V                  ; 2.4 V              ; -0.039 V           ; 0.21 V                              ; 0.145 V                             ; 4.67e-10 s                 ; 4.63e-10 s                 ; No                        ; Yes                       ;
; led[0]   ; 2.5 V        ; 0 s                 ; 0 s                 ; 2.32 V                       ; 1.88e-07 V                   ; 2.35 V              ; -0.0185 V           ; 0.153 V                              ; 0.099 V                              ; 4.6e-10 s                   ; 4.48e-10 s                  ; No                         ; Yes                        ; 2.32 V                      ; 1.88e-07 V                  ; 2.35 V             ; -0.0185 V          ; 0.153 V                             ; 0.099 V                             ; 4.6e-10 s                  ; 4.48e-10 s                 ; No                        ; Yes                       ;
; led[1]   ; 2.5 V        ; 0 s                 ; 0 s                 ; 2.32 V                       ; 2.15e-07 V                   ; 2.41 V              ; -0.0495 V           ; 0.18 V                               ; 0.115 V                              ; 4.54e-10 s                  ; 4.44e-10 s                  ; No                         ; Yes                        ; 2.32 V                      ; 2.15e-07 V                  ; 2.41 V             ; -0.0495 V          ; 0.18 V                              ; 0.115 V                             ; 4.54e-10 s                 ; 4.44e-10 s                 ; No                        ; Yes                       ;
; led[2]   ; 2.5 V        ; 0 s                 ; 0 s                 ; 2.32 V                       ; 2.19e-07 V                   ; 2.4 V               ; -0.039 V            ; 0.21 V                               ; 0.145 V                              ; 4.67e-10 s                  ; 4.63e-10 s                  ; No                         ; Yes                        ; 2.32 V                      ; 2.19e-07 V                  ; 2.4 V              ; -0.039 V           ; 0.21 V                              ; 0.145 V                             ; 4.67e-10 s                 ; 4.63e-10 s                 ; No                        ; Yes                       ;
; led[3]   ; 2.5 V        ; 0 s                 ; 0 s                 ; 2.32 V                       ; 2.15e-07 V                   ; 2.41 V              ; -0.0495 V           ; 0.18 V                               ; 0.115 V                              ; 4.54e-10 s                  ; 4.44e-10 s                  ; No                         ; Yes                        ; 2.32 V                      ; 2.15e-07 V                  ; 2.41 V             ; -0.0495 V          ; 0.18 V                              ; 0.115 V                             ; 4.54e-10 s                 ; 4.44e-10 s                 ; No                        ; Yes                       ;
; led[4]   ; 2.5 V        ; 0 s                 ; 0 s                 ; 2.32 V                       ; 1.88e-07 V                   ; 2.35 V              ; -0.0185 V           ; 0.153 V                              ; 0.099 V                              ; 4.6e-10 s                   ; 4.48e-10 s                  ; No                         ; Yes                        ; 2.32 V                      ; 1.88e-07 V                  ; 2.35 V             ; -0.0185 V          ; 0.153 V                             ; 0.099 V                             ; 4.6e-10 s                  ; 4.48e-10 s                 ; No                        ; Yes                       ;
; led[5]   ; 2.5 V        ; 0 s                 ; 0 s                 ; 2.32 V                       ; 2.19e-07 V                   ; 2.4 V               ; -0.039 V            ; 0.21 V                               ; 0.145 V                              ; 4.67e-10 s                  ; 4.63e-10 s                  ; No                         ; Yes                        ; 2.32 V                      ; 2.19e-07 V                  ; 2.4 V              ; -0.039 V           ; 0.21 V                              ; 0.145 V                             ; 4.67e-10 s                 ; 4.63e-10 s                 ; No                        ; Yes                       ;
; led[6]   ; 2.5 V        ; 0 s                 ; 0 s                 ; 2.32 V                       ; 2.15e-07 V                   ; 2.41 V              ; -0.0492 V           ; 0.181 V                              ; 0.116 V                              ; 4.54e-10 s                  ; 4.44e-10 s                  ; No                         ; Yes                        ; 2.32 V                      ; 2.15e-07 V                  ; 2.41 V             ; -0.0492 V          ; 0.181 V                             ; 0.116 V                             ; 4.54e-10 s                 ; 4.44e-10 s                 ; No                        ; Yes                       ;
; led[7]   ; 2.5 V        ; 0 s                 ; 0 s                 ; 2.32 V                       ; 2.15e-07 V                   ; 2.41 V              ; -0.0495 V           ; 0.18 V                               ; 0.115 V                              ; 4.54e-10 s                  ; 4.44e-10 s                  ; No                         ; Yes                        ; 2.32 V                      ; 2.15e-07 V                  ; 2.41 V             ; -0.0495 V          ; 0.18 V                              ; 0.115 V                             ; 4.54e-10 s                 ; 4.44e-10 s                 ; No                        ; Yes                       ;
; led[8]   ; 2.5 V        ; 0 s                 ; 0 s                 ; 2.32 V                       ; 2.15e-07 V                   ; 2.41 V              ; -0.0495 V           ; 0.18 V                               ; 0.115 V                              ; 4.54e-10 s                  ; 4.44e-10 s                  ; No                         ; Yes                        ; 2.32 V                      ; 2.15e-07 V                  ; 2.41 V             ; -0.0495 V          ; 0.18 V                              ; 0.115 V                             ; 4.54e-10 s                 ; 4.44e-10 s                 ; No                        ; Yes                       ;
; led[9]   ; 2.5 V        ; 0 s                 ; 0 s                 ; 2.32 V                       ; 2.15e-07 V                   ; 2.41 V              ; -0.0492 V           ; 0.181 V                              ; 0.116 V                              ; 4.54e-10 s                  ; 4.44e-10 s                  ; No                         ; Yes                        ; 2.32 V                      ; 2.15e-07 V                  ; 2.41 V             ; -0.0492 V          ; 0.181 V                             ; 0.116 V                             ; 4.54e-10 s                 ; 4.44e-10 s                 ; No                        ; Yes                       ;
; vga_r[0] ; 2.5 V        ; 0 s                 ; 0 s                 ; 2.32 V                       ; 2.15e-07 V                   ; 2.41 V              ; -0.0495 V           ; 0.18 V                               ; 0.115 V                              ; 4.54e-10 s                  ; 4.44e-10 s                  ; No                         ; Yes                        ; 2.32 V                      ; 2.15e-07 V                  ; 2.41 V             ; -0.0495 V          ; 0.18 V                              ; 0.115 V                             ; 4.54e-10 s                 ; 4.44e-10 s                 ; No                        ; Yes                       ;
; vga_r[1] ; 2.5 V        ; 0 s                 ; 0 s                 ; 2.32 V                       ; 2.19e-07 V                   ; 2.4 V               ; -0.039 V            ; 0.21 V                               ; 0.145 V                              ; 4.67e-10 s                  ; 4.63e-10 s                  ; No                         ; Yes                        ; 2.32 V                      ; 2.19e-07 V                  ; 2.4 V              ; -0.039 V           ; 0.21 V                              ; 0.145 V                             ; 4.67e-10 s                 ; 4.63e-10 s                 ; No                        ; Yes                       ;
; vga_r[2] ; 2.5 V        ; 0 s                 ; 0 s                 ; 2.32 V                       ; 1.88e-07 V                   ; 2.35 V              ; -0.0185 V           ; 0.153 V                              ; 0.099 V                              ; 4.6e-10 s                   ; 4.48e-10 s                  ; No                         ; Yes                        ; 2.32 V                      ; 1.88e-07 V                  ; 2.35 V             ; -0.0185 V          ; 0.153 V                             ; 0.099 V                             ; 4.6e-10 s                  ; 4.48e-10 s                 ; No                        ; Yes                       ;
; vga_r[3] ; 2.5 V        ; 0 s                 ; 0 s                 ; 2.32 V                       ; 2.15e-07 V                   ; 2.41 V              ; -0.0492 V           ; 0.181 V                              ; 0.116 V                              ; 4.54e-10 s                  ; 4.44e-10 s                  ; No                         ; Yes                        ; 2.32 V                      ; 2.15e-07 V                  ; 2.41 V             ; -0.0492 V          ; 0.181 V                             ; 0.116 V                             ; 4.54e-10 s                 ; 4.44e-10 s                 ; No                        ; Yes                       ;
; vga_g[0] ; 2.5 V        ; 0 s                 ; 0 s                 ; 2.32 V                       ; 2.15e-07 V                   ; 2.41 V              ; -0.0492 V           ; 0.181 V                              ; 0.116 V                              ; 4.54e-10 s                  ; 4.44e-10 s                  ; No                         ; Yes                        ; 2.32 V                      ; 2.15e-07 V                  ; 2.41 V             ; -0.0492 V          ; 0.181 V                             ; 0.116 V                             ; 4.54e-10 s                 ; 4.44e-10 s                 ; No                        ; Yes                       ;
; vga_g[1] ; 2.5 V        ; 0 s                 ; 0 s                 ; 2.32 V                       ; 2.15e-07 V                   ; 2.41 V              ; -0.0495 V           ; 0.18 V                               ; 0.115 V                              ; 4.54e-10 s                  ; 4.44e-10 s                  ; No                         ; Yes                        ; 2.32 V                      ; 2.15e-07 V                  ; 2.41 V             ; -0.0495 V          ; 0.18 V                              ; 0.115 V                             ; 4.54e-10 s                 ; 4.44e-10 s                 ; No                        ; Yes                       ;
; vga_g[2] ; 2.5 V        ; 0 s                 ; 0 s                 ; 2.32 V                       ; 2.19e-07 V                   ; 2.4 V               ; -0.039 V            ; 0.21 V                               ; 0.145 V                              ; 4.67e-10 s                  ; 4.63e-10 s                  ; No                         ; Yes                        ; 2.32 V                      ; 2.19e-07 V                  ; 2.4 V              ; -0.039 V           ; 0.21 V                              ; 0.145 V                             ; 4.67e-10 s                 ; 4.63e-10 s                 ; No                        ; Yes                       ;
; vga_g[3] ; 2.5 V        ; 0 s                 ; 0 s                 ; 2.32 V                       ; 1.88e-07 V                   ; 2.35 V              ; -0.0185 V           ; 0.153 V                              ; 0.099 V                              ; 4.6e-10 s                   ; 4.48e-10 s                  ; No                         ; Yes                        ; 2.32 V                      ; 1.88e-07 V                  ; 2.35 V             ; -0.0185 V          ; 0.153 V                             ; 0.099 V                             ; 4.6e-10 s                  ; 4.48e-10 s                 ; No                        ; Yes                       ;
; vga_b[0] ; 2.5 V        ; 0 s                 ; 0 s                 ; 2.32 V                       ; 2.15e-07 V                   ; 2.41 V              ; -0.0492 V           ; 0.181 V                              ; 0.116 V                              ; 4.54e-10 s                  ; 4.44e-10 s                  ; No                         ; Yes                        ; 2.32 V                      ; 2.15e-07 V                  ; 2.41 V             ; -0.0492 V          ; 0.181 V                             ; 0.116 V                             ; 4.54e-10 s                 ; 4.44e-10 s                 ; No                        ; Yes                       ;
; vga_b[1] ; 2.5 V        ; 0 s                 ; 0 s                 ; 2.32 V                       ; 2.15e-07 V                   ; 2.41 V              ; -0.0495 V           ; 0.18 V                               ; 0.115 V                              ; 4.54e-10 s                  ; 4.44e-10 s                  ; No                         ; Yes                        ; 2.32 V                      ; 2.15e-07 V                  ; 2.41 V             ; -0.0495 V          ; 0.18 V                              ; 0.115 V                             ; 4.54e-10 s                 ; 4.44e-10 s                 ; No                        ; Yes                       ;
; vga_b[2] ; 2.5 V        ; 0 s                 ; 0 s                 ; 2.32 V                       ; 2.19e-07 V                   ; 2.4 V               ; -0.039 V            ; 0.21 V                               ; 0.145 V                              ; 4.67e-10 s                  ; 4.63e-10 s                  ; No                         ; Yes                        ; 2.32 V                      ; 2.19e-07 V                  ; 2.4 V              ; -0.039 V           ; 0.21 V                              ; 0.145 V                             ; 4.67e-10 s                 ; 4.63e-10 s                 ; No                        ; Yes                       ;
; vga_b[3] ; 2.5 V        ; 0 s                 ; 0 s                 ; 2.32 V                       ; 1.88e-07 V                   ; 2.35 V              ; -0.0185 V           ; 0.153 V                              ; 0.099 V                              ; 4.6e-10 s                   ; 4.48e-10 s                  ; No                         ; Yes                        ; 2.32 V                      ; 1.88e-07 V                  ; 2.35 V             ; -0.0185 V          ; 0.153 V                             ; 0.099 V                             ; 4.6e-10 s                  ; 4.48e-10 s                 ; No                        ; Yes                       ;
; vga_hs   ; 2.5 V        ; 0 s                 ; 0 s                 ; 2.32 V                       ; 2.15e-07 V                   ; 2.41 V              ; -0.0492 V           ; 0.181 V                              ; 0.116 V                              ; 4.54e-10 s                  ; 4.44e-10 s                  ; No                         ; Yes                        ; 2.32 V                      ; 2.15e-07 V                  ; 2.41 V             ; -0.0492 V          ; 0.181 V                             ; 0.116 V                             ; 4.54e-10 s                 ; 4.44e-10 s                 ; No                        ; Yes                       ;
; vga_vs   ; 2.5 V        ; 0 s                 ; 0 s                 ; 2.32 V                       ; 2.15e-07 V                   ; 2.41 V              ; -0.0495 V           ; 0.18 V                               ; 0.115 V                              ; 4.54e-10 s                  ; 4.44e-10 s                  ; No                         ; Yes                        ; 2.32 V                      ; 2.15e-07 V                  ; 2.41 V             ; -0.0495 V          ; 0.18 V                              ; 0.115 V                             ; 4.54e-10 s                 ; 4.44e-10 s                 ; No                        ; Yes                       ;
; ps2_clk  ; 2.5 V        ; 0 s                 ; 0 s                 ; 2.32 V                       ; 2.19e-07 V                   ; 2.4 V               ; -0.039 V            ; 0.21 V                               ; 0.145 V                              ; 4.67e-10 s                  ; 4.63e-10 s                  ; No                         ; Yes                        ; 2.32 V                      ; 2.19e-07 V                  ; 2.4 V              ; -0.039 V           ; 0.21 V                              ; 0.145 V                             ; 4.67e-10 s                 ; 4.63e-10 s                 ; No                        ; Yes                       ;
; ps2_dat  ; 2.5 V        ; 0 s                 ; 0 s                 ; 2.32 V                       ; 2.19e-07 V                   ; 2.4 V               ; -0.039 V            ; 0.21 V                               ; 0.145 V                              ; 4.67e-10 s                  ; 4.63e-10 s                  ; No                         ; Yes                        ; 2.32 V                      ; 2.19e-07 V                  ; 2.4 V              ; -0.039 V           ; 0.21 V                              ; 0.145 V                             ; 4.67e-10 s                 ; 4.63e-10 s                 ; No                        ; Yes                       ;
+----------+--------------+---------------------+---------------------+------------------------------+------------------------------+---------------------+---------------------+--------------------------------------+--------------------------------------+-----------------------------+-----------------------------+----------------------------+----------------------------+-----------------------------+-----------------------------+--------------------+--------------------+-------------------------------------+-------------------------------------+----------------------------+----------------------------+---------------------------+---------------------------+


+---------------------------------------------------------------------------------------------------------------------------------------------------------------------------------------------------------------------------------------------------------------------------------------------------------------------------------------------------------------------------------------------------------------------------------------------------------------------------------------------------------------------------------------------------------------------------------------------------------------------------------------------------------------------------------------+
; Signal Integrity Metrics (Slow 1100mv 85c Model)                                                                                                                                                                                                                                                                                                                                                                                                                                                                                                                                                                                                                                      ;
+----------+--------------+---------------------+---------------------+------------------------------+------------------------------+---------------------+---------------------+--------------------------------------+--------------------------------------+-----------------------------+-----------------------------+----------------------------+----------------------------+-----------------------------+-----------------------------+--------------------+--------------------+-------------------------------------+-------------------------------------+----------------------------+----------------------------+---------------------------+---------------------------+
; Pin      ; I/O Standard ; Board Delay on Rise ; Board Delay on Fall ; Steady State Voh at FPGA Pin ; Steady State Vol at FPGA Pin ; Voh Max at FPGA Pin ; Vol Min at FPGA Pin ; Ringback Voltage on Rise at FPGA Pin ; Ringback Voltage on Fall at FPGA Pin ; 10-90 Rise Time at FPGA Pin ; 90-10 Fall Time at FPGA Pin ; Monotonic Rise at FPGA Pin ; Monotonic Fall at FPGA Pin ; Steady State Voh at Far-end ; Steady State Vol at Far-end ; Voh Max at Far-end ; Vol Min at Far-end ; Ringback Voltage on Rise at Far-end ; Ringback Voltage on Fall at Far-end ; 10-90 Rise Time at Far-end ; 90-10 Fall Time at Far-end ; Monotonic Rise at Far-end ; Monotonic Fall at Far-end ;
+----------+--------------+---------------------+---------------------+------------------------------+------------------------------+---------------------+---------------------+--------------------------------------+--------------------------------------+-----------------------------+-----------------------------+----------------------------+----------------------------+-----------------------------+-----------------------------+--------------------+--------------------+-------------------------------------+-------------------------------------+----------------------------+----------------------------+---------------------------+---------------------------+
; hex0[0]  ; 2.5 V        ; 0 s                 ; 0 s                 ; 2.32 V                       ; 2.52e-05 V                   ; 2.38 V              ; -0.0315 V           ; 0.205 V                              ; 0.182 V                              ; 4.74e-10 s                  ; 4.85e-10 s                  ; No                         ; Yes                        ; 2.32 V                      ; 2.52e-05 V                  ; 2.38 V             ; -0.0315 V          ; 0.205 V                             ; 0.182 V                             ; 4.74e-10 s                 ; 4.85e-10 s                 ; No                        ; Yes                       ;
; hex0[1]  ; 2.5 V        ; 0 s                 ; 0 s                 ; 2.32 V                       ; 2.52e-05 V                   ; 2.38 V              ; -0.032 V            ; 0.204 V                              ; 0.181 V                              ; 4.74e-10 s                  ; 4.85e-10 s                  ; No                         ; Yes                        ; 2.32 V                      ; 2.52e-05 V                  ; 2.38 V             ; -0.032 V           ; 0.204 V                             ; 0.181 V                             ; 4.74e-10 s                 ; 4.85e-10 s                 ; No                        ; Yes                       ;
; hex0[2]  ; 2.5 V        ; 0 s                 ; 0 s                 ; 2.32 V                       ; 2.52e-05 V                   ; 2.38 V              ; -0.032 V            ; 0.204 V                              ; 0.181 V                              ; 4.74e-10 s                  ; 4.85e-10 s                  ; No                         ; Yes                        ; 2.32 V                      ; 2.52e-05 V                  ; 2.38 V             ; -0.032 V           ; 0.204 V                             ; 0.181 V                             ; 4.74e-10 s                 ; 4.85e-10 s                 ; No                        ; Yes                       ;
; hex0[3]  ; 2.5 V        ; 0 s                 ; 0 s                 ; 2.32 V                       ; 2.52e-05 V                   ; 2.38 V              ; -0.032 V            ; 0.204 V                              ; 0.181 V                              ; 4.74e-10 s                  ; 4.85e-10 s                  ; No                         ; Yes                        ; 2.32 V                      ; 2.52e-05 V                  ; 2.38 V             ; -0.032 V           ; 0.204 V                             ; 0.181 V                             ; 4.74e-10 s                 ; 4.85e-10 s                 ; No                        ; Yes                       ;
; hex0[4]  ; 2.5 V        ; 0 s                 ; 0 s                 ; 2.32 V                       ; 2.52e-05 V                   ; 2.38 V              ; -0.0315 V           ; 0.205 V                              ; 0.182 V                              ; 4.74e-10 s                  ; 4.85e-10 s                  ; No                         ; Yes                        ; 2.32 V                      ; 2.52e-05 V                  ; 2.38 V             ; -0.0315 V          ; 0.205 V                             ; 0.182 V                             ; 4.74e-10 s                 ; 4.85e-10 s                 ; No                        ; Yes                       ;
; hex0[5]  ; 2.5 V        ; 0 s                 ; 0 s                 ; 2.32 V                       ; 2.52e-05 V                   ; 2.38 V              ; -0.0315 V           ; 0.205 V                              ; 0.182 V                              ; 4.74e-10 s                  ; 4.85e-10 s                  ; No                         ; Yes                        ; 2.32 V                      ; 2.52e-05 V                  ; 2.38 V             ; -0.0315 V          ; 0.205 V                             ; 0.182 V                             ; 4.74e-10 s                 ; 4.85e-10 s                 ; No                        ; Yes                       ;
; hex0[6]  ; 2.5 V        ; 0 s                 ; 0 s                 ; 2.32 V                       ; 2.52e-05 V                   ; 2.38 V              ; -0.032 V            ; 0.204 V                              ; 0.181 V                              ; 4.74e-10 s                  ; 4.85e-10 s                  ; No                         ; Yes                        ; 2.32 V                      ; 2.52e-05 V                  ; 2.38 V             ; -0.032 V           ; 0.204 V                             ; 0.181 V                             ; 4.74e-10 s                 ; 4.85e-10 s                 ; No                        ; Yes                       ;
; hex1[0]  ; 2.5 V        ; 0 s                 ; 0 s                 ; 2.32 V                       ; 2.52e-05 V                   ; 2.38 V              ; -0.032 V            ; 0.204 V                              ; 0.181 V                              ; 4.74e-10 s                  ; 4.85e-10 s                  ; No                         ; Yes                        ; 2.32 V                      ; 2.52e-05 V                  ; 2.38 V             ; -0.032 V           ; 0.204 V                             ; 0.181 V                             ; 4.74e-10 s                 ; 4.85e-10 s                 ; No                        ; Yes                       ;
; hex1[1]  ; 2.5 V        ; 0 s                 ; 0 s                 ; 2.32 V                       ; 2.52e-05 V                   ; 2.38 V              ; -0.0315 V           ; 0.205 V                              ; 0.182 V                              ; 4.74e-10 s                  ; 4.85e-10 s                  ; No                         ; Yes                        ; 2.32 V                      ; 2.52e-05 V                  ; 2.38 V             ; -0.0315 V          ; 0.205 V                             ; 0.182 V                             ; 4.74e-10 s                 ; 4.85e-10 s                 ; No                        ; Yes                       ;
; hex1[2]  ; 2.5 V        ; 0 s                 ; 0 s                 ; 2.32 V                       ; 2.52e-05 V                   ; 2.38 V              ; -0.0315 V           ; 0.205 V                              ; 0.182 V                              ; 4.74e-10 s                  ; 4.85e-10 s                  ; No                         ; Yes                        ; 2.32 V                      ; 2.52e-05 V                  ; 2.38 V             ; -0.0315 V          ; 0.205 V                             ; 0.182 V                             ; 4.74e-10 s                 ; 4.85e-10 s                 ; No                        ; Yes                       ;
; hex1[3]  ; 2.5 V        ; 0 s                 ; 0 s                 ; 2.32 V                       ; 2.52e-05 V                   ; 2.38 V              ; -0.032 V            ; 0.204 V                              ; 0.181 V                              ; 4.74e-10 s                  ; 4.85e-10 s                  ; No                         ; Yes                        ; 2.32 V                      ; 2.52e-05 V                  ; 2.38 V             ; -0.032 V           ; 0.204 V                             ; 0.181 V                             ; 4.74e-10 s                 ; 4.85e-10 s                 ; No                        ; Yes                       ;
; hex1[4]  ; 2.5 V        ; 0 s                 ; 0 s                 ; 2.32 V                       ; 2.52e-05 V                   ; 2.38 V              ; -0.032 V            ; 0.204 V                              ; 0.181 V                              ; 4.74e-10 s                  ; 4.85e-10 s                  ; No                         ; Yes                        ; 2.32 V                      ; 2.52e-05 V                  ; 2.38 V             ; -0.032 V           ; 0.204 V                             ; 0.181 V                             ; 4.74e-10 s                 ; 4.85e-10 s                 ; No                        ; Yes                       ;
; hex1[5]  ; 2.5 V        ; 0 s                 ; 0 s                 ; 2.32 V                       ; 2.52e-05 V                   ; 2.38 V              ; -0.0315 V           ; 0.205 V                              ; 0.182 V                              ; 4.74e-10 s                  ; 4.85e-10 s                  ; No                         ; Yes                        ; 2.32 V                      ; 2.52e-05 V                  ; 2.38 V             ; -0.0315 V          ; 0.205 V                             ; 0.182 V                             ; 4.74e-10 s                 ; 4.85e-10 s                 ; No                        ; Yes                       ;
; hex1[6]  ; 2.5 V        ; 0 s                 ; 0 s                 ; 2.32 V                       ; 2.52e-05 V                   ; 2.38 V              ; -0.0315 V           ; 0.205 V                              ; 0.182 V                              ; 4.74e-10 s                  ; 4.85e-10 s                  ; No                         ; Yes                        ; 2.32 V                      ; 2.52e-05 V                  ; 2.38 V             ; -0.0315 V          ; 0.205 V                             ; 0.182 V                             ; 4.74e-10 s                 ; 4.85e-10 s                 ; No                        ; Yes                       ;
; hex2[0]  ; 2.5 V        ; 0 s                 ; 0 s                 ; 2.32 V                       ; 2.56e-05 V                   ; 2.38 V              ; -0.026 V            ; 0.249 V                              ; 0.089 V                              ; 4.95e-10 s                  ; 6.01e-10 s                  ; No                         ; Yes                        ; 2.32 V                      ; 2.56e-05 V                  ; 2.38 V             ; -0.026 V           ; 0.249 V                             ; 0.089 V                             ; 4.95e-10 s                 ; 6.01e-10 s                 ; No                        ; Yes                       ;
; hex2[1]  ; 2.5 V        ; 0 s                 ; 0 s                 ; 2.32 V                       ; 2.52e-05 V                   ; 2.38 V              ; -0.0315 V           ; 0.205 V                              ; 0.182 V                              ; 4.74e-10 s                  ; 4.85e-10 s                  ; No                         ; Yes                        ; 2.32 V                      ; 2.52e-05 V                  ; 2.38 V             ; -0.0315 V          ; 0.205 V                             ; 0.182 V                             ; 4.74e-10 s                 ; 4.85e-10 s                 ; No                        ; Yes                       ;
; hex2[2]  ; 2.5 V        ; 0 s                 ; 0 s                 ; 2.32 V                       ; 2.52e-05 V                   ; 2.38 V              ; -0.0315 V           ; 0.205 V                              ; 0.182 V                              ; 4.74e-10 s                  ; 4.85e-10 s                  ; No                         ; Yes                        ; 2.32 V                      ; 2.52e-05 V                  ; 2.38 V             ; -0.0315 V          ; 0.205 V                             ; 0.182 V                             ; 4.74e-10 s                 ; 4.85e-10 s                 ; No                        ; Yes                       ;
; hex2[3]  ; 2.5 V        ; 0 s                 ; 0 s                 ; 2.32 V                       ; 2.27e-05 V                   ; 2.34 V              ; -0.0089 V           ; 0.206 V                              ; 0.058 V                              ; 4.97e-10 s                  ; 5.13e-10 s                  ; Yes                        ; Yes                        ; 2.32 V                      ; 2.27e-05 V                  ; 2.34 V             ; -0.0089 V          ; 0.206 V                             ; 0.058 V                             ; 4.97e-10 s                 ; 5.13e-10 s                 ; Yes                       ; Yes                       ;
; hex2[4]  ; 2.5 V        ; 0 s                 ; 0 s                 ; 2.32 V                       ; 2.27e-05 V                   ; 2.34 V              ; -0.0089 V           ; 0.206 V                              ; 0.058 V                              ; 4.97e-10 s                  ; 5.13e-10 s                  ; Yes                        ; Yes                        ; 2.32 V                      ; 2.27e-05 V                  ; 2.34 V             ; -0.0089 V          ; 0.206 V                             ; 0.058 V                             ; 4.97e-10 s                 ; 5.13e-10 s                 ; Yes                       ; Yes                       ;
; hex2[5]  ; 2.5 V        ; 0 s                 ; 0 s                 ; 2.32 V                       ; 2.52e-05 V                   ; 2.38 V              ; -0.0315 V           ; 0.205 V                              ; 0.182 V                              ; 4.74e-10 s                  ; 4.85e-10 s                  ; No                         ; Yes                        ; 2.32 V                      ; 2.52e-05 V                  ; 2.38 V             ; -0.0315 V          ; 0.205 V                             ; 0.182 V                             ; 4.74e-10 s                 ; 4.85e-10 s                 ; No                        ; Yes                       ;
; hex2[6]  ; 2.5 V        ; 0 s                 ; 0 s                 ; 2.32 V                       ; 2.52e-05 V                   ; 2.38 V              ; -0.032 V            ; 0.204 V                              ; 0.181 V                              ; 4.74e-10 s                  ; 4.85e-10 s                  ; No                         ; Yes                        ; 2.32 V                      ; 2.52e-05 V                  ; 2.38 V             ; -0.032 V           ; 0.204 V                             ; 0.181 V                             ; 4.74e-10 s                 ; 4.85e-10 s                 ; No                        ; Yes                       ;
; hex3[0]  ; 2.5 V        ; 0 s                 ; 0 s                 ; 2.32 V                       ; 2.27e-05 V                   ; 2.34 V              ; -0.0089 V           ; 0.206 V                              ; 0.058 V                              ; 4.97e-10 s                  ; 5.13e-10 s                  ; Yes                        ; Yes                        ; 2.32 V                      ; 2.27e-05 V                  ; 2.34 V             ; -0.0089 V          ; 0.206 V                             ; 0.058 V                             ; 4.97e-10 s                 ; 5.13e-10 s                 ; Yes                       ; Yes                       ;
; hex3[1]  ; 2.5 V        ; 0 s                 ; 0 s                 ; 2.32 V                       ; 2.56e-05 V                   ; 2.38 V              ; -0.026 V            ; 0.249 V                              ; 0.089 V                              ; 4.95e-10 s                  ; 6.01e-10 s                  ; No                         ; Yes                        ; 2.32 V                      ; 2.56e-05 V                  ; 2.38 V             ; -0.026 V           ; 0.249 V                             ; 0.089 V                             ; 4.95e-10 s                 ; 6.01e-10 s                 ; No                        ; Yes                       ;
; hex3[2]  ; 2.5 V        ; 0 s                 ; 0 s                 ; 2.32 V                       ; 2.56e-05 V                   ; 2.38 V              ; -0.026 V            ; 0.249 V                              ; 0.089 V                              ; 4.95e-10 s                  ; 6.01e-10 s                  ; No                         ; Yes                        ; 2.32 V                      ; 2.56e-05 V                  ; 2.38 V             ; -0.026 V           ; 0.249 V                             ; 0.089 V                             ; 4.95e-10 s                 ; 6.01e-10 s                 ; No                        ; Yes                       ;
; hex3[3]  ; 2.5 V        ; 0 s                 ; 0 s                 ; 2.32 V                       ; 2.27e-05 V                   ; 2.34 V              ; -0.0089 V           ; 0.206 V                              ; 0.058 V                              ; 4.97e-10 s                  ; 5.13e-10 s                  ; Yes                        ; Yes                        ; 2.32 V                      ; 2.27e-05 V                  ; 2.34 V             ; -0.0089 V          ; 0.206 V                             ; 0.058 V                             ; 4.97e-10 s                 ; 5.13e-10 s                 ; Yes                       ; Yes                       ;
; hex3[4]  ; 2.5 V        ; 0 s                 ; 0 s                 ; 2.32 V                       ; 2.56e-05 V                   ; 2.38 V              ; -0.026 V            ; 0.249 V                              ; 0.089 V                              ; 4.95e-10 s                  ; 6.01e-10 s                  ; No                         ; Yes                        ; 2.32 V                      ; 2.56e-05 V                  ; 2.38 V             ; -0.026 V           ; 0.249 V                             ; 0.089 V                             ; 4.95e-10 s                 ; 6.01e-10 s                 ; No                        ; Yes                       ;
; hex3[5]  ; 2.5 V        ; 0 s                 ; 0 s                 ; 2.32 V                       ; 2.56e-05 V                   ; 2.38 V              ; -0.026 V            ; 0.249 V                              ; 0.089 V                              ; 4.95e-10 s                  ; 6.01e-10 s                  ; No                         ; Yes                        ; 2.32 V                      ; 2.56e-05 V                  ; 2.38 V             ; -0.026 V           ; 0.249 V                             ; 0.089 V                             ; 4.95e-10 s                 ; 6.01e-10 s                 ; No                        ; Yes                       ;
; hex3[6]  ; 2.5 V        ; 0 s                 ; 0 s                 ; 2.32 V                       ; 2.27e-05 V                   ; 2.34 V              ; -0.0089 V           ; 0.206 V                              ; 0.058 V                              ; 4.97e-10 s                  ; 5.13e-10 s                  ; Yes                        ; Yes                        ; 2.32 V                      ; 2.27e-05 V                  ; 2.34 V             ; -0.0089 V          ; 0.206 V                             ; 0.058 V                             ; 4.97e-10 s                 ; 5.13e-10 s                 ; Yes                       ; Yes                       ;
; hex4[0]  ; 2.5 V        ; 0 s                 ; 0 s                 ; 2.32 V                       ; 2.52e-05 V                   ; 2.38 V              ; -0.032 V            ; 0.204 V                              ; 0.181 V                              ; 4.74e-10 s                  ; 4.85e-10 s                  ; No                         ; Yes                        ; 2.32 V                      ; 2.52e-05 V                  ; 2.38 V             ; -0.032 V           ; 0.204 V                             ; 0.181 V                             ; 4.74e-10 s                 ; 4.85e-10 s                 ; No                        ; Yes                       ;
; hex4[1]  ; 2.5 V        ; 0 s                 ; 0 s                 ; 2.32 V                       ; 2.27e-05 V                   ; 2.34 V              ; -0.0089 V           ; 0.206 V                              ; 0.058 V                              ; 4.97e-10 s                  ; 5.13e-10 s                  ; Yes                        ; Yes                        ; 2.32 V                      ; 2.27e-05 V                  ; 2.34 V             ; -0.0089 V          ; 0.206 V                             ; 0.058 V                             ; 4.97e-10 s                 ; 5.13e-10 s                 ; Yes                       ; Yes                       ;
; hex4[2]  ; 2.5 V        ; 0 s                 ; 0 s                 ; 2.32 V                       ; 2.27e-05 V                   ; 2.34 V              ; -0.0089 V           ; 0.206 V                              ; 0.058 V                              ; 4.97e-10 s                  ; 5.13e-10 s                  ; Yes                        ; Yes                        ; 2.32 V                      ; 2.27e-05 V                  ; 2.34 V             ; -0.0089 V          ; 0.206 V                             ; 0.058 V                             ; 4.97e-10 s                 ; 5.13e-10 s                 ; Yes                       ; Yes                       ;
; hex4[3]  ; 2.5 V        ; 0 s                 ; 0 s                 ; 2.32 V                       ; 2.27e-05 V                   ; 2.34 V              ; -0.0089 V           ; 0.206 V                              ; 0.058 V                              ; 4.97e-10 s                  ; 5.13e-10 s                  ; Yes                        ; Yes                        ; 2.32 V                      ; 2.27e-05 V                  ; 2.34 V             ; -0.0089 V          ; 0.206 V                             ; 0.058 V                             ; 4.97e-10 s                 ; 5.13e-10 s                 ; Yes                       ; Yes                       ;
; hex4[4]  ; 2.5 V        ; 0 s                 ; 0 s                 ; 2.32 V                       ; 2.56e-05 V                   ; 2.38 V              ; -0.026 V            ; 0.249 V                              ; 0.089 V                              ; 4.95e-10 s                  ; 6.01e-10 s                  ; No                         ; Yes                        ; 2.32 V                      ; 2.56e-05 V                  ; 2.38 V             ; -0.026 V           ; 0.249 V                             ; 0.089 V                             ; 4.95e-10 s                 ; 6.01e-10 s                 ; No                        ; Yes                       ;
; hex4[5]  ; 2.5 V        ; 0 s                 ; 0 s                 ; 2.32 V                       ; 2.56e-05 V                   ; 2.38 V              ; -0.026 V            ; 0.249 V                              ; 0.089 V                              ; 4.95e-10 s                  ; 6.01e-10 s                  ; No                         ; Yes                        ; 2.32 V                      ; 2.56e-05 V                  ; 2.38 V             ; -0.026 V           ; 0.249 V                             ; 0.089 V                             ; 4.95e-10 s                 ; 6.01e-10 s                 ; No                        ; Yes                       ;
; hex4[6]  ; 2.5 V        ; 0 s                 ; 0 s                 ; 2.32 V                       ; 2.27e-05 V                   ; 2.34 V              ; -0.0089 V           ; 0.206 V                              ; 0.058 V                              ; 4.97e-10 s                  ; 5.13e-10 s                  ; Yes                        ; Yes                        ; 2.32 V                      ; 2.27e-05 V                  ; 2.34 V             ; -0.0089 V          ; 0.206 V                             ; 0.058 V                             ; 4.97e-10 s                 ; 5.13e-10 s                 ; Yes                       ; Yes                       ;
; hex5[0]  ; 2.5 V        ; 0 s                 ; 0 s                 ; 2.32 V                       ; 2.56e-05 V                   ; 2.38 V              ; -0.026 V            ; 0.249 V                              ; 0.089 V                              ; 4.95e-10 s                  ; 6.01e-10 s                  ; No                         ; Yes                        ; 2.32 V                      ; 2.56e-05 V                  ; 2.38 V             ; -0.026 V           ; 0.249 V                             ; 0.089 V                             ; 4.95e-10 s                 ; 6.01e-10 s                 ; No                        ; Yes                       ;
; hex5[1]  ; 2.5 V        ; 0 s                 ; 0 s                 ; 2.32 V                       ; 2.27e-05 V                   ; 2.34 V              ; -0.0089 V           ; 0.206 V                              ; 0.058 V                              ; 4.97e-10 s                  ; 5.13e-10 s                  ; Yes                        ; Yes                        ; 2.32 V                      ; 2.27e-05 V                  ; 2.34 V             ; -0.0089 V          ; 0.206 V                             ; 0.058 V                             ; 4.97e-10 s                 ; 5.13e-10 s                 ; Yes                       ; Yes                       ;
; hex5[2]  ; 2.5 V        ; 0 s                 ; 0 s                 ; 2.32 V                       ; 2.27e-05 V                   ; 2.34 V              ; -0.0089 V           ; 0.206 V                              ; 0.058 V                              ; 4.97e-10 s                  ; 5.13e-10 s                  ; Yes                        ; Yes                        ; 2.32 V                      ; 2.27e-05 V                  ; 2.34 V             ; -0.0089 V          ; 0.206 V                             ; 0.058 V                             ; 4.97e-10 s                 ; 5.13e-10 s                 ; Yes                       ; Yes                       ;
; hex5[3]  ; 2.5 V        ; 0 s                 ; 0 s                 ; 2.32 V                       ; 2.27e-05 V                   ; 2.34 V              ; -0.0089 V           ; 0.206 V                              ; 0.058 V                              ; 4.97e-10 s                  ; 5.13e-10 s                  ; Yes                        ; Yes                        ; 2.32 V                      ; 2.27e-05 V                  ; 2.34 V             ; -0.0089 V          ; 0.206 V                             ; 0.058 V                             ; 4.97e-10 s                 ; 5.13e-10 s                 ; Yes                       ; Yes                       ;
; hex5[4]  ; 2.5 V        ; 0 s                 ; 0 s                 ; 2.32 V                       ; 2.52e-05 V                   ; 2.38 V              ; -0.0315 V           ; 0.205 V                              ; 0.182 V                              ; 4.74e-10 s                  ; 4.85e-10 s                  ; No                         ; Yes                        ; 2.32 V                      ; 2.52e-05 V                  ; 2.38 V             ; -0.0315 V          ; 0.205 V                             ; 0.182 V                             ; 4.74e-10 s                 ; 4.85e-10 s                 ; No                        ; Yes                       ;
; hex5[5]  ; 2.5 V        ; 0 s                 ; 0 s                 ; 2.32 V                       ; 2.52e-05 V                   ; 2.38 V              ; -0.032 V            ; 0.204 V                              ; 0.181 V                              ; 4.74e-10 s                  ; 4.85e-10 s                  ; No                         ; Yes                        ; 2.32 V                      ; 2.52e-05 V                  ; 2.38 V             ; -0.032 V           ; 0.204 V                             ; 0.181 V                             ; 4.74e-10 s                 ; 4.85e-10 s                 ; No                        ; Yes                       ;
; hex5[6]  ; 2.5 V        ; 0 s                 ; 0 s                 ; 2.32 V                       ; 2.56e-05 V                   ; 2.38 V              ; -0.026 V            ; 0.249 V                              ; 0.089 V                              ; 4.95e-10 s                  ; 6.01e-10 s                  ; No                         ; Yes                        ; 2.32 V                      ; 2.56e-05 V                  ; 2.38 V             ; -0.026 V           ; 0.249 V                             ; 0.089 V                             ; 4.95e-10 s                 ; 6.01e-10 s                 ; No                        ; Yes                       ;
; led[0]   ; 2.5 V        ; 0 s                 ; 0 s                 ; 2.32 V                       ; 2.27e-05 V                   ; 2.34 V              ; -0.0089 V           ; 0.206 V                              ; 0.058 V                              ; 4.97e-10 s                  ; 5.13e-10 s                  ; Yes                        ; Yes                        ; 2.32 V                      ; 2.27e-05 V                  ; 2.34 V             ; -0.0089 V          ; 0.206 V                             ; 0.058 V                             ; 4.97e-10 s                 ; 5.13e-10 s                 ; Yes                       ; Yes                       ;
; led[1]   ; 2.5 V        ; 0 s                 ; 0 s                 ; 2.32 V                       ; 2.52e-05 V                   ; 2.38 V              ; -0.0315 V           ; 0.205 V                              ; 0.182 V                              ; 4.74e-10 s                  ; 4.85e-10 s                  ; No                         ; Yes                        ; 2.32 V                      ; 2.52e-05 V                  ; 2.38 V             ; -0.0315 V          ; 0.205 V                             ; 0.182 V                             ; 4.74e-10 s                 ; 4.85e-10 s                 ; No                        ; Yes                       ;
; led[2]   ; 2.5 V        ; 0 s                 ; 0 s                 ; 2.32 V                       ; 2.56e-05 V                   ; 2.38 V              ; -0.026 V            ; 0.249 V                              ; 0.089 V                              ; 4.95e-10 s                  ; 6.01e-10 s                  ; No                         ; Yes                        ; 2.32 V                      ; 2.56e-05 V                  ; 2.38 V             ; -0.026 V           ; 0.249 V                             ; 0.089 V                             ; 4.95e-10 s                 ; 6.01e-10 s                 ; No                        ; Yes                       ;
; led[3]   ; 2.5 V        ; 0 s                 ; 0 s                 ; 2.32 V                       ; 2.52e-05 V                   ; 2.38 V              ; -0.0315 V           ; 0.205 V                              ; 0.182 V                              ; 4.74e-10 s                  ; 4.85e-10 s                  ; No                         ; Yes                        ; 2.32 V                      ; 2.52e-05 V                  ; 2.38 V             ; -0.0315 V          ; 0.205 V                             ; 0.182 V                             ; 4.74e-10 s                 ; 4.85e-10 s                 ; No                        ; Yes                       ;
; led[4]   ; 2.5 V        ; 0 s                 ; 0 s                 ; 2.32 V                       ; 2.27e-05 V                   ; 2.34 V              ; -0.0089 V           ; 0.206 V                              ; 0.058 V                              ; 4.97e-10 s                  ; 5.13e-10 s                  ; Yes                        ; Yes                        ; 2.32 V                      ; 2.27e-05 V                  ; 2.34 V             ; -0.0089 V          ; 0.206 V                             ; 0.058 V                             ; 4.97e-10 s                 ; 5.13e-10 s                 ; Yes                       ; Yes                       ;
; led[5]   ; 2.5 V        ; 0 s                 ; 0 s                 ; 2.32 V                       ; 2.56e-05 V                   ; 2.38 V              ; -0.026 V            ; 0.249 V                              ; 0.089 V                              ; 4.95e-10 s                  ; 6.01e-10 s                  ; No                         ; Yes                        ; 2.32 V                      ; 2.56e-05 V                  ; 2.38 V             ; -0.026 V           ; 0.249 V                             ; 0.089 V                             ; 4.95e-10 s                 ; 6.01e-10 s                 ; No                        ; Yes                       ;
; led[6]   ; 2.5 V        ; 0 s                 ; 0 s                 ; 2.32 V                       ; 2.52e-05 V                   ; 2.38 V              ; -0.032 V            ; 0.204 V                              ; 0.181 V                              ; 4.74e-10 s                  ; 4.85e-10 s                  ; No                         ; Yes                        ; 2.32 V                      ; 2.52e-05 V                  ; 2.38 V             ; -0.032 V           ; 0.204 V                             ; 0.181 V                             ; 4.74e-10 s                 ; 4.85e-10 s                 ; No                        ; Yes                       ;
; led[7]   ; 2.5 V        ; 0 s                 ; 0 s                 ; 2.32 V                       ; 2.52e-05 V                   ; 2.38 V              ; -0.0315 V           ; 0.205 V                              ; 0.182 V                              ; 4.74e-10 s                  ; 4.85e-10 s                  ; No                         ; Yes                        ; 2.32 V                      ; 2.52e-05 V                  ; 2.38 V             ; -0.0315 V          ; 0.205 V                             ; 0.182 V                             ; 4.74e-10 s                 ; 4.85e-10 s                 ; No                        ; Yes                       ;
; led[8]   ; 2.5 V        ; 0 s                 ; 0 s                 ; 2.32 V                       ; 2.52e-05 V                   ; 2.38 V              ; -0.0315 V           ; 0.205 V                              ; 0.182 V                              ; 4.74e-10 s                  ; 4.85e-10 s                  ; No                         ; Yes                        ; 2.32 V                      ; 2.52e-05 V                  ; 2.38 V             ; -0.0315 V          ; 0.205 V                             ; 0.182 V                             ; 4.74e-10 s                 ; 4.85e-10 s                 ; No                        ; Yes                       ;
; led[9]   ; 2.5 V        ; 0 s                 ; 0 s                 ; 2.32 V                       ; 2.52e-05 V                   ; 2.38 V              ; -0.032 V            ; 0.204 V                              ; 0.181 V                              ; 4.74e-10 s                  ; 4.85e-10 s                  ; No                         ; Yes                        ; 2.32 V                      ; 2.52e-05 V                  ; 2.38 V             ; -0.032 V           ; 0.204 V                             ; 0.181 V                             ; 4.74e-10 s                 ; 4.85e-10 s                 ; No                        ; Yes                       ;
; vga_r[0] ; 2.5 V        ; 0 s                 ; 0 s                 ; 2.32 V                       ; 2.52e-05 V                   ; 2.38 V              ; -0.0315 V           ; 0.205 V                              ; 0.182 V                              ; 4.74e-10 s                  ; 4.85e-10 s                  ; No                         ; Yes                        ; 2.32 V                      ; 2.52e-05 V                  ; 2.38 V             ; -0.0315 V          ; 0.205 V                             ; 0.182 V                             ; 4.74e-10 s                 ; 4.85e-10 s                 ; No                        ; Yes                       ;
; vga_r[1] ; 2.5 V        ; 0 s                 ; 0 s                 ; 2.32 V                       ; 2.56e-05 V                   ; 2.38 V              ; -0.026 V            ; 0.249 V                              ; 0.089 V                              ; 4.95e-10 s                  ; 6.01e-10 s                  ; No                         ; Yes                        ; 2.32 V                      ; 2.56e-05 V                  ; 2.38 V             ; -0.026 V           ; 0.249 V                             ; 0.089 V                             ; 4.95e-10 s                 ; 6.01e-10 s                 ; No                        ; Yes                       ;
; vga_r[2] ; 2.5 V        ; 0 s                 ; 0 s                 ; 2.32 V                       ; 2.27e-05 V                   ; 2.34 V              ; -0.0089 V           ; 0.206 V                              ; 0.058 V                              ; 4.97e-10 s                  ; 5.13e-10 s                  ; Yes                        ; Yes                        ; 2.32 V                      ; 2.27e-05 V                  ; 2.34 V             ; -0.0089 V          ; 0.206 V                             ; 0.058 V                             ; 4.97e-10 s                 ; 5.13e-10 s                 ; Yes                       ; Yes                       ;
; vga_r[3] ; 2.5 V        ; 0 s                 ; 0 s                 ; 2.32 V                       ; 2.52e-05 V                   ; 2.38 V              ; -0.032 V            ; 0.204 V                              ; 0.181 V                              ; 4.74e-10 s                  ; 4.85e-10 s                  ; No                         ; Yes                        ; 2.32 V                      ; 2.52e-05 V                  ; 2.38 V             ; -0.032 V           ; 0.204 V                             ; 0.181 V                             ; 4.74e-10 s                 ; 4.85e-10 s                 ; No                        ; Yes                       ;
; vga_g[0] ; 2.5 V        ; 0 s                 ; 0 s                 ; 2.32 V                       ; 2.52e-05 V                   ; 2.38 V              ; -0.032 V            ; 0.204 V                              ; 0.181 V                              ; 4.74e-10 s                  ; 4.85e-10 s                  ; No                         ; Yes                        ; 2.32 V                      ; 2.52e-05 V                  ; 2.38 V             ; -0.032 V           ; 0.204 V                             ; 0.181 V                             ; 4.74e-10 s                 ; 4.85e-10 s                 ; No                        ; Yes                       ;
; vga_g[1] ; 2.5 V        ; 0 s                 ; 0 s                 ; 2.32 V                       ; 2.52e-05 V                   ; 2.38 V              ; -0.0315 V           ; 0.205 V                              ; 0.182 V                              ; 4.74e-10 s                  ; 4.85e-10 s                  ; No                         ; Yes                        ; 2.32 V                      ; 2.52e-05 V                  ; 2.38 V             ; -0.0315 V          ; 0.205 V                             ; 0.182 V                             ; 4.74e-10 s                 ; 4.85e-10 s                 ; No                        ; Yes                       ;
; vga_g[2] ; 2.5 V        ; 0 s                 ; 0 s                 ; 2.32 V                       ; 2.56e-05 V                   ; 2.38 V              ; -0.026 V            ; 0.249 V                              ; 0.089 V                              ; 4.95e-10 s                  ; 6.01e-10 s                  ; No                         ; Yes                        ; 2.32 V                      ; 2.56e-05 V                  ; 2.38 V             ; -0.026 V           ; 0.249 V                             ; 0.089 V                             ; 4.95e-10 s                 ; 6.01e-10 s                 ; No                        ; Yes                       ;
; vga_g[3] ; 2.5 V        ; 0 s                 ; 0 s                 ; 2.32 V                       ; 2.27e-05 V                   ; 2.34 V              ; -0.0089 V           ; 0.206 V                              ; 0.058 V                              ; 4.97e-10 s                  ; 5.13e-10 s                  ; Yes                        ; Yes                        ; 2.32 V                      ; 2.27e-05 V                  ; 2.34 V             ; -0.0089 V          ; 0.206 V                             ; 0.058 V                             ; 4.97e-10 s                 ; 5.13e-10 s                 ; Yes                       ; Yes                       ;
; vga_b[0] ; 2.5 V        ; 0 s                 ; 0 s                 ; 2.32 V                       ; 2.52e-05 V                   ; 2.38 V              ; -0.032 V            ; 0.204 V                              ; 0.181 V                              ; 4.74e-10 s                  ; 4.85e-10 s                  ; No                         ; Yes                        ; 2.32 V                      ; 2.52e-05 V                  ; 2.38 V             ; -0.032 V           ; 0.204 V                             ; 0.181 V                             ; 4.74e-10 s                 ; 4.85e-10 s                 ; No                        ; Yes                       ;
; vga_b[1] ; 2.5 V        ; 0 s                 ; 0 s                 ; 2.32 V                       ; 2.52e-05 V                   ; 2.38 V              ; -0.0315 V           ; 0.205 V                              ; 0.182 V                              ; 4.74e-10 s                  ; 4.85e-10 s                  ; No                         ; Yes                        ; 2.32 V                      ; 2.52e-05 V                  ; 2.38 V             ; -0.0315 V          ; 0.205 V                             ; 0.182 V                             ; 4.74e-10 s                 ; 4.85e-10 s                 ; No                        ; Yes                       ;
; vga_b[2] ; 2.5 V        ; 0 s                 ; 0 s                 ; 2.32 V                       ; 2.56e-05 V                   ; 2.38 V              ; -0.026 V            ; 0.249 V                              ; 0.089 V                              ; 4.95e-10 s                  ; 6.01e-10 s                  ; No                         ; Yes                        ; 2.32 V                      ; 2.56e-05 V                  ; 2.38 V             ; -0.026 V           ; 0.249 V                             ; 0.089 V                             ; 4.95e-10 s                 ; 6.01e-10 s                 ; No                        ; Yes                       ;
; vga_b[3] ; 2.5 V        ; 0 s                 ; 0 s                 ; 2.32 V                       ; 2.27e-05 V                   ; 2.34 V              ; -0.0089 V           ; 0.206 V                              ; 0.058 V                              ; 4.97e-10 s                  ; 5.13e-10 s                  ; Yes                        ; Yes                        ; 2.32 V                      ; 2.27e-05 V                  ; 2.34 V             ; -0.0089 V          ; 0.206 V                             ; 0.058 V                             ; 4.97e-10 s                 ; 5.13e-10 s                 ; Yes                       ; Yes                       ;
; vga_hs   ; 2.5 V        ; 0 s                 ; 0 s                 ; 2.32 V                       ; 2.52e-05 V                   ; 2.38 V              ; -0.032 V            ; 0.204 V                              ; 0.181 V                              ; 4.74e-10 s                  ; 4.85e-10 s                  ; No                         ; Yes                        ; 2.32 V                      ; 2.52e-05 V                  ; 2.38 V             ; -0.032 V           ; 0.204 V                             ; 0.181 V                             ; 4.74e-10 s                 ; 4.85e-10 s                 ; No                        ; Yes                       ;
; vga_vs   ; 2.5 V        ; 0 s                 ; 0 s                 ; 2.32 V                       ; 2.52e-05 V                   ; 2.38 V              ; -0.0315 V           ; 0.205 V                              ; 0.182 V                              ; 4.74e-10 s                  ; 4.85e-10 s                  ; No                         ; Yes                        ; 2.32 V                      ; 2.52e-05 V                  ; 2.38 V             ; -0.0315 V          ; 0.205 V                             ; 0.182 V                             ; 4.74e-10 s                 ; 4.85e-10 s                 ; No                        ; Yes                       ;
; ps2_clk  ; 2.5 V        ; 0 s                 ; 0 s                 ; 2.32 V                       ; 2.56e-05 V                   ; 2.38 V              ; -0.026 V            ; 0.249 V                              ; 0.089 V                              ; 4.95e-10 s                  ; 6.01e-10 s                  ; No                         ; Yes                        ; 2.32 V                      ; 2.56e-05 V                  ; 2.38 V             ; -0.026 V           ; 0.249 V                             ; 0.089 V                             ; 4.95e-10 s                 ; 6.01e-10 s                 ; No                        ; Yes                       ;
; ps2_dat  ; 2.5 V        ; 0 s                 ; 0 s                 ; 2.32 V                       ; 2.56e-05 V                   ; 2.38 V              ; -0.026 V            ; 0.249 V                              ; 0.089 V                              ; 4.95e-10 s                  ; 6.01e-10 s                  ; No                         ; Yes                        ; 2.32 V                      ; 2.56e-05 V                  ; 2.38 V             ; -0.026 V           ; 0.249 V                             ; 0.089 V                             ; 4.95e-10 s                 ; 6.01e-10 s                 ; No                        ; Yes                       ;
+----------+--------------+---------------------+---------------------+------------------------------+------------------------------+---------------------+---------------------+--------------------------------------+--------------------------------------+-----------------------------+-----------------------------+----------------------------+----------------------------+-----------------------------+-----------------------------+--------------------+--------------------+-------------------------------------+-------------------------------------+----------------------------+----------------------------+---------------------------+---------------------------+


+---------------------------------------------------------------------------------------------------------------------------------------------------------------------------------------------------------------------------------------------------------------------------------------------------------------------------------------------------------------------------------------------------------------------------------------------------------------------------------------------------------------------------------------------------------------------------------------------------------------------------------------------------------------------------------------+
; Signal Integrity Metrics (Fast 1100mv 0c Model)                                                                                                                                                                                                                                                                                                                                                                                                                                                                                                                                                                                                                                       ;
+----------+--------------+---------------------+---------------------+------------------------------+------------------------------+---------------------+---------------------+--------------------------------------+--------------------------------------+-----------------------------+-----------------------------+----------------------------+----------------------------+-----------------------------+-----------------------------+--------------------+--------------------+-------------------------------------+-------------------------------------+----------------------------+----------------------------+---------------------------+---------------------------+
; Pin      ; I/O Standard ; Board Delay on Rise ; Board Delay on Fall ; Steady State Voh at FPGA Pin ; Steady State Vol at FPGA Pin ; Voh Max at FPGA Pin ; Vol Min at FPGA Pin ; Ringback Voltage on Rise at FPGA Pin ; Ringback Voltage on Fall at FPGA Pin ; 10-90 Rise Time at FPGA Pin ; 90-10 Fall Time at FPGA Pin ; Monotonic Rise at FPGA Pin ; Monotonic Fall at FPGA Pin ; Steady State Voh at Far-end ; Steady State Vol at Far-end ; Voh Max at Far-end ; Vol Min at Far-end ; Ringback Voltage on Rise at Far-end ; Ringback Voltage on Fall at Far-end ; 10-90 Rise Time at Far-end ; 90-10 Fall Time at Far-end ; Monotonic Rise at Far-end ; Monotonic Fall at Far-end ;
+----------+--------------+---------------------+---------------------+------------------------------+------------------------------+---------------------+---------------------+--------------------------------------+--------------------------------------+-----------------------------+-----------------------------+----------------------------+----------------------------+-----------------------------+-----------------------------+--------------------+--------------------+-------------------------------------+-------------------------------------+----------------------------+----------------------------+---------------------------+---------------------------+
; hex0[0]  ; 2.5 V        ; 0 s                 ; 0 s                 ; 2.75 V                       ; 4.14e-06 V                   ; 2.91 V              ; -0.121 V            ; 0.326 V                              ; 0.297 V                              ; 2.74e-10 s                  ; 2.8e-10 s                   ; No                         ; No                         ; 2.75 V                      ; 4.14e-06 V                  ; 2.91 V             ; -0.121 V           ; 0.326 V                             ; 0.297 V                             ; 2.74e-10 s                 ; 2.8e-10 s                  ; No                        ; No                        ;
; hex0[1]  ; 2.5 V        ; 0 s                 ; 0 s                 ; 2.75 V                       ; 4.14e-06 V                   ; 2.91 V              ; -0.119 V            ; 0.326 V                              ; 0.298 V                              ; 2.74e-10 s                  ; 2.8e-10 s                   ; No                         ; No                         ; 2.75 V                      ; 4.14e-06 V                  ; 2.91 V             ; -0.119 V           ; 0.326 V                             ; 0.298 V                             ; 2.74e-10 s                 ; 2.8e-10 s                  ; No                        ; No                        ;
; hex0[2]  ; 2.5 V        ; 0 s                 ; 0 s                 ; 2.75 V                       ; 4.14e-06 V                   ; 2.91 V              ; -0.119 V            ; 0.326 V                              ; 0.298 V                              ; 2.74e-10 s                  ; 2.8e-10 s                   ; No                         ; No                         ; 2.75 V                      ; 4.14e-06 V                  ; 2.91 V             ; -0.119 V           ; 0.326 V                             ; 0.298 V                             ; 2.74e-10 s                 ; 2.8e-10 s                  ; No                        ; No                        ;
; hex0[3]  ; 2.5 V        ; 0 s                 ; 0 s                 ; 2.75 V                       ; 4.14e-06 V                   ; 2.91 V              ; -0.119 V            ; 0.326 V                              ; 0.298 V                              ; 2.74e-10 s                  ; 2.8e-10 s                   ; No                         ; No                         ; 2.75 V                      ; 4.14e-06 V                  ; 2.91 V             ; -0.119 V           ; 0.326 V                             ; 0.298 V                             ; 2.74e-10 s                 ; 2.8e-10 s                  ; No                        ; No                        ;
; hex0[4]  ; 2.5 V        ; 0 s                 ; 0 s                 ; 2.75 V                       ; 4.14e-06 V                   ; 2.91 V              ; -0.121 V            ; 0.326 V                              ; 0.297 V                              ; 2.74e-10 s                  ; 2.8e-10 s                   ; No                         ; No                         ; 2.75 V                      ; 4.14e-06 V                  ; 2.91 V             ; -0.121 V           ; 0.326 V                             ; 0.297 V                             ; 2.74e-10 s                 ; 2.8e-10 s                  ; No                        ; No                        ;
; hex0[5]  ; 2.5 V        ; 0 s                 ; 0 s                 ; 2.75 V                       ; 4.14e-06 V                   ; 2.91 V              ; -0.121 V            ; 0.326 V                              ; 0.297 V                              ; 2.74e-10 s                  ; 2.8e-10 s                   ; No                         ; No                         ; 2.75 V                      ; 4.14e-06 V                  ; 2.91 V             ; -0.121 V           ; 0.326 V                             ; 0.297 V                             ; 2.74e-10 s                 ; 2.8e-10 s                  ; No                        ; No                        ;
; hex0[6]  ; 2.5 V        ; 0 s                 ; 0 s                 ; 2.75 V                       ; 4.14e-06 V                   ; 2.91 V              ; -0.119 V            ; 0.326 V                              ; 0.298 V                              ; 2.74e-10 s                  ; 2.8e-10 s                   ; No                         ; No                         ; 2.75 V                      ; 4.14e-06 V                  ; 2.91 V             ; -0.119 V           ; 0.326 V                             ; 0.298 V                             ; 2.74e-10 s                 ; 2.8e-10 s                  ; No                        ; No                        ;
; hex1[0]  ; 2.5 V        ; 0 s                 ; 0 s                 ; 2.75 V                       ; 4.14e-06 V                   ; 2.91 V              ; -0.119 V            ; 0.326 V                              ; 0.298 V                              ; 2.74e-10 s                  ; 2.8e-10 s                   ; No                         ; No                         ; 2.75 V                      ; 4.14e-06 V                  ; 2.91 V             ; -0.119 V           ; 0.326 V                             ; 0.298 V                             ; 2.74e-10 s                 ; 2.8e-10 s                  ; No                        ; No                        ;
; hex1[1]  ; 2.5 V        ; 0 s                 ; 0 s                 ; 2.75 V                       ; 4.14e-06 V                   ; 2.91 V              ; -0.121 V            ; 0.326 V                              ; 0.297 V                              ; 2.74e-10 s                  ; 2.8e-10 s                   ; No                         ; No                         ; 2.75 V                      ; 4.14e-06 V                  ; 2.91 V             ; -0.121 V           ; 0.326 V                             ; 0.297 V                             ; 2.74e-10 s                 ; 2.8e-10 s                  ; No                        ; No                        ;
; hex1[2]  ; 2.5 V        ; 0 s                 ; 0 s                 ; 2.75 V                       ; 4.14e-06 V                   ; 2.91 V              ; -0.121 V            ; 0.326 V                              ; 0.297 V                              ; 2.74e-10 s                  ; 2.8e-10 s                   ; No                         ; No                         ; 2.75 V                      ; 4.14e-06 V                  ; 2.91 V             ; -0.121 V           ; 0.326 V                             ; 0.297 V                             ; 2.74e-10 s                 ; 2.8e-10 s                  ; No                        ; No                        ;
; hex1[3]  ; 2.5 V        ; 0 s                 ; 0 s                 ; 2.75 V                       ; 4.14e-06 V                   ; 2.91 V              ; -0.119 V            ; 0.326 V                              ; 0.298 V                              ; 2.74e-10 s                  ; 2.8e-10 s                   ; No                         ; No                         ; 2.75 V                      ; 4.14e-06 V                  ; 2.91 V             ; -0.119 V           ; 0.326 V                             ; 0.298 V                             ; 2.74e-10 s                 ; 2.8e-10 s                  ; No                        ; No                        ;
; hex1[4]  ; 2.5 V        ; 0 s                 ; 0 s                 ; 2.75 V                       ; 4.14e-06 V                   ; 2.91 V              ; -0.119 V            ; 0.326 V                              ; 0.298 V                              ; 2.74e-10 s                  ; 2.8e-10 s                   ; No                         ; No                         ; 2.75 V                      ; 4.14e-06 V                  ; 2.91 V             ; -0.119 V           ; 0.326 V                             ; 0.298 V                             ; 2.74e-10 s                 ; 2.8e-10 s                  ; No                        ; No                        ;
; hex1[5]  ; 2.5 V        ; 0 s                 ; 0 s                 ; 2.75 V                       ; 4.14e-06 V                   ; 2.91 V              ; -0.121 V            ; 0.326 V                              ; 0.297 V                              ; 2.74e-10 s                  ; 2.8e-10 s                   ; No                         ; No                         ; 2.75 V                      ; 4.14e-06 V                  ; 2.91 V             ; -0.121 V           ; 0.326 V                             ; 0.297 V                             ; 2.74e-10 s                 ; 2.8e-10 s                  ; No                        ; No                        ;
; hex1[6]  ; 2.5 V        ; 0 s                 ; 0 s                 ; 2.75 V                       ; 4.14e-06 V                   ; 2.91 V              ; -0.121 V            ; 0.326 V                              ; 0.297 V                              ; 2.74e-10 s                  ; 2.8e-10 s                   ; No                         ; No                         ; 2.75 V                      ; 4.14e-06 V                  ; 2.91 V             ; -0.121 V           ; 0.326 V                             ; 0.297 V                             ; 2.74e-10 s                 ; 2.8e-10 s                  ; No                        ; No                        ;
; hex2[0]  ; 2.5 V        ; 0 s                 ; 0 s                 ; 2.75 V                       ; 4.25e-06 V                   ; 2.9 V               ; -0.107 V            ; 0.378 V                              ; 0.16 V                               ; 2.87e-10 s                  ; 4.28e-10 s                  ; No                         ; No                         ; 2.75 V                      ; 4.25e-06 V                  ; 2.9 V              ; -0.107 V           ; 0.378 V                             ; 0.16 V                              ; 2.87e-10 s                 ; 4.28e-10 s                 ; No                        ; No                        ;
; hex2[1]  ; 2.5 V        ; 0 s                 ; 0 s                 ; 2.75 V                       ; 4.14e-06 V                   ; 2.91 V              ; -0.121 V            ; 0.326 V                              ; 0.297 V                              ; 2.74e-10 s                  ; 2.8e-10 s                   ; No                         ; No                         ; 2.75 V                      ; 4.14e-06 V                  ; 2.91 V             ; -0.121 V           ; 0.326 V                             ; 0.297 V                             ; 2.74e-10 s                 ; 2.8e-10 s                  ; No                        ; No                        ;
; hex2[2]  ; 2.5 V        ; 0 s                 ; 0 s                 ; 2.75 V                       ; 4.14e-06 V                   ; 2.91 V              ; -0.121 V            ; 0.326 V                              ; 0.297 V                              ; 2.74e-10 s                  ; 2.8e-10 s                   ; No                         ; No                         ; 2.75 V                      ; 4.14e-06 V                  ; 2.91 V             ; -0.121 V           ; 0.326 V                             ; 0.297 V                             ; 2.74e-10 s                 ; 2.8e-10 s                  ; No                        ; No                        ;
; hex2[3]  ; 2.5 V        ; 0 s                 ; 0 s                 ; 2.75 V                       ; 3.54e-06 V                   ; 2.81 V              ; -0.0578 V           ; 0.303 V                              ; 0.28 V                               ; 2.93e-10 s                  ; 3.01e-10 s                  ; No                         ; No                         ; 2.75 V                      ; 3.54e-06 V                  ; 2.81 V             ; -0.0578 V          ; 0.303 V                             ; 0.28 V                              ; 2.93e-10 s                 ; 3.01e-10 s                 ; No                        ; No                        ;
; hex2[4]  ; 2.5 V        ; 0 s                 ; 0 s                 ; 2.75 V                       ; 3.54e-06 V                   ; 2.81 V              ; -0.0578 V           ; 0.303 V                              ; 0.28 V                               ; 2.93e-10 s                  ; 3.01e-10 s                  ; No                         ; No                         ; 2.75 V                      ; 3.54e-06 V                  ; 2.81 V             ; -0.0578 V          ; 0.303 V                             ; 0.28 V                              ; 2.93e-10 s                 ; 3.01e-10 s                 ; No                        ; No                        ;
; hex2[5]  ; 2.5 V        ; 0 s                 ; 0 s                 ; 2.75 V                       ; 4.14e-06 V                   ; 2.91 V              ; -0.121 V            ; 0.326 V                              ; 0.297 V                              ; 2.74e-10 s                  ; 2.8e-10 s                   ; No                         ; No                         ; 2.75 V                      ; 4.14e-06 V                  ; 2.91 V             ; -0.121 V           ; 0.326 V                             ; 0.297 V                             ; 2.74e-10 s                 ; 2.8e-10 s                  ; No                        ; No                        ;
; hex2[6]  ; 2.5 V        ; 0 s                 ; 0 s                 ; 2.75 V                       ; 4.14e-06 V                   ; 2.91 V              ; -0.119 V            ; 0.326 V                              ; 0.298 V                              ; 2.74e-10 s                  ; 2.8e-10 s                   ; No                         ; No                         ; 2.75 V                      ; 4.14e-06 V                  ; 2.91 V             ; -0.119 V           ; 0.326 V                             ; 0.298 V                             ; 2.74e-10 s                 ; 2.8e-10 s                  ; No                        ; No                        ;
; hex3[0]  ; 2.5 V        ; 0 s                 ; 0 s                 ; 2.75 V                       ; 3.54e-06 V                   ; 2.81 V              ; -0.0578 V           ; 0.303 V                              ; 0.28 V                               ; 2.93e-10 s                  ; 3.01e-10 s                  ; No                         ; No                         ; 2.75 V                      ; 3.54e-06 V                  ; 2.81 V             ; -0.0578 V          ; 0.303 V                             ; 0.28 V                              ; 2.93e-10 s                 ; 3.01e-10 s                 ; No                        ; No                        ;
; hex3[1]  ; 2.5 V        ; 0 s                 ; 0 s                 ; 2.75 V                       ; 4.25e-06 V                   ; 2.9 V               ; -0.107 V            ; 0.378 V                              ; 0.16 V                               ; 2.87e-10 s                  ; 4.28e-10 s                  ; No                         ; No                         ; 2.75 V                      ; 4.25e-06 V                  ; 2.9 V              ; -0.107 V           ; 0.378 V                             ; 0.16 V                              ; 2.87e-10 s                 ; 4.28e-10 s                 ; No                        ; No                        ;
; hex3[2]  ; 2.5 V        ; 0 s                 ; 0 s                 ; 2.75 V                       ; 4.25e-06 V                   ; 2.9 V               ; -0.107 V            ; 0.378 V                              ; 0.16 V                               ; 2.87e-10 s                  ; 4.28e-10 s                  ; No                         ; No                         ; 2.75 V                      ; 4.25e-06 V                  ; 2.9 V              ; -0.107 V           ; 0.378 V                             ; 0.16 V                              ; 2.87e-10 s                 ; 4.28e-10 s                 ; No                        ; No                        ;
; hex3[3]  ; 2.5 V        ; 0 s                 ; 0 s                 ; 2.75 V                       ; 3.54e-06 V                   ; 2.81 V              ; -0.0578 V           ; 0.303 V                              ; 0.28 V                               ; 2.93e-10 s                  ; 3.01e-10 s                  ; No                         ; No                         ; 2.75 V                      ; 3.54e-06 V                  ; 2.81 V             ; -0.0578 V          ; 0.303 V                             ; 0.28 V                              ; 2.93e-10 s                 ; 3.01e-10 s                 ; No                        ; No                        ;
; hex3[4]  ; 2.5 V        ; 0 s                 ; 0 s                 ; 2.75 V                       ; 4.25e-06 V                   ; 2.9 V               ; -0.107 V            ; 0.378 V                              ; 0.16 V                               ; 2.87e-10 s                  ; 4.28e-10 s                  ; No                         ; No                         ; 2.75 V                      ; 4.25e-06 V                  ; 2.9 V              ; -0.107 V           ; 0.378 V                             ; 0.16 V                              ; 2.87e-10 s                 ; 4.28e-10 s                 ; No                        ; No                        ;
; hex3[5]  ; 2.5 V        ; 0 s                 ; 0 s                 ; 2.75 V                       ; 4.25e-06 V                   ; 2.9 V               ; -0.107 V            ; 0.378 V                              ; 0.16 V                               ; 2.87e-10 s                  ; 4.28e-10 s                  ; No                         ; No                         ; 2.75 V                      ; 4.25e-06 V                  ; 2.9 V              ; -0.107 V           ; 0.378 V                             ; 0.16 V                              ; 2.87e-10 s                 ; 4.28e-10 s                 ; No                        ; No                        ;
; hex3[6]  ; 2.5 V        ; 0 s                 ; 0 s                 ; 2.75 V                       ; 3.54e-06 V                   ; 2.81 V              ; -0.0578 V           ; 0.303 V                              ; 0.28 V                               ; 2.93e-10 s                  ; 3.01e-10 s                  ; No                         ; No                         ; 2.75 V                      ; 3.54e-06 V                  ; 2.81 V             ; -0.0578 V          ; 0.303 V                             ; 0.28 V                              ; 2.93e-10 s                 ; 3.01e-10 s                 ; No                        ; No                        ;
; hex4[0]  ; 2.5 V        ; 0 s                 ; 0 s                 ; 2.75 V                       ; 4.14e-06 V                   ; 2.91 V              ; -0.119 V            ; 0.326 V                              ; 0.298 V                              ; 2.74e-10 s                  ; 2.8e-10 s                   ; No                         ; No                         ; 2.75 V                      ; 4.14e-06 V                  ; 2.91 V             ; -0.119 V           ; 0.326 V                             ; 0.298 V                             ; 2.74e-10 s                 ; 2.8e-10 s                  ; No                        ; No                        ;
; hex4[1]  ; 2.5 V        ; 0 s                 ; 0 s                 ; 2.75 V                       ; 3.54e-06 V                   ; 2.81 V              ; -0.0578 V           ; 0.303 V                              ; 0.28 V                               ; 2.93e-10 s                  ; 3.01e-10 s                  ; No                         ; No                         ; 2.75 V                      ; 3.54e-06 V                  ; 2.81 V             ; -0.0578 V          ; 0.303 V                             ; 0.28 V                              ; 2.93e-10 s                 ; 3.01e-10 s                 ; No                        ; No                        ;
; hex4[2]  ; 2.5 V        ; 0 s                 ; 0 s                 ; 2.75 V                       ; 3.54e-06 V                   ; 2.81 V              ; -0.0578 V           ; 0.303 V                              ; 0.28 V                               ; 2.93e-10 s                  ; 3.01e-10 s                  ; No                         ; No                         ; 2.75 V                      ; 3.54e-06 V                  ; 2.81 V             ; -0.0578 V          ; 0.303 V                             ; 0.28 V                              ; 2.93e-10 s                 ; 3.01e-10 s                 ; No                        ; No                        ;
; hex4[3]  ; 2.5 V        ; 0 s                 ; 0 s                 ; 2.75 V                       ; 3.54e-06 V                   ; 2.81 V              ; -0.0578 V           ; 0.303 V                              ; 0.28 V                               ; 2.93e-10 s                  ; 3.01e-10 s                  ; No                         ; No                         ; 2.75 V                      ; 3.54e-06 V                  ; 2.81 V             ; -0.0578 V          ; 0.303 V                             ; 0.28 V                              ; 2.93e-10 s                 ; 3.01e-10 s                 ; No                        ; No                        ;
; hex4[4]  ; 2.5 V        ; 0 s                 ; 0 s                 ; 2.75 V                       ; 4.25e-06 V                   ; 2.9 V               ; -0.107 V            ; 0.378 V                              ; 0.16 V                               ; 2.87e-10 s                  ; 4.28e-10 s                  ; No                         ; No                         ; 2.75 V                      ; 4.25e-06 V                  ; 2.9 V              ; -0.107 V           ; 0.378 V                             ; 0.16 V                              ; 2.87e-10 s                 ; 4.28e-10 s                 ; No                        ; No                        ;
; hex4[5]  ; 2.5 V        ; 0 s                 ; 0 s                 ; 2.75 V                       ; 4.25e-06 V                   ; 2.9 V               ; -0.107 V            ; 0.378 V                              ; 0.16 V                               ; 2.87e-10 s                  ; 4.28e-10 s                  ; No                         ; No                         ; 2.75 V                      ; 4.25e-06 V                  ; 2.9 V              ; -0.107 V           ; 0.378 V                             ; 0.16 V                              ; 2.87e-10 s                 ; 4.28e-10 s                 ; No                        ; No                        ;
; hex4[6]  ; 2.5 V        ; 0 s                 ; 0 s                 ; 2.75 V                       ; 3.54e-06 V                   ; 2.81 V              ; -0.0578 V           ; 0.303 V                              ; 0.28 V                               ; 2.93e-10 s                  ; 3.01e-10 s                  ; No                         ; No                         ; 2.75 V                      ; 3.54e-06 V                  ; 2.81 V             ; -0.0578 V          ; 0.303 V                             ; 0.28 V                              ; 2.93e-10 s                 ; 3.01e-10 s                 ; No                        ; No                        ;
; hex5[0]  ; 2.5 V        ; 0 s                 ; 0 s                 ; 2.75 V                       ; 4.25e-06 V                   ; 2.9 V               ; -0.107 V            ; 0.378 V                              ; 0.16 V                               ; 2.87e-10 s                  ; 4.28e-10 s                  ; No                         ; No                         ; 2.75 V                      ; 4.25e-06 V                  ; 2.9 V              ; -0.107 V           ; 0.378 V                             ; 0.16 V                              ; 2.87e-10 s                 ; 4.28e-10 s                 ; No                        ; No                        ;
; hex5[1]  ; 2.5 V        ; 0 s                 ; 0 s                 ; 2.75 V                       ; 3.54e-06 V                   ; 2.81 V              ; -0.0578 V           ; 0.303 V                              ; 0.28 V                               ; 2.93e-10 s                  ; 3.01e-10 s                  ; No                         ; No                         ; 2.75 V                      ; 3.54e-06 V                  ; 2.81 V             ; -0.0578 V          ; 0.303 V                             ; 0.28 V                              ; 2.93e-10 s                 ; 3.01e-10 s                 ; No                        ; No                        ;
; hex5[2]  ; 2.5 V        ; 0 s                 ; 0 s                 ; 2.75 V                       ; 3.54e-06 V                   ; 2.81 V              ; -0.0578 V           ; 0.303 V                              ; 0.28 V                               ; 2.93e-10 s                  ; 3.01e-10 s                  ; No                         ; No                         ; 2.75 V                      ; 3.54e-06 V                  ; 2.81 V             ; -0.0578 V          ; 0.303 V                             ; 0.28 V                              ; 2.93e-10 s                 ; 3.01e-10 s                 ; No                        ; No                        ;
; hex5[3]  ; 2.5 V        ; 0 s                 ; 0 s                 ; 2.75 V                       ; 3.54e-06 V                   ; 2.81 V              ; -0.0578 V           ; 0.303 V                              ; 0.28 V                               ; 2.93e-10 s                  ; 3.01e-10 s                  ; No                         ; No                         ; 2.75 V                      ; 3.54e-06 V                  ; 2.81 V             ; -0.0578 V          ; 0.303 V                             ; 0.28 V                              ; 2.93e-10 s                 ; 3.01e-10 s                 ; No                        ; No                        ;
; hex5[4]  ; 2.5 V        ; 0 s                 ; 0 s                 ; 2.75 V                       ; 4.14e-06 V                   ; 2.91 V              ; -0.121 V            ; 0.326 V                              ; 0.297 V                              ; 2.74e-10 s                  ; 2.8e-10 s                   ; No                         ; No                         ; 2.75 V                      ; 4.14e-06 V                  ; 2.91 V             ; -0.121 V           ; 0.326 V                             ; 0.297 V                             ; 2.74e-10 s                 ; 2.8e-10 s                  ; No                        ; No                        ;
; hex5[5]  ; 2.5 V        ; 0 s                 ; 0 s                 ; 2.75 V                       ; 4.14e-06 V                   ; 2.91 V              ; -0.119 V            ; 0.326 V                              ; 0.298 V                              ; 2.74e-10 s                  ; 2.8e-10 s                   ; No                         ; No                         ; 2.75 V                      ; 4.14e-06 V                  ; 2.91 V             ; -0.119 V           ; 0.326 V                             ; 0.298 V                             ; 2.74e-10 s                 ; 2.8e-10 s                  ; No                        ; No                        ;
; hex5[6]  ; 2.5 V        ; 0 s                 ; 0 s                 ; 2.75 V                       ; 4.25e-06 V                   ; 2.9 V               ; -0.107 V            ; 0.378 V                              ; 0.16 V                               ; 2.87e-10 s                  ; 4.28e-10 s                  ; No                         ; No                         ; 2.75 V                      ; 4.25e-06 V                  ; 2.9 V              ; -0.107 V           ; 0.378 V                             ; 0.16 V                              ; 2.87e-10 s                 ; 4.28e-10 s                 ; No                        ; No                        ;
; led[0]   ; 2.5 V        ; 0 s                 ; 0 s                 ; 2.75 V                       ; 3.54e-06 V                   ; 2.81 V              ; -0.0578 V           ; 0.303 V                              ; 0.28 V                               ; 2.93e-10 s                  ; 3.01e-10 s                  ; No                         ; No                         ; 2.75 V                      ; 3.54e-06 V                  ; 2.81 V             ; -0.0578 V          ; 0.303 V                             ; 0.28 V                              ; 2.93e-10 s                 ; 3.01e-10 s                 ; No                        ; No                        ;
; led[1]   ; 2.5 V        ; 0 s                 ; 0 s                 ; 2.75 V                       ; 4.14e-06 V                   ; 2.91 V              ; -0.121 V            ; 0.326 V                              ; 0.297 V                              ; 2.74e-10 s                  ; 2.8e-10 s                   ; No                         ; No                         ; 2.75 V                      ; 4.14e-06 V                  ; 2.91 V             ; -0.121 V           ; 0.326 V                             ; 0.297 V                             ; 2.74e-10 s                 ; 2.8e-10 s                  ; No                        ; No                        ;
; led[2]   ; 2.5 V        ; 0 s                 ; 0 s                 ; 2.75 V                       ; 4.25e-06 V                   ; 2.9 V               ; -0.107 V            ; 0.378 V                              ; 0.16 V                               ; 2.87e-10 s                  ; 4.28e-10 s                  ; No                         ; No                         ; 2.75 V                      ; 4.25e-06 V                  ; 2.9 V              ; -0.107 V           ; 0.378 V                             ; 0.16 V                              ; 2.87e-10 s                 ; 4.28e-10 s                 ; No                        ; No                        ;
; led[3]   ; 2.5 V        ; 0 s                 ; 0 s                 ; 2.75 V                       ; 4.14e-06 V                   ; 2.91 V              ; -0.121 V            ; 0.326 V                              ; 0.297 V                              ; 2.74e-10 s                  ; 2.8e-10 s                   ; No                         ; No                         ; 2.75 V                      ; 4.14e-06 V                  ; 2.91 V             ; -0.121 V           ; 0.326 V                             ; 0.297 V                             ; 2.74e-10 s                 ; 2.8e-10 s                  ; No                        ; No                        ;
; led[4]   ; 2.5 V        ; 0 s                 ; 0 s                 ; 2.75 V                       ; 3.54e-06 V                   ; 2.81 V              ; -0.0578 V           ; 0.303 V                              ; 0.28 V                               ; 2.93e-10 s                  ; 3.01e-10 s                  ; No                         ; No                         ; 2.75 V                      ; 3.54e-06 V                  ; 2.81 V             ; -0.0578 V          ; 0.303 V                             ; 0.28 V                              ; 2.93e-10 s                 ; 3.01e-10 s                 ; No                        ; No                        ;
; led[5]   ; 2.5 V        ; 0 s                 ; 0 s                 ; 2.75 V                       ; 4.25e-06 V                   ; 2.9 V               ; -0.107 V            ; 0.378 V                              ; 0.16 V                               ; 2.87e-10 s                  ; 4.28e-10 s                  ; No                         ; No                         ; 2.75 V                      ; 4.25e-06 V                  ; 2.9 V              ; -0.107 V           ; 0.378 V                             ; 0.16 V                              ; 2.87e-10 s                 ; 4.28e-10 s                 ; No                        ; No                        ;
; led[6]   ; 2.5 V        ; 0 s                 ; 0 s                 ; 2.75 V                       ; 4.14e-06 V                   ; 2.91 V              ; -0.119 V            ; 0.326 V                              ; 0.298 V                              ; 2.74e-10 s                  ; 2.8e-10 s                   ; No                         ; No                         ; 2.75 V                      ; 4.14e-06 V                  ; 2.91 V             ; -0.119 V           ; 0.326 V                             ; 0.298 V                             ; 2.74e-10 s                 ; 2.8e-10 s                  ; No                        ; No                        ;
; led[7]   ; 2.5 V        ; 0 s                 ; 0 s                 ; 2.75 V                       ; 4.14e-06 V                   ; 2.91 V              ; -0.121 V            ; 0.326 V                              ; 0.297 V                              ; 2.74e-10 s                  ; 2.8e-10 s                   ; No                         ; No                         ; 2.75 V                      ; 4.14e-06 V                  ; 2.91 V             ; -0.121 V           ; 0.326 V                             ; 0.297 V                             ; 2.74e-10 s                 ; 2.8e-10 s                  ; No                        ; No                        ;
; led[8]   ; 2.5 V        ; 0 s                 ; 0 s                 ; 2.75 V                       ; 4.14e-06 V                   ; 2.91 V              ; -0.121 V            ; 0.326 V                              ; 0.297 V                              ; 2.74e-10 s                  ; 2.8e-10 s                   ; No                         ; No                         ; 2.75 V                      ; 4.14e-06 V                  ; 2.91 V             ; -0.121 V           ; 0.326 V                             ; 0.297 V                             ; 2.74e-10 s                 ; 2.8e-10 s                  ; No                        ; No                        ;
; led[9]   ; 2.5 V        ; 0 s                 ; 0 s                 ; 2.75 V                       ; 4.14e-06 V                   ; 2.91 V              ; -0.119 V            ; 0.326 V                              ; 0.298 V                              ; 2.74e-10 s                  ; 2.8e-10 s                   ; No                         ; No                         ; 2.75 V                      ; 4.14e-06 V                  ; 2.91 V             ; -0.119 V           ; 0.326 V                             ; 0.298 V                             ; 2.74e-10 s                 ; 2.8e-10 s                  ; No                        ; No                        ;
; vga_r[0] ; 2.5 V        ; 0 s                 ; 0 s                 ; 2.75 V                       ; 4.14e-06 V                   ; 2.91 V              ; -0.121 V            ; 0.326 V                              ; 0.297 V                              ; 2.74e-10 s                  ; 2.8e-10 s                   ; No                         ; No                         ; 2.75 V                      ; 4.14e-06 V                  ; 2.91 V             ; -0.121 V           ; 0.326 V                             ; 0.297 V                             ; 2.74e-10 s                 ; 2.8e-10 s                  ; No                        ; No                        ;
; vga_r[1] ; 2.5 V        ; 0 s                 ; 0 s                 ; 2.75 V                       ; 4.25e-06 V                   ; 2.9 V               ; -0.107 V            ; 0.378 V                              ; 0.16 V                               ; 2.87e-10 s                  ; 4.28e-10 s                  ; No                         ; No                         ; 2.75 V                      ; 4.25e-06 V                  ; 2.9 V              ; -0.107 V           ; 0.378 V                             ; 0.16 V                              ; 2.87e-10 s                 ; 4.28e-10 s                 ; No                        ; No                        ;
; vga_r[2] ; 2.5 V        ; 0 s                 ; 0 s                 ; 2.75 V                       ; 3.54e-06 V                   ; 2.81 V              ; -0.0578 V           ; 0.303 V                              ; 0.28 V                               ; 2.93e-10 s                  ; 3.01e-10 s                  ; No                         ; No                         ; 2.75 V                      ; 3.54e-06 V                  ; 2.81 V             ; -0.0578 V          ; 0.303 V                             ; 0.28 V                              ; 2.93e-10 s                 ; 3.01e-10 s                 ; No                        ; No                        ;
; vga_r[3] ; 2.5 V        ; 0 s                 ; 0 s                 ; 2.75 V                       ; 4.14e-06 V                   ; 2.91 V              ; -0.119 V            ; 0.326 V                              ; 0.298 V                              ; 2.74e-10 s                  ; 2.8e-10 s                   ; No                         ; No                         ; 2.75 V                      ; 4.14e-06 V                  ; 2.91 V             ; -0.119 V           ; 0.326 V                             ; 0.298 V                             ; 2.74e-10 s                 ; 2.8e-10 s                  ; No                        ; No                        ;
; vga_g[0] ; 2.5 V        ; 0 s                 ; 0 s                 ; 2.75 V                       ; 4.14e-06 V                   ; 2.91 V              ; -0.119 V            ; 0.326 V                              ; 0.298 V                              ; 2.74e-10 s                  ; 2.8e-10 s                   ; No                         ; No                         ; 2.75 V                      ; 4.14e-06 V                  ; 2.91 V             ; -0.119 V           ; 0.326 V                             ; 0.298 V                             ; 2.74e-10 s                 ; 2.8e-10 s                  ; No                        ; No                        ;
; vga_g[1] ; 2.5 V        ; 0 s                 ; 0 s                 ; 2.75 V                       ; 4.14e-06 V                   ; 2.91 V              ; -0.121 V            ; 0.326 V                              ; 0.297 V                              ; 2.74e-10 s                  ; 2.8e-10 s                   ; No                         ; No                         ; 2.75 V                      ; 4.14e-06 V                  ; 2.91 V             ; -0.121 V           ; 0.326 V                             ; 0.297 V                             ; 2.74e-10 s                 ; 2.8e-10 s                  ; No                        ; No                        ;
; vga_g[2] ; 2.5 V        ; 0 s                 ; 0 s                 ; 2.75 V                       ; 4.25e-06 V                   ; 2.9 V               ; -0.107 V            ; 0.378 V                              ; 0.16 V                               ; 2.87e-10 s                  ; 4.28e-10 s                  ; No                         ; No                         ; 2.75 V                      ; 4.25e-06 V                  ; 2.9 V              ; -0.107 V           ; 0.378 V                             ; 0.16 V                              ; 2.87e-10 s                 ; 4.28e-10 s                 ; No                        ; No                        ;
; vga_g[3] ; 2.5 V        ; 0 s                 ; 0 s                 ; 2.75 V                       ; 3.54e-06 V                   ; 2.81 V              ; -0.0578 V           ; 0.303 V                              ; 0.28 V                               ; 2.93e-10 s                  ; 3.01e-10 s                  ; No                         ; No                         ; 2.75 V                      ; 3.54e-06 V                  ; 2.81 V             ; -0.0578 V          ; 0.303 V                             ; 0.28 V                              ; 2.93e-10 s                 ; 3.01e-10 s                 ; No                        ; No                        ;
; vga_b[0] ; 2.5 V        ; 0 s                 ; 0 s                 ; 2.75 V                       ; 4.14e-06 V                   ; 2.91 V              ; -0.119 V            ; 0.326 V                              ; 0.298 V                              ; 2.74e-10 s                  ; 2.8e-10 s                   ; No                         ; No                         ; 2.75 V                      ; 4.14e-06 V                  ; 2.91 V             ; -0.119 V           ; 0.326 V                             ; 0.298 V                             ; 2.74e-10 s                 ; 2.8e-10 s                  ; No                        ; No                        ;
; vga_b[1] ; 2.5 V        ; 0 s                 ; 0 s                 ; 2.75 V                       ; 4.14e-06 V                   ; 2.91 V              ; -0.121 V            ; 0.326 V                              ; 0.297 V                              ; 2.74e-10 s                  ; 2.8e-10 s                   ; No                         ; No                         ; 2.75 V                      ; 4.14e-06 V                  ; 2.91 V             ; -0.121 V           ; 0.326 V                             ; 0.297 V                             ; 2.74e-10 s                 ; 2.8e-10 s                  ; No                        ; No                        ;
; vga_b[2] ; 2.5 V        ; 0 s                 ; 0 s                 ; 2.75 V                       ; 4.25e-06 V                   ; 2.9 V               ; -0.107 V            ; 0.378 V                              ; 0.16 V                               ; 2.87e-10 s                  ; 4.28e-10 s                  ; No                         ; No                         ; 2.75 V                      ; 4.25e-06 V                  ; 2.9 V              ; -0.107 V           ; 0.378 V                             ; 0.16 V                              ; 2.87e-10 s                 ; 4.28e-10 s                 ; No                        ; No                        ;
; vga_b[3] ; 2.5 V        ; 0 s                 ; 0 s                 ; 2.75 V                       ; 3.54e-06 V                   ; 2.81 V              ; -0.0578 V           ; 0.303 V                              ; 0.28 V                               ; 2.93e-10 s                  ; 3.01e-10 s                  ; No                         ; No                         ; 2.75 V                      ; 3.54e-06 V                  ; 2.81 V             ; -0.0578 V          ; 0.303 V                             ; 0.28 V                              ; 2.93e-10 s                 ; 3.01e-10 s                 ; No                        ; No                        ;
; vga_hs   ; 2.5 V        ; 0 s                 ; 0 s                 ; 2.75 V                       ; 4.14e-06 V                   ; 2.91 V              ; -0.119 V            ; 0.326 V                              ; 0.298 V                              ; 2.74e-10 s                  ; 2.8e-10 s                   ; No                         ; No                         ; 2.75 V                      ; 4.14e-06 V                  ; 2.91 V             ; -0.119 V           ; 0.326 V                             ; 0.298 V                             ; 2.74e-10 s                 ; 2.8e-10 s                  ; No                        ; No                        ;
; vga_vs   ; 2.5 V        ; 0 s                 ; 0 s                 ; 2.75 V                       ; 4.14e-06 V                   ; 2.91 V              ; -0.121 V            ; 0.326 V                              ; 0.297 V                              ; 2.74e-10 s                  ; 2.8e-10 s                   ; No                         ; No                         ; 2.75 V                      ; 4.14e-06 V                  ; 2.91 V             ; -0.121 V           ; 0.326 V                             ; 0.297 V                             ; 2.74e-10 s                 ; 2.8e-10 s                  ; No                        ; No                        ;
; ps2_clk  ; 2.5 V        ; 0 s                 ; 0 s                 ; 2.75 V                       ; 4.25e-06 V                   ; 2.9 V               ; -0.107 V            ; 0.378 V                              ; 0.16 V                               ; 2.87e-10 s                  ; 4.28e-10 s                  ; No                         ; No                         ; 2.75 V                      ; 4.25e-06 V                  ; 2.9 V              ; -0.107 V           ; 0.378 V                             ; 0.16 V                              ; 2.87e-10 s                 ; 4.28e-10 s                 ; No                        ; No                        ;
; ps2_dat  ; 2.5 V        ; 0 s                 ; 0 s                 ; 2.75 V                       ; 4.25e-06 V                   ; 2.9 V               ; -0.107 V            ; 0.378 V                              ; 0.16 V                               ; 2.87e-10 s                  ; 4.28e-10 s                  ; No                         ; No                         ; 2.75 V                      ; 4.25e-06 V                  ; 2.9 V              ; -0.107 V           ; 0.378 V                             ; 0.16 V                              ; 2.87e-10 s                 ; 4.28e-10 s                 ; No                        ; No                        ;
+----------+--------------+---------------------+---------------------+------------------------------+------------------------------+---------------------+---------------------+--------------------------------------+--------------------------------------+-----------------------------+-----------------------------+----------------------------+----------------------------+-----------------------------+-----------------------------+--------------------+--------------------+-------------------------------------+-------------------------------------+----------------------------+----------------------------+---------------------------+---------------------------+


+---------------------------------------------------------------------------------------------------------------------------------------------------------------------------------------------------------------------------------------------------------------------------------------------------------------------------------------------------------------------------------------------------------------------------------------------------------------------------------------------------------------------------------------------------------------------------------------------------------------------------------------------------------------------------------------+
; Signal Integrity Metrics (Fast 1100mv 85c Model)                                                                                                                                                                                                                                                                                                                                                                                                                                                                                                                                                                                                                                      ;
+----------+--------------+---------------------+---------------------+------------------------------+------------------------------+---------------------+---------------------+--------------------------------------+--------------------------------------+-----------------------------+-----------------------------+----------------------------+----------------------------+-----------------------------+-----------------------------+--------------------+--------------------+-------------------------------------+-------------------------------------+----------------------------+----------------------------+---------------------------+---------------------------+
; Pin      ; I/O Standard ; Board Delay on Rise ; Board Delay on Fall ; Steady State Voh at FPGA Pin ; Steady State Vol at FPGA Pin ; Voh Max at FPGA Pin ; Vol Min at FPGA Pin ; Ringback Voltage on Rise at FPGA Pin ; Ringback Voltage on Fall at FPGA Pin ; 10-90 Rise Time at FPGA Pin ; 90-10 Fall Time at FPGA Pin ; Monotonic Rise at FPGA Pin ; Monotonic Fall at FPGA Pin ; Steady State Voh at Far-end ; Steady State Vol at Far-end ; Voh Max at Far-end ; Vol Min at Far-end ; Ringback Voltage on Rise at Far-end ; Ringback Voltage on Fall at Far-end ; 10-90 Rise Time at Far-end ; 90-10 Fall Time at Far-end ; Monotonic Rise at Far-end ; Monotonic Fall at Far-end ;
+----------+--------------+---------------------+---------------------+------------------------------+------------------------------+---------------------+---------------------+--------------------------------------+--------------------------------------+-----------------------------+-----------------------------+----------------------------+----------------------------+-----------------------------+-----------------------------+--------------------+--------------------+-------------------------------------+-------------------------------------+----------------------------+----------------------------+---------------------------+---------------------------+
; hex0[0]  ; 2.5 V        ; 0 s                 ; 0 s                 ; 2.75 V                       ; 0.000242 V                   ; 2.86 V              ; -0.0814 V           ; 0.36 V                               ; 0.156 V                              ; 3e-10 s                     ; 4.34e-10 s                  ; No                         ; No                         ; 2.75 V                      ; 0.000242 V                  ; 2.86 V             ; -0.0814 V          ; 0.36 V                              ; 0.156 V                             ; 3e-10 s                    ; 4.34e-10 s                 ; No                        ; No                        ;
; hex0[1]  ; 2.5 V        ; 0 s                 ; 0 s                 ; 2.75 V                       ; 0.000242 V                   ; 2.86 V              ; -0.0805 V           ; 0.358 V                              ; 0.156 V                              ; 3.01e-10 s                  ; 4.34e-10 s                  ; No                         ; No                         ; 2.75 V                      ; 0.000242 V                  ; 2.86 V             ; -0.0805 V          ; 0.358 V                             ; 0.156 V                             ; 3.01e-10 s                 ; 4.34e-10 s                 ; No                        ; No                        ;
; hex0[2]  ; 2.5 V        ; 0 s                 ; 0 s                 ; 2.75 V                       ; 0.000242 V                   ; 2.86 V              ; -0.0805 V           ; 0.358 V                              ; 0.156 V                              ; 3.01e-10 s                  ; 4.34e-10 s                  ; No                         ; No                         ; 2.75 V                      ; 0.000242 V                  ; 2.86 V             ; -0.0805 V          ; 0.358 V                             ; 0.156 V                             ; 3.01e-10 s                 ; 4.34e-10 s                 ; No                        ; No                        ;
; hex0[3]  ; 2.5 V        ; 0 s                 ; 0 s                 ; 2.75 V                       ; 0.000242 V                   ; 2.86 V              ; -0.0805 V           ; 0.358 V                              ; 0.156 V                              ; 3.01e-10 s                  ; 4.34e-10 s                  ; No                         ; No                         ; 2.75 V                      ; 0.000242 V                  ; 2.86 V             ; -0.0805 V          ; 0.358 V                             ; 0.156 V                             ; 3.01e-10 s                 ; 4.34e-10 s                 ; No                        ; No                        ;
; hex0[4]  ; 2.5 V        ; 0 s                 ; 0 s                 ; 2.75 V                       ; 0.000242 V                   ; 2.86 V              ; -0.0814 V           ; 0.36 V                               ; 0.156 V                              ; 3e-10 s                     ; 4.34e-10 s                  ; No                         ; No                         ; 2.75 V                      ; 0.000242 V                  ; 2.86 V             ; -0.0814 V          ; 0.36 V                              ; 0.156 V                             ; 3e-10 s                    ; 4.34e-10 s                 ; No                        ; No                        ;
; hex0[5]  ; 2.5 V        ; 0 s                 ; 0 s                 ; 2.75 V                       ; 0.000242 V                   ; 2.86 V              ; -0.0814 V           ; 0.36 V                               ; 0.156 V                              ; 3e-10 s                     ; 4.34e-10 s                  ; No                         ; No                         ; 2.75 V                      ; 0.000242 V                  ; 2.86 V             ; -0.0814 V          ; 0.36 V                              ; 0.156 V                             ; 3e-10 s                    ; 4.34e-10 s                 ; No                        ; No                        ;
; hex0[6]  ; 2.5 V        ; 0 s                 ; 0 s                 ; 2.75 V                       ; 0.000242 V                   ; 2.86 V              ; -0.0805 V           ; 0.358 V                              ; 0.156 V                              ; 3.01e-10 s                  ; 4.34e-10 s                  ; No                         ; No                         ; 2.75 V                      ; 0.000242 V                  ; 2.86 V             ; -0.0805 V          ; 0.358 V                             ; 0.156 V                             ; 3.01e-10 s                 ; 4.34e-10 s                 ; No                        ; No                        ;
; hex1[0]  ; 2.5 V        ; 0 s                 ; 0 s                 ; 2.75 V                       ; 0.000242 V                   ; 2.86 V              ; -0.0805 V           ; 0.358 V                              ; 0.156 V                              ; 3.01e-10 s                  ; 4.34e-10 s                  ; No                         ; No                         ; 2.75 V                      ; 0.000242 V                  ; 2.86 V             ; -0.0805 V          ; 0.358 V                             ; 0.156 V                             ; 3.01e-10 s                 ; 4.34e-10 s                 ; No                        ; No                        ;
; hex1[1]  ; 2.5 V        ; 0 s                 ; 0 s                 ; 2.75 V                       ; 0.000242 V                   ; 2.86 V              ; -0.0814 V           ; 0.36 V                               ; 0.156 V                              ; 3e-10 s                     ; 4.34e-10 s                  ; No                         ; No                         ; 2.75 V                      ; 0.000242 V                  ; 2.86 V             ; -0.0814 V          ; 0.36 V                              ; 0.156 V                             ; 3e-10 s                    ; 4.34e-10 s                 ; No                        ; No                        ;
; hex1[2]  ; 2.5 V        ; 0 s                 ; 0 s                 ; 2.75 V                       ; 0.000242 V                   ; 2.86 V              ; -0.0814 V           ; 0.36 V                               ; 0.156 V                              ; 3e-10 s                     ; 4.34e-10 s                  ; No                         ; No                         ; 2.75 V                      ; 0.000242 V                  ; 2.86 V             ; -0.0814 V          ; 0.36 V                              ; 0.156 V                             ; 3e-10 s                    ; 4.34e-10 s                 ; No                        ; No                        ;
; hex1[3]  ; 2.5 V        ; 0 s                 ; 0 s                 ; 2.75 V                       ; 0.000242 V                   ; 2.86 V              ; -0.0805 V           ; 0.358 V                              ; 0.156 V                              ; 3.01e-10 s                  ; 4.34e-10 s                  ; No                         ; No                         ; 2.75 V                      ; 0.000242 V                  ; 2.86 V             ; -0.0805 V          ; 0.358 V                             ; 0.156 V                             ; 3.01e-10 s                 ; 4.34e-10 s                 ; No                        ; No                        ;
; hex1[4]  ; 2.5 V        ; 0 s                 ; 0 s                 ; 2.75 V                       ; 0.000242 V                   ; 2.86 V              ; -0.0805 V           ; 0.358 V                              ; 0.156 V                              ; 3.01e-10 s                  ; 4.34e-10 s                  ; No                         ; No                         ; 2.75 V                      ; 0.000242 V                  ; 2.86 V             ; -0.0805 V          ; 0.358 V                             ; 0.156 V                             ; 3.01e-10 s                 ; 4.34e-10 s                 ; No                        ; No                        ;
; hex1[5]  ; 2.5 V        ; 0 s                 ; 0 s                 ; 2.75 V                       ; 0.000242 V                   ; 2.86 V              ; -0.0814 V           ; 0.36 V                               ; 0.156 V                              ; 3e-10 s                     ; 4.34e-10 s                  ; No                         ; No                         ; 2.75 V                      ; 0.000242 V                  ; 2.86 V             ; -0.0814 V          ; 0.36 V                              ; 0.156 V                             ; 3e-10 s                    ; 4.34e-10 s                 ; No                        ; No                        ;
; hex1[6]  ; 2.5 V        ; 0 s                 ; 0 s                 ; 2.75 V                       ; 0.000242 V                   ; 2.86 V              ; -0.0814 V           ; 0.36 V                               ; 0.156 V                              ; 3e-10 s                     ; 4.34e-10 s                  ; No                         ; No                         ; 2.75 V                      ; 0.000242 V                  ; 2.86 V             ; -0.0814 V          ; 0.36 V                              ; 0.156 V                             ; 3e-10 s                    ; 4.34e-10 s                 ; No                        ; No                        ;
; hex2[0]  ; 2.5 V        ; 0 s                 ; 0 s                 ; 2.75 V                       ; 0.000247 V                   ; 2.85 V              ; -0.0711 V           ; 0.204 V                              ; 0.181 V                              ; 4.55e-10 s                  ; 4.49e-10 s                  ; No                         ; No                         ; 2.75 V                      ; 0.000247 V                  ; 2.85 V             ; -0.0711 V          ; 0.204 V                             ; 0.181 V                             ; 4.55e-10 s                 ; 4.49e-10 s                 ; No                        ; No                        ;
; hex2[1]  ; 2.5 V        ; 0 s                 ; 0 s                 ; 2.75 V                       ; 0.000242 V                   ; 2.86 V              ; -0.0814 V           ; 0.36 V                               ; 0.156 V                              ; 3e-10 s                     ; 4.34e-10 s                  ; No                         ; No                         ; 2.75 V                      ; 0.000242 V                  ; 2.86 V             ; -0.0814 V          ; 0.36 V                              ; 0.156 V                             ; 3e-10 s                    ; 4.34e-10 s                 ; No                        ; No                        ;
; hex2[2]  ; 2.5 V        ; 0 s                 ; 0 s                 ; 2.75 V                       ; 0.000242 V                   ; 2.86 V              ; -0.0814 V           ; 0.36 V                               ; 0.156 V                              ; 3e-10 s                     ; 4.34e-10 s                  ; No                         ; No                         ; 2.75 V                      ; 0.000242 V                  ; 2.86 V             ; -0.0814 V          ; 0.36 V                              ; 0.156 V                             ; 3e-10 s                    ; 4.34e-10 s                 ; No                        ; No                        ;
; hex2[3]  ; 2.5 V        ; 0 s                 ; 0 s                 ; 2.75 V                       ; 0.000213 V                   ; 2.79 V              ; -0.0324 V           ; 0.139 V                              ; 0.119 V                              ; 4.42e-10 s                  ; 4.33e-10 s                  ; No                         ; Yes                        ; 2.75 V                      ; 0.000213 V                  ; 2.79 V             ; -0.0324 V          ; 0.139 V                             ; 0.119 V                             ; 4.42e-10 s                 ; 4.33e-10 s                 ; No                        ; Yes                       ;
; hex2[4]  ; 2.5 V        ; 0 s                 ; 0 s                 ; 2.75 V                       ; 0.000213 V                   ; 2.79 V              ; -0.0324 V           ; 0.139 V                              ; 0.119 V                              ; 4.42e-10 s                  ; 4.33e-10 s                  ; No                         ; Yes                        ; 2.75 V                      ; 0.000213 V                  ; 2.79 V             ; -0.0324 V          ; 0.139 V                             ; 0.119 V                             ; 4.42e-10 s                 ; 4.33e-10 s                 ; No                        ; Yes                       ;
; hex2[5]  ; 2.5 V        ; 0 s                 ; 0 s                 ; 2.75 V                       ; 0.000242 V                   ; 2.86 V              ; -0.0814 V           ; 0.36 V                               ; 0.156 V                              ; 3e-10 s                     ; 4.34e-10 s                  ; No                         ; No                         ; 2.75 V                      ; 0.000242 V                  ; 2.86 V             ; -0.0814 V          ; 0.36 V                              ; 0.156 V                             ; 3e-10 s                    ; 4.34e-10 s                 ; No                        ; No                        ;
; hex2[6]  ; 2.5 V        ; 0 s                 ; 0 s                 ; 2.75 V                       ; 0.000242 V                   ; 2.86 V              ; -0.0805 V           ; 0.358 V                              ; 0.156 V                              ; 3.01e-10 s                  ; 4.34e-10 s                  ; No                         ; No                         ; 2.75 V                      ; 0.000242 V                  ; 2.86 V             ; -0.0805 V          ; 0.358 V                             ; 0.156 V                             ; 3.01e-10 s                 ; 4.34e-10 s                 ; No                        ; No                        ;
; hex3[0]  ; 2.5 V        ; 0 s                 ; 0 s                 ; 2.75 V                       ; 0.000213 V                   ; 2.79 V              ; -0.0324 V           ; 0.139 V                              ; 0.119 V                              ; 4.42e-10 s                  ; 4.33e-10 s                  ; No                         ; Yes                        ; 2.75 V                      ; 0.000213 V                  ; 2.79 V             ; -0.0324 V          ; 0.139 V                             ; 0.119 V                             ; 4.42e-10 s                 ; 4.33e-10 s                 ; No                        ; Yes                       ;
; hex3[1]  ; 2.5 V        ; 0 s                 ; 0 s                 ; 2.75 V                       ; 0.000247 V                   ; 2.85 V              ; -0.0711 V           ; 0.204 V                              ; 0.181 V                              ; 4.55e-10 s                  ; 4.49e-10 s                  ; No                         ; No                         ; 2.75 V                      ; 0.000247 V                  ; 2.85 V             ; -0.0711 V          ; 0.204 V                             ; 0.181 V                             ; 4.55e-10 s                 ; 4.49e-10 s                 ; No                        ; No                        ;
; hex3[2]  ; 2.5 V        ; 0 s                 ; 0 s                 ; 2.75 V                       ; 0.000247 V                   ; 2.85 V              ; -0.0711 V           ; 0.204 V                              ; 0.181 V                              ; 4.55e-10 s                  ; 4.49e-10 s                  ; No                         ; No                         ; 2.75 V                      ; 0.000247 V                  ; 2.85 V             ; -0.0711 V          ; 0.204 V                             ; 0.181 V                             ; 4.55e-10 s                 ; 4.49e-10 s                 ; No                        ; No                        ;
; hex3[3]  ; 2.5 V        ; 0 s                 ; 0 s                 ; 2.75 V                       ; 0.000213 V                   ; 2.79 V              ; -0.0324 V           ; 0.139 V                              ; 0.119 V                              ; 4.42e-10 s                  ; 4.33e-10 s                  ; No                         ; Yes                        ; 2.75 V                      ; 0.000213 V                  ; 2.79 V             ; -0.0324 V          ; 0.139 V                             ; 0.119 V                             ; 4.42e-10 s                 ; 4.33e-10 s                 ; No                        ; Yes                       ;
; hex3[4]  ; 2.5 V        ; 0 s                 ; 0 s                 ; 2.75 V                       ; 0.000247 V                   ; 2.85 V              ; -0.0711 V           ; 0.204 V                              ; 0.181 V                              ; 4.55e-10 s                  ; 4.49e-10 s                  ; No                         ; No                         ; 2.75 V                      ; 0.000247 V                  ; 2.85 V             ; -0.0711 V          ; 0.204 V                             ; 0.181 V                             ; 4.55e-10 s                 ; 4.49e-10 s                 ; No                        ; No                        ;
; hex3[5]  ; 2.5 V        ; 0 s                 ; 0 s                 ; 2.75 V                       ; 0.000247 V                   ; 2.85 V              ; -0.0711 V           ; 0.204 V                              ; 0.181 V                              ; 4.55e-10 s                  ; 4.49e-10 s                  ; No                         ; No                         ; 2.75 V                      ; 0.000247 V                  ; 2.85 V             ; -0.0711 V          ; 0.204 V                             ; 0.181 V                             ; 4.55e-10 s                 ; 4.49e-10 s                 ; No                        ; No                        ;
; hex3[6]  ; 2.5 V        ; 0 s                 ; 0 s                 ; 2.75 V                       ; 0.000213 V                   ; 2.79 V              ; -0.0324 V           ; 0.139 V                              ; 0.119 V                              ; 4.42e-10 s                  ; 4.33e-10 s                  ; No                         ; Yes                        ; 2.75 V                      ; 0.000213 V                  ; 2.79 V             ; -0.0324 V          ; 0.139 V                             ; 0.119 V                             ; 4.42e-10 s                 ; 4.33e-10 s                 ; No                        ; Yes                       ;
; hex4[0]  ; 2.5 V        ; 0 s                 ; 0 s                 ; 2.75 V                       ; 0.000242 V                   ; 2.86 V              ; -0.0805 V           ; 0.358 V                              ; 0.156 V                              ; 3.01e-10 s                  ; 4.34e-10 s                  ; No                         ; No                         ; 2.75 V                      ; 0.000242 V                  ; 2.86 V             ; -0.0805 V          ; 0.358 V                             ; 0.156 V                             ; 3.01e-10 s                 ; 4.34e-10 s                 ; No                        ; No                        ;
; hex4[1]  ; 2.5 V        ; 0 s                 ; 0 s                 ; 2.75 V                       ; 0.000213 V                   ; 2.79 V              ; -0.0324 V           ; 0.139 V                              ; 0.119 V                              ; 4.42e-10 s                  ; 4.33e-10 s                  ; No                         ; Yes                        ; 2.75 V                      ; 0.000213 V                  ; 2.79 V             ; -0.0324 V          ; 0.139 V                             ; 0.119 V                             ; 4.42e-10 s                 ; 4.33e-10 s                 ; No                        ; Yes                       ;
; hex4[2]  ; 2.5 V        ; 0 s                 ; 0 s                 ; 2.75 V                       ; 0.000213 V                   ; 2.79 V              ; -0.0324 V           ; 0.139 V                              ; 0.119 V                              ; 4.42e-10 s                  ; 4.33e-10 s                  ; No                         ; Yes                        ; 2.75 V                      ; 0.000213 V                  ; 2.79 V             ; -0.0324 V          ; 0.139 V                             ; 0.119 V                             ; 4.42e-10 s                 ; 4.33e-10 s                 ; No                        ; Yes                       ;
; hex4[3]  ; 2.5 V        ; 0 s                 ; 0 s                 ; 2.75 V                       ; 0.000213 V                   ; 2.79 V              ; -0.0324 V           ; 0.139 V                              ; 0.119 V                              ; 4.42e-10 s                  ; 4.33e-10 s                  ; No                         ; Yes                        ; 2.75 V                      ; 0.000213 V                  ; 2.79 V             ; -0.0324 V          ; 0.139 V                             ; 0.119 V                             ; 4.42e-10 s                 ; 4.33e-10 s                 ; No                        ; Yes                       ;
; hex4[4]  ; 2.5 V        ; 0 s                 ; 0 s                 ; 2.75 V                       ; 0.000247 V                   ; 2.85 V              ; -0.0711 V           ; 0.204 V                              ; 0.181 V                              ; 4.55e-10 s                  ; 4.49e-10 s                  ; No                         ; No                         ; 2.75 V                      ; 0.000247 V                  ; 2.85 V             ; -0.0711 V          ; 0.204 V                             ; 0.181 V                             ; 4.55e-10 s                 ; 4.49e-10 s                 ; No                        ; No                        ;
; hex4[5]  ; 2.5 V        ; 0 s                 ; 0 s                 ; 2.75 V                       ; 0.000247 V                   ; 2.85 V              ; -0.0711 V           ; 0.204 V                              ; 0.181 V                              ; 4.55e-10 s                  ; 4.49e-10 s                  ; No                         ; No                         ; 2.75 V                      ; 0.000247 V                  ; 2.85 V             ; -0.0711 V          ; 0.204 V                             ; 0.181 V                             ; 4.55e-10 s                 ; 4.49e-10 s                 ; No                        ; No                        ;
; hex4[6]  ; 2.5 V        ; 0 s                 ; 0 s                 ; 2.75 V                       ; 0.000213 V                   ; 2.79 V              ; -0.0324 V           ; 0.139 V                              ; 0.119 V                              ; 4.42e-10 s                  ; 4.33e-10 s                  ; No                         ; Yes                        ; 2.75 V                      ; 0.000213 V                  ; 2.79 V             ; -0.0324 V          ; 0.139 V                             ; 0.119 V                             ; 4.42e-10 s                 ; 4.33e-10 s                 ; No                        ; Yes                       ;
; hex5[0]  ; 2.5 V        ; 0 s                 ; 0 s                 ; 2.75 V                       ; 0.000247 V                   ; 2.85 V              ; -0.0711 V           ; 0.204 V                              ; 0.181 V                              ; 4.55e-10 s                  ; 4.49e-10 s                  ; No                         ; No                         ; 2.75 V                      ; 0.000247 V                  ; 2.85 V             ; -0.0711 V          ; 0.204 V                             ; 0.181 V                             ; 4.55e-10 s                 ; 4.49e-10 s                 ; No                        ; No                        ;
; hex5[1]  ; 2.5 V        ; 0 s                 ; 0 s                 ; 2.75 V                       ; 0.000213 V                   ; 2.79 V              ; -0.0324 V           ; 0.139 V                              ; 0.119 V                              ; 4.42e-10 s                  ; 4.33e-10 s                  ; No                         ; Yes                        ; 2.75 V                      ; 0.000213 V                  ; 2.79 V             ; -0.0324 V          ; 0.139 V                             ; 0.119 V                             ; 4.42e-10 s                 ; 4.33e-10 s                 ; No                        ; Yes                       ;
; hex5[2]  ; 2.5 V        ; 0 s                 ; 0 s                 ; 2.75 V                       ; 0.000213 V                   ; 2.79 V              ; -0.0324 V           ; 0.139 V                              ; 0.119 V                              ; 4.42e-10 s                  ; 4.33e-10 s                  ; No                         ; Yes                        ; 2.75 V                      ; 0.000213 V                  ; 2.79 V             ; -0.0324 V          ; 0.139 V                             ; 0.119 V                             ; 4.42e-10 s                 ; 4.33e-10 s                 ; No                        ; Yes                       ;
; hex5[3]  ; 2.5 V        ; 0 s                 ; 0 s                 ; 2.75 V                       ; 0.000213 V                   ; 2.79 V              ; -0.0324 V           ; 0.139 V                              ; 0.119 V                              ; 4.42e-10 s                  ; 4.33e-10 s                  ; No                         ; Yes                        ; 2.75 V                      ; 0.000213 V                  ; 2.79 V             ; -0.0324 V          ; 0.139 V                             ; 0.119 V                             ; 4.42e-10 s                 ; 4.33e-10 s                 ; No                        ; Yes                       ;
; hex5[4]  ; 2.5 V        ; 0 s                 ; 0 s                 ; 2.75 V                       ; 0.000242 V                   ; 2.86 V              ; -0.0814 V           ; 0.36 V                               ; 0.156 V                              ; 3e-10 s                     ; 4.34e-10 s                  ; No                         ; No                         ; 2.75 V                      ; 0.000242 V                  ; 2.86 V             ; -0.0814 V          ; 0.36 V                              ; 0.156 V                             ; 3e-10 s                    ; 4.34e-10 s                 ; No                        ; No                        ;
; hex5[5]  ; 2.5 V        ; 0 s                 ; 0 s                 ; 2.75 V                       ; 0.000242 V                   ; 2.86 V              ; -0.0805 V           ; 0.358 V                              ; 0.156 V                              ; 3.01e-10 s                  ; 4.34e-10 s                  ; No                         ; No                         ; 2.75 V                      ; 0.000242 V                  ; 2.86 V             ; -0.0805 V          ; 0.358 V                             ; 0.156 V                             ; 3.01e-10 s                 ; 4.34e-10 s                 ; No                        ; No                        ;
; hex5[6]  ; 2.5 V        ; 0 s                 ; 0 s                 ; 2.75 V                       ; 0.000247 V                   ; 2.85 V              ; -0.0711 V           ; 0.204 V                              ; 0.181 V                              ; 4.55e-10 s                  ; 4.49e-10 s                  ; No                         ; No                         ; 2.75 V                      ; 0.000247 V                  ; 2.85 V             ; -0.0711 V          ; 0.204 V                             ; 0.181 V                             ; 4.55e-10 s                 ; 4.49e-10 s                 ; No                        ; No                        ;
; led[0]   ; 2.5 V        ; 0 s                 ; 0 s                 ; 2.75 V                       ; 0.000213 V                   ; 2.79 V              ; -0.0324 V           ; 0.139 V                              ; 0.119 V                              ; 4.42e-10 s                  ; 4.33e-10 s                  ; No                         ; Yes                        ; 2.75 V                      ; 0.000213 V                  ; 2.79 V             ; -0.0324 V          ; 0.139 V                             ; 0.119 V                             ; 4.42e-10 s                 ; 4.33e-10 s                 ; No                        ; Yes                       ;
; led[1]   ; 2.5 V        ; 0 s                 ; 0 s                 ; 2.75 V                       ; 0.000242 V                   ; 2.86 V              ; -0.0814 V           ; 0.36 V                               ; 0.156 V                              ; 3e-10 s                     ; 4.34e-10 s                  ; No                         ; No                         ; 2.75 V                      ; 0.000242 V                  ; 2.86 V             ; -0.0814 V          ; 0.36 V                              ; 0.156 V                             ; 3e-10 s                    ; 4.34e-10 s                 ; No                        ; No                        ;
; led[2]   ; 2.5 V        ; 0 s                 ; 0 s                 ; 2.75 V                       ; 0.000247 V                   ; 2.85 V              ; -0.0711 V           ; 0.204 V                              ; 0.181 V                              ; 4.55e-10 s                  ; 4.49e-10 s                  ; No                         ; No                         ; 2.75 V                      ; 0.000247 V                  ; 2.85 V             ; -0.0711 V          ; 0.204 V                             ; 0.181 V                             ; 4.55e-10 s                 ; 4.49e-10 s                 ; No                        ; No                        ;
; led[3]   ; 2.5 V        ; 0 s                 ; 0 s                 ; 2.75 V                       ; 0.000242 V                   ; 2.86 V              ; -0.0814 V           ; 0.36 V                               ; 0.156 V                              ; 3e-10 s                     ; 4.34e-10 s                  ; No                         ; No                         ; 2.75 V                      ; 0.000242 V                  ; 2.86 V             ; -0.0814 V          ; 0.36 V                              ; 0.156 V                             ; 3e-10 s                    ; 4.34e-10 s                 ; No                        ; No                        ;
; led[4]   ; 2.5 V        ; 0 s                 ; 0 s                 ; 2.75 V                       ; 0.000213 V                   ; 2.79 V              ; -0.0324 V           ; 0.139 V                              ; 0.119 V                              ; 4.42e-10 s                  ; 4.33e-10 s                  ; No                         ; Yes                        ; 2.75 V                      ; 0.000213 V                  ; 2.79 V             ; -0.0324 V          ; 0.139 V                             ; 0.119 V                             ; 4.42e-10 s                 ; 4.33e-10 s                 ; No                        ; Yes                       ;
; led[5]   ; 2.5 V        ; 0 s                 ; 0 s                 ; 2.75 V                       ; 0.000247 V                   ; 2.85 V              ; -0.0711 V           ; 0.204 V                              ; 0.181 V                              ; 4.55e-10 s                  ; 4.49e-10 s                  ; No                         ; No                         ; 2.75 V                      ; 0.000247 V                  ; 2.85 V             ; -0.0711 V          ; 0.204 V                             ; 0.181 V                             ; 4.55e-10 s                 ; 4.49e-10 s                 ; No                        ; No                        ;
; led[6]   ; 2.5 V        ; 0 s                 ; 0 s                 ; 2.75 V                       ; 0.000242 V                   ; 2.86 V              ; -0.0805 V           ; 0.358 V                              ; 0.156 V                              ; 3.01e-10 s                  ; 4.34e-10 s                  ; No                         ; No                         ; 2.75 V                      ; 0.000242 V                  ; 2.86 V             ; -0.0805 V          ; 0.358 V                             ; 0.156 V                             ; 3.01e-10 s                 ; 4.34e-10 s                 ; No                        ; No                        ;
; led[7]   ; 2.5 V        ; 0 s                 ; 0 s                 ; 2.75 V                       ; 0.000242 V                   ; 2.86 V              ; -0.0814 V           ; 0.36 V                               ; 0.156 V                              ; 3e-10 s                     ; 4.34e-10 s                  ; No                         ; No                         ; 2.75 V                      ; 0.000242 V                  ; 2.86 V             ; -0.0814 V          ; 0.36 V                              ; 0.156 V                             ; 3e-10 s                    ; 4.34e-10 s                 ; No                        ; No                        ;
; led[8]   ; 2.5 V        ; 0 s                 ; 0 s                 ; 2.75 V                       ; 0.000242 V                   ; 2.86 V              ; -0.0814 V           ; 0.36 V                               ; 0.156 V                              ; 3e-10 s                     ; 4.34e-10 s                  ; No                         ; No                         ; 2.75 V                      ; 0.000242 V                  ; 2.86 V             ; -0.0814 V          ; 0.36 V                              ; 0.156 V                             ; 3e-10 s                    ; 4.34e-10 s                 ; No                        ; No                        ;
; led[9]   ; 2.5 V        ; 0 s                 ; 0 s                 ; 2.75 V                       ; 0.000242 V                   ; 2.86 V              ; -0.0805 V           ; 0.358 V                              ; 0.156 V                              ; 3.01e-10 s                  ; 4.34e-10 s                  ; No                         ; No                         ; 2.75 V                      ; 0.000242 V                  ; 2.86 V             ; -0.0805 V          ; 0.358 V                             ; 0.156 V                             ; 3.01e-10 s                 ; 4.34e-10 s                 ; No                        ; No                        ;
; vga_r[0] ; 2.5 V        ; 0 s                 ; 0 s                 ; 2.75 V                       ; 0.000242 V                   ; 2.86 V              ; -0.0814 V           ; 0.36 V                               ; 0.156 V                              ; 3e-10 s                     ; 4.34e-10 s                  ; No                         ; No                         ; 2.75 V                      ; 0.000242 V                  ; 2.86 V             ; -0.0814 V          ; 0.36 V                              ; 0.156 V                             ; 3e-10 s                    ; 4.34e-10 s                 ; No                        ; No                        ;
; vga_r[1] ; 2.5 V        ; 0 s                 ; 0 s                 ; 2.75 V                       ; 0.000247 V                   ; 2.85 V              ; -0.0711 V           ; 0.204 V                              ; 0.181 V                              ; 4.55e-10 s                  ; 4.49e-10 s                  ; No                         ; No                         ; 2.75 V                      ; 0.000247 V                  ; 2.85 V             ; -0.0711 V          ; 0.204 V                             ; 0.181 V                             ; 4.55e-10 s                 ; 4.49e-10 s                 ; No                        ; No                        ;
; vga_r[2] ; 2.5 V        ; 0 s                 ; 0 s                 ; 2.75 V                       ; 0.000213 V                   ; 2.79 V              ; -0.0324 V           ; 0.139 V                              ; 0.119 V                              ; 4.42e-10 s                  ; 4.33e-10 s                  ; No                         ; Yes                        ; 2.75 V                      ; 0.000213 V                  ; 2.79 V             ; -0.0324 V          ; 0.139 V                             ; 0.119 V                             ; 4.42e-10 s                 ; 4.33e-10 s                 ; No                        ; Yes                       ;
; vga_r[3] ; 2.5 V        ; 0 s                 ; 0 s                 ; 2.75 V                       ; 0.000242 V                   ; 2.86 V              ; -0.0805 V           ; 0.358 V                              ; 0.156 V                              ; 3.01e-10 s                  ; 4.34e-10 s                  ; No                         ; No                         ; 2.75 V                      ; 0.000242 V                  ; 2.86 V             ; -0.0805 V          ; 0.358 V                             ; 0.156 V                             ; 3.01e-10 s                 ; 4.34e-10 s                 ; No                        ; No                        ;
; vga_g[0] ; 2.5 V        ; 0 s                 ; 0 s                 ; 2.75 V                       ; 0.000242 V                   ; 2.86 V              ; -0.0805 V           ; 0.358 V                              ; 0.156 V                              ; 3.01e-10 s                  ; 4.34e-10 s                  ; No                         ; No                         ; 2.75 V                      ; 0.000242 V                  ; 2.86 V             ; -0.0805 V          ; 0.358 V                             ; 0.156 V                             ; 3.01e-10 s                 ; 4.34e-10 s                 ; No                        ; No                        ;
; vga_g[1] ; 2.5 V        ; 0 s                 ; 0 s                 ; 2.75 V                       ; 0.000242 V                   ; 2.86 V              ; -0.0814 V           ; 0.36 V                               ; 0.156 V                              ; 3e-10 s                     ; 4.34e-10 s                  ; No                         ; No                         ; 2.75 V                      ; 0.000242 V                  ; 2.86 V             ; -0.0814 V          ; 0.36 V                              ; 0.156 V                             ; 3e-10 s                    ; 4.34e-10 s                 ; No                        ; No                        ;
; vga_g[2] ; 2.5 V        ; 0 s                 ; 0 s                 ; 2.75 V                       ; 0.000247 V                   ; 2.85 V              ; -0.0711 V           ; 0.204 V                              ; 0.181 V                              ; 4.55e-10 s                  ; 4.49e-10 s                  ; No                         ; No                         ; 2.75 V                      ; 0.000247 V                  ; 2.85 V             ; -0.0711 V          ; 0.204 V                             ; 0.181 V                             ; 4.55e-10 s                 ; 4.49e-10 s                 ; No                        ; No                        ;
; vga_g[3] ; 2.5 V        ; 0 s                 ; 0 s                 ; 2.75 V                       ; 0.000213 V                   ; 2.79 V              ; -0.0324 V           ; 0.139 V                              ; 0.119 V                              ; 4.42e-10 s                  ; 4.33e-10 s                  ; No                         ; Yes                        ; 2.75 V                      ; 0.000213 V                  ; 2.79 V             ; -0.0324 V          ; 0.139 V                             ; 0.119 V                             ; 4.42e-10 s                 ; 4.33e-10 s                 ; No                        ; Yes                       ;
; vga_b[0] ; 2.5 V        ; 0 s                 ; 0 s                 ; 2.75 V                       ; 0.000242 V                   ; 2.86 V              ; -0.0805 V           ; 0.358 V                              ; 0.156 V                              ; 3.01e-10 s                  ; 4.34e-10 s                  ; No                         ; No                         ; 2.75 V                      ; 0.000242 V                  ; 2.86 V             ; -0.0805 V          ; 0.358 V                             ; 0.156 V                             ; 3.01e-10 s                 ; 4.34e-10 s                 ; No                        ; No                        ;
; vga_b[1] ; 2.5 V        ; 0 s                 ; 0 s                 ; 2.75 V                       ; 0.000242 V                   ; 2.86 V              ; -0.0814 V           ; 0.36 V                               ; 0.156 V                              ; 3e-10 s                     ; 4.34e-10 s                  ; No                         ; No                         ; 2.75 V                      ; 0.000242 V                  ; 2.86 V             ; -0.0814 V          ; 0.36 V                              ; 0.156 V                             ; 3e-10 s                    ; 4.34e-10 s                 ; No                        ; No                        ;
; vga_b[2] ; 2.5 V        ; 0 s                 ; 0 s                 ; 2.75 V                       ; 0.000247 V                   ; 2.85 V              ; -0.0711 V           ; 0.204 V                              ; 0.181 V                              ; 4.55e-10 s                  ; 4.49e-10 s                  ; No                         ; No                         ; 2.75 V                      ; 0.000247 V                  ; 2.85 V             ; -0.0711 V          ; 0.204 V                             ; 0.181 V                             ; 4.55e-10 s                 ; 4.49e-10 s                 ; No                        ; No                        ;
; vga_b[3] ; 2.5 V        ; 0 s                 ; 0 s                 ; 2.75 V                       ; 0.000213 V                   ; 2.79 V              ; -0.0324 V           ; 0.139 V                              ; 0.119 V                              ; 4.42e-10 s                  ; 4.33e-10 s                  ; No                         ; Yes                        ; 2.75 V                      ; 0.000213 V                  ; 2.79 V             ; -0.0324 V          ; 0.139 V                             ; 0.119 V                             ; 4.42e-10 s                 ; 4.33e-10 s                 ; No                        ; Yes                       ;
; vga_hs   ; 2.5 V        ; 0 s                 ; 0 s                 ; 2.75 V                       ; 0.000242 V                   ; 2.86 V              ; -0.0805 V           ; 0.358 V                              ; 0.156 V                              ; 3.01e-10 s                  ; 4.34e-10 s                  ; No                         ; No                         ; 2.75 V                      ; 0.000242 V                  ; 2.86 V             ; -0.0805 V          ; 0.358 V                             ; 0.156 V                             ; 3.01e-10 s                 ; 4.34e-10 s                 ; No                        ; No                        ;
; vga_vs   ; 2.5 V        ; 0 s                 ; 0 s                 ; 2.75 V                       ; 0.000242 V                   ; 2.86 V              ; -0.0814 V           ; 0.36 V                               ; 0.156 V                              ; 3e-10 s                     ; 4.34e-10 s                  ; No                         ; No                         ; 2.75 V                      ; 0.000242 V                  ; 2.86 V             ; -0.0814 V          ; 0.36 V                              ; 0.156 V                             ; 3e-10 s                    ; 4.34e-10 s                 ; No                        ; No                        ;
; ps2_clk  ; 2.5 V        ; 0 s                 ; 0 s                 ; 2.75 V                       ; 0.000247 V                   ; 2.85 V              ; -0.0711 V           ; 0.204 V                              ; 0.181 V                              ; 4.55e-10 s                  ; 4.49e-10 s                  ; No                         ; No                         ; 2.75 V                      ; 0.000247 V                  ; 2.85 V             ; -0.0711 V          ; 0.204 V                             ; 0.181 V                             ; 4.55e-10 s                 ; 4.49e-10 s                 ; No                        ; No                        ;
; ps2_dat  ; 2.5 V        ; 0 s                 ; 0 s                 ; 2.75 V                       ; 0.000247 V                   ; 2.85 V              ; -0.0711 V           ; 0.204 V                              ; 0.181 V                              ; 4.55e-10 s                  ; 4.49e-10 s                  ; No                         ; No                         ; 2.75 V                      ; 0.000247 V                  ; 2.85 V             ; -0.0711 V          ; 0.204 V                             ; 0.181 V                             ; 4.55e-10 s                 ; 4.49e-10 s                 ; No                        ; No                        ;
+----------+--------------+---------------------+---------------------+------------------------------+------------------------------+---------------------+---------------------+--------------------------------------+--------------------------------------+-----------------------------+-----------------------------+----------------------------+----------------------------+-----------------------------+-----------------------------+--------------------+--------------------+-------------------------------------+-------------------------------------+----------------------------+----------------------------+---------------------------+---------------------------+


+-------------------------------------------------------------------------------------------------------------------------+
; Setup Transfers                                                                                                         ;
+--------------------------------------+--------------------------------------+----------+----------+----------+----------+
; From Clock                           ; To Clock                             ; RR Paths ; FR Paths ; RF Paths ; FF Paths ;
+--------------------------------------+--------------------------------------+----------+----------+----------+----------+
; clk25_gen:clk_inst|clk_div           ; clk25_gen:clk_inst|clk_div           ; 3069985  ; 0        ; 0        ; 0        ;
; MOUSE:mouse_inst|MOUSE_CLK_FILTER    ; clk25_gen:clk_inst|clk_div           ; 1        ; 5        ; 0        ; 0        ;
; VGA_SYNC:vga_sync_inst|pixel_row[1]  ; clk25_gen:clk_inst|clk_div           ; 16730    ; 16738    ; 0        ; 0        ;
; VGA_SYNC:vga_sync_inst|vert_sync_out ; clk25_gen:clk_inst|clk_div           ; 37529    ; 241      ; 0        ; 0        ;
; clk25_gen:clk_inst|clk_div           ; clock_50                             ; 1        ; 1        ; 0        ; 0        ;
; clk25_gen:clk_inst|clk_div           ; MOUSE:mouse_inst|MOUSE_CLK_FILTER    ; 0        ; 0        ; 35       ; 0        ;
; MOUSE:mouse_inst|MOUSE_CLK_FILTER    ; MOUSE:mouse_inst|MOUSE_CLK_FILTER    ; 0        ; 0        ; 0        ; 193      ;
; clk25_gen:clk_inst|clk_div           ; VGA_SYNC:vga_sync_inst|pixel_row[1]  ; 0        ; 0        ; 8        ; 0        ;
; VGA_SYNC:vga_sync_inst|pixel_row[1]  ; VGA_SYNC:vga_sync_inst|pixel_row[1]  ; 0        ; 0        ; 3        ; 3        ;
; clk25_gen:clk_inst|clk_div           ; VGA_SYNC:vga_sync_inst|vert_sync_out ; 30       ; 0        ; 0        ; 0        ;
; MOUSE:mouse_inst|MOUSE_CLK_FILTER    ; VGA_SYNC:vga_sync_inst|vert_sync_out ; 0        ; 14       ; 0        ; 0        ;
; VGA_SYNC:vga_sync_inst|vert_sync_out ; VGA_SYNC:vga_sync_inst|vert_sync_out ; 356      ; 0        ; 0        ; 0        ;
+--------------------------------------+--------------------------------------+----------+----------+----------+----------+
Entries labeled "false path" only account for clock-to-clock false paths and not path-based false paths. As a result, actual path counts may be lower than reported.


+-------------------------------------------------------------------------------------------------------------------------+
; Hold Transfers                                                                                                          ;
+--------------------------------------+--------------------------------------+----------+----------+----------+----------+
; From Clock                           ; To Clock                             ; RR Paths ; FR Paths ; RF Paths ; FF Paths ;
+--------------------------------------+--------------------------------------+----------+----------+----------+----------+
; clk25_gen:clk_inst|clk_div           ; clk25_gen:clk_inst|clk_div           ; 3069985  ; 0        ; 0        ; 0        ;
; MOUSE:mouse_inst|MOUSE_CLK_FILTER    ; clk25_gen:clk_inst|clk_div           ; 1        ; 5        ; 0        ; 0        ;
; VGA_SYNC:vga_sync_inst|pixel_row[1]  ; clk25_gen:clk_inst|clk_div           ; 16730    ; 16738    ; 0        ; 0        ;
; VGA_SYNC:vga_sync_inst|vert_sync_out ; clk25_gen:clk_inst|clk_div           ; 37529    ; 241      ; 0        ; 0        ;
; clk25_gen:clk_inst|clk_div           ; clock_50                             ; 1        ; 1        ; 0        ; 0        ;
; clk25_gen:clk_inst|clk_div           ; MOUSE:mouse_inst|MOUSE_CLK_FILTER    ; 0        ; 0        ; 35       ; 0        ;
; MOUSE:mouse_inst|MOUSE_CLK_FILTER    ; MOUSE:mouse_inst|MOUSE_CLK_FILTER    ; 0        ; 0        ; 0        ; 193      ;
; clk25_gen:clk_inst|clk_div           ; VGA_SYNC:vga_sync_inst|pixel_row[1]  ; 0        ; 0        ; 8        ; 0        ;
; VGA_SYNC:vga_sync_inst|pixel_row[1]  ; VGA_SYNC:vga_sync_inst|pixel_row[1]  ; 0        ; 0        ; 3        ; 3        ;
; clk25_gen:clk_inst|clk_div           ; VGA_SYNC:vga_sync_inst|vert_sync_out ; 30       ; 0        ; 0        ; 0        ;
; MOUSE:mouse_inst|MOUSE_CLK_FILTER    ; VGA_SYNC:vga_sync_inst|vert_sync_out ; 0        ; 14       ; 0        ; 0        ;
; VGA_SYNC:vga_sync_inst|vert_sync_out ; VGA_SYNC:vga_sync_inst|vert_sync_out ; 356      ; 0        ; 0        ; 0        ;
+--------------------------------------+--------------------------------------+----------+----------+----------+----------+
Entries labeled "false path" only account for clock-to-clock false paths and not path-based false paths. As a result, actual path counts may be lower than reported.


+---------------------------------------------------------------------------------------------------------------+
; Recovery Transfers                                                                                            ;
+----------------------------+--------------------------------------+----------+----------+----------+----------+
; From Clock                 ; To Clock                             ; RR Paths ; FR Paths ; RF Paths ; FF Paths ;
+----------------------------+--------------------------------------+----------+----------+----------+----------+
; clk25_gen:clk_inst|clk_div ; clk25_gen:clk_inst|clk_div           ; 245      ; 0        ; 0        ; 0        ;
; clk25_gen:clk_inst|clk_div ; MOUSE:mouse_inst|MOUSE_CLK_FILTER    ; 0        ; 0        ; 16       ; 0        ;
; clk25_gen:clk_inst|clk_div ; VGA_SYNC:vga_sync_inst|vert_sync_out ; 11       ; 0        ; 0        ; 0        ;
+----------------------------+--------------------------------------+----------+----------+----------+----------+
Entries labeled "false path" only account for clock-to-clock false paths and not path-based false paths. As a result, actual path counts may be lower than reported.


+---------------------------------------------------------------------------------------------------------------+
; Removal Transfers                                                                                             ;
+----------------------------+--------------------------------------+----------+----------+----------+----------+
; From Clock                 ; To Clock                             ; RR Paths ; FR Paths ; RF Paths ; FF Paths ;
+----------------------------+--------------------------------------+----------+----------+----------+----------+
; clk25_gen:clk_inst|clk_div ; clk25_gen:clk_inst|clk_div           ; 245      ; 0        ; 0        ; 0        ;
; clk25_gen:clk_inst|clk_div ; MOUSE:mouse_inst|MOUSE_CLK_FILTER    ; 0        ; 0        ; 16       ; 0        ;
; clk25_gen:clk_inst|clk_div ; VGA_SYNC:vga_sync_inst|vert_sync_out ; 11       ; 0        ; 0        ; 0        ;
+----------------------------+--------------------------------------+----------+----------+----------+----------+
Entries labeled "false path" only account for clock-to-clock false paths and not path-based false paths. As a result, actual path counts may be lower than reported.


---------------
; Report TCCS ;
---------------
No dedicated SERDES Transmitter circuitry present in device or used in design


---------------
; Report RSKM ;
---------------
No non-DPA dedicated SERDES Receiver circuitry present in device or used in design


+------------------------------------------------+
; Unconstrained Paths Summary                    ;
+---------------------------------+-------+------+
; Property                        ; Setup ; Hold ;
+---------------------------------+-------+------+
; Illegal Clocks                  ; 0     ; 0    ;
; Unconstrained Clocks            ; 0     ; 0    ;
; Unconstrained Input Ports       ; 7     ; 7    ;
; Unconstrained Input Port Paths  ; 199   ; 199  ;
; Unconstrained Output Ports      ; 45    ; 45   ;
; Unconstrained Output Port Paths ; 273   ; 273  ;
+---------------------------------+-------+------+


+--------------------------------------------------------------------------------------------------+
; Clock Status Summary                                                                             ;
+--------------------------------------+--------------------------------------+------+-------------+
; Target                               ; Clock                                ; Type ; Status      ;
+--------------------------------------+--------------------------------------+------+-------------+
; MOUSE:mouse_inst|MOUSE_CLK_FILTER    ; MOUSE:mouse_inst|MOUSE_CLK_FILTER    ; Base ; Constrained ;
; VGA_SYNC:vga_sync_inst|pixel_row[1]  ; VGA_SYNC:vga_sync_inst|pixel_row[1]  ; Base ; Constrained ;
; VGA_SYNC:vga_sync_inst|vert_sync_out ; VGA_SYNC:vga_sync_inst|vert_sync_out ; Base ; Constrained ;
; clk25_gen:clk_inst|clk_div           ; clk25_gen:clk_inst|clk_div           ; Base ; Constrained ;
; clock_50                             ; clock_50                             ; Base ; Constrained ;
+--------------------------------------+--------------------------------------+------+-------------+


+---------------------------------------------------------------------------------------------------+
; Unconstrained Input Ports                                                                         ;
+------------+--------------------------------------------------------------------------------------+
; Input Port ; Comment                                                                              ;
+------------+--------------------------------------------------------------------------------------+
; key[0]     ; No input delay, min/max delays, false-path exceptions, or max skew assignments found ;
; key[1]     ; No input delay, min/max delays, false-path exceptions, or max skew assignments found ;
; key[2]     ; No input delay, min/max delays, false-path exceptions, or max skew assignments found ;
; ps2_clk    ; No input delay, min/max delays, false-path exceptions, or max skew assignments found ;
; ps2_dat    ; No input delay, min/max delays, false-path exceptions, or max skew assignments found ;
; reset_n    ; No input delay, min/max delays, false-path exceptions, or max skew assignments found ;
; sw[9]      ; No input delay, min/max delays, false-path exceptions, or max skew assignments found ;
+------------+--------------------------------------------------------------------------------------+


+-----------------------------------------------------------------------------------------------------+
; Unconstrained Output Ports                                                                          ;
+-------------+---------------------------------------------------------------------------------------+
; Output Port ; Comment                                                                               ;
+-------------+---------------------------------------------------------------------------------------+
; hex0[0]     ; No output delay, min/max delays, false-path exceptions, or max skew assignments found ;
; hex0[1]     ; No output delay, min/max delays, false-path exceptions, or max skew assignments found ;
; hex0[2]     ; No output delay, min/max delays, false-path exceptions, or max skew assignments found ;
; hex0[3]     ; No output delay, min/max delays, false-path exceptions, or max skew assignments found ;
; hex0[4]     ; No output delay, min/max delays, false-path exceptions, or max skew assignments found ;
; hex0[5]     ; No output delay, min/max delays, false-path exceptions, or max skew assignments found ;
; hex0[6]     ; No output delay, min/max delays, false-path exceptions, or max skew assignments found ;
; hex1[0]     ; No output delay, min/max delays, false-path exceptions, or max skew assignments found ;
; hex1[1]     ; No output delay, min/max delays, false-path exceptions, or max skew assignments found ;
; hex1[2]     ; No output delay, min/max delays, false-path exceptions, or max skew assignments found ;
; hex1[3]     ; No output delay, min/max delays, false-path exceptions, or max skew assignments found ;
; hex1[4]     ; No output delay, min/max delays, false-path exceptions, or max skew assignments found ;
; hex1[5]     ; No output delay, min/max delays, false-path exceptions, or max skew assignments found ;
; hex1[6]     ; No output delay, min/max delays, false-path exceptions, or max skew assignments found ;
; hex2[0]     ; No output delay, min/max delays, false-path exceptions, or max skew assignments found ;
; hex2[2]     ; No output delay, min/max delays, false-path exceptions, or max skew assignments found ;
; hex2[3]     ; No output delay, min/max delays, false-path exceptions, or max skew assignments found ;
; hex2[4]     ; No output delay, min/max delays, false-path exceptions, or max skew assignments found ;
; hex2[6]     ; No output delay, min/max delays, false-path exceptions, or max skew assignments found ;
; hex5[0]     ; No output delay, min/max delays, false-path exceptions, or max skew assignments found ;
; hex5[1]     ; No output delay, min/max delays, false-path exceptions, or max skew assignments found ;
; hex5[2]     ; No output delay, min/max delays, false-path exceptions, or max skew assignments found ;
; hex5[3]     ; No output delay, min/max delays, false-path exceptions, or max skew assignments found ;
; hex5[4]     ; No output delay, min/max delays, false-path exceptions, or max skew assignments found ;
; hex5[5]     ; No output delay, min/max delays, false-path exceptions, or max skew assignments found ;
; hex5[6]     ; No output delay, min/max delays, false-path exceptions, or max skew assignments found ;
; led[0]      ; No output delay, min/max delays, false-path exceptions, or max skew assignments found ;
; led[1]      ; No output delay, min/max delays, false-path exceptions, or max skew assignments found ;
; led[9]      ; No output delay, min/max delays, false-path exceptions, or max skew assignments found ;
; ps2_clk     ; No output delay, min/max delays, false-path exceptions, or max skew assignments found ;
; ps2_dat     ; No output delay, min/max delays, false-path exceptions, or max skew assignments found ;
; vga_b[0]    ; No output delay, min/max delays, false-path exceptions, or max skew assignments found ;
; vga_b[1]    ; No output delay, min/max delays, false-path exceptions, or max skew assignments found ;
; vga_b[2]    ; No output delay, min/max delays, false-path exceptions, or max skew assignments found ;
; vga_b[3]    ; No output delay, min/max delays, false-path exceptions, or max skew assignments found ;
; vga_g[0]    ; No output delay, min/max delays, false-path exceptions, or max skew assignments found ;
; vga_g[1]    ; No output delay, min/max delays, false-path exceptions, or max skew assignments found ;
; vga_g[2]    ; No output delay, min/max delays, false-path exceptions, or max skew assignments found ;
; vga_g[3]    ; No output delay, min/max delays, false-path exceptions, or max skew assignments found ;
; vga_hs      ; No output delay, min/max delays, false-path exceptions, or max skew assignments found ;
; vga_r[0]    ; No output delay, min/max delays, false-path exceptions, or max skew assignments found ;
; vga_r[1]    ; No output delay, min/max delays, false-path exceptions, or max skew assignments found ;
; vga_r[2]    ; No output delay, min/max delays, false-path exceptions, or max skew assignments found ;
; vga_r[3]    ; No output delay, min/max delays, false-path exceptions, or max skew assignments found ;
; vga_vs      ; No output delay, min/max delays, false-path exceptions, or max skew assignments found ;
+-------------+---------------------------------------------------------------------------------------+


+---------------------------------------------------------------------------------------------------+
; Unconstrained Input Ports                                                                         ;
+------------+--------------------------------------------------------------------------------------+
; Input Port ; Comment                                                                              ;
+------------+--------------------------------------------------------------------------------------+
; key[0]     ; No input delay, min/max delays, false-path exceptions, or max skew assignments found ;
; key[1]     ; No input delay, min/max delays, false-path exceptions, or max skew assignments found ;
; key[2]     ; No input delay, min/max delays, false-path exceptions, or max skew assignments found ;
; ps2_clk    ; No input delay, min/max delays, false-path exceptions, or max skew assignments found ;
; ps2_dat    ; No input delay, min/max delays, false-path exceptions, or max skew assignments found ;
; reset_n    ; No input delay, min/max delays, false-path exceptions, or max skew assignments found ;
; sw[9]      ; No input delay, min/max delays, false-path exceptions, or max skew assignments found ;
+------------+--------------------------------------------------------------------------------------+


+-----------------------------------------------------------------------------------------------------+
; Unconstrained Output Ports                                                                          ;
+-------------+---------------------------------------------------------------------------------------+
; Output Port ; Comment                                                                               ;
+-------------+---------------------------------------------------------------------------------------+
; hex0[0]     ; No output delay, min/max delays, false-path exceptions, or max skew assignments found ;
; hex0[1]     ; No output delay, min/max delays, false-path exceptions, or max skew assignments found ;
; hex0[2]     ; No output delay, min/max delays, false-path exceptions, or max skew assignments found ;
; hex0[3]     ; No output delay, min/max delays, false-path exceptions, or max skew assignments found ;
; hex0[4]     ; No output delay, min/max delays, false-path exceptions, or max skew assignments found ;
; hex0[5]     ; No output delay, min/max delays, false-path exceptions, or max skew assignments found ;
; hex0[6]     ; No output delay, min/max delays, false-path exceptions, or max skew assignments found ;
; hex1[0]     ; No output delay, min/max delays, false-path exceptions, or max skew assignments found ;
; hex1[1]     ; No output delay, min/max delays, false-path exceptions, or max skew assignments found ;
; hex1[2]     ; No output delay, min/max delays, false-path exceptions, or max skew assignments found ;
; hex1[3]     ; No output delay, min/max delays, false-path exceptions, or max skew assignments found ;
; hex1[4]     ; No output delay, min/max delays, false-path exceptions, or max skew assignments found ;
; hex1[5]     ; No output delay, min/max delays, false-path exceptions, or max skew assignments found ;
; hex1[6]     ; No output delay, min/max delays, false-path exceptions, or max skew assignments found ;
; hex2[0]     ; No output delay, min/max delays, false-path exceptions, or max skew assignments found ;
; hex2[2]     ; No output delay, min/max delays, false-path exceptions, or max skew assignments found ;
; hex2[3]     ; No output delay, min/max delays, false-path exceptions, or max skew assignments found ;
; hex2[4]     ; No output delay, min/max delays, false-path exceptions, or max skew assignments found ;
; hex2[6]     ; No output delay, min/max delays, false-path exceptions, or max skew assignments found ;
; hex5[0]     ; No output delay, min/max delays, false-path exceptions, or max skew assignments found ;
; hex5[1]     ; No output delay, min/max delays, false-path exceptions, or max skew assignments found ;
; hex5[2]     ; No output delay, min/max delays, false-path exceptions, or max skew assignments found ;
; hex5[3]     ; No output delay, min/max delays, false-path exceptions, or max skew assignments found ;
; hex5[4]     ; No output delay, min/max delays, false-path exceptions, or max skew assignments found ;
; hex5[5]     ; No output delay, min/max delays, false-path exceptions, or max skew assignments found ;
; hex5[6]     ; No output delay, min/max delays, false-path exceptions, or max skew assignments found ;
; led[0]      ; No output delay, min/max delays, false-path exceptions, or max skew assignments found ;
; led[1]      ; No output delay, min/max delays, false-path exceptions, or max skew assignments found ;
; led[9]      ; No output delay, min/max delays, false-path exceptions, or max skew assignments found ;
; ps2_clk     ; No output delay, min/max delays, false-path exceptions, or max skew assignments found ;
; ps2_dat     ; No output delay, min/max delays, false-path exceptions, or max skew assignments found ;
; vga_b[0]    ; No output delay, min/max delays, false-path exceptions, or max skew assignments found ;
; vga_b[1]    ; No output delay, min/max delays, false-path exceptions, or max skew assignments found ;
; vga_b[2]    ; No output delay, min/max delays, false-path exceptions, or max skew assignments found ;
; vga_b[3]    ; No output delay, min/max delays, false-path exceptions, or max skew assignments found ;
; vga_g[0]    ; No output delay, min/max delays, false-path exceptions, or max skew assignments found ;
; vga_g[1]    ; No output delay, min/max delays, false-path exceptions, or max skew assignments found ;
; vga_g[2]    ; No output delay, min/max delays, false-path exceptions, or max skew assignments found ;
; vga_g[3]    ; No output delay, min/max delays, false-path exceptions, or max skew assignments found ;
; vga_hs      ; No output delay, min/max delays, false-path exceptions, or max skew assignments found ;
; vga_r[0]    ; No output delay, min/max delays, false-path exceptions, or max skew assignments found ;
; vga_r[1]    ; No output delay, min/max delays, false-path exceptions, or max skew assignments found ;
; vga_r[2]    ; No output delay, min/max delays, false-path exceptions, or max skew assignments found ;
; vga_r[3]    ; No output delay, min/max delays, false-path exceptions, or max skew assignments found ;
; vga_vs      ; No output delay, min/max delays, false-path exceptions, or max skew assignments found ;
+-------------+---------------------------------------------------------------------------------------+


+--------------------------+
; Timing Analyzer Messages ;
+--------------------------+
Info: *******************************************************************
Info: Running Quartus Prime Timing Analyzer
    Info: Version 24.1std.0 Build 1077 03/04/2025 SC Lite Edition
    Info: Processing started: Thu May 28 17:52:42 2026
Info: Command: quartus_sta de0_cv_default -c de0_cv_default
Info: qsta_default_script.tcl version: #1
Warning (136002): Ignored duplicate of assignment PARTITION_SOURCE for node ""
Warning (136002): Ignored duplicate of assignment PARTITION_PRESERVE_HIGH_SPEED_TILES for node ""
Warning (136002): Ignored duplicate of assignment PARTITION_IGNORE_SOURCE_FILE_CHANGES for node ""
Warning (136002): Ignored duplicate of assignment PARTITION_ALWAYS_USE_QXP_NETLIST for node ""
Warning (136002): Ignored duplicate of assignment PARTITION_IMPORT_NEW_ASSIGNMENTS for node ""
Warning (136002): Ignored duplicate of assignment PARTITION_IMPORT_EXISTING_ASSIGNMENTS for node ""
Warning (136002): Ignored duplicate of assignment PARTITION_IMPORT_EXISTING_LOGICLOCK_REGIONS for node ""
Warning (136002): Ignored duplicate of assignment PARTITION_IMPORT_PIN_ASSIGNMENTS for node ""
Warning (136002): Ignored duplicate of assignment PARTITION_IMPORT_PROMOTE_ASSIGNMENTS for node ""
Warning (136002): Ignored duplicate of assignment PARTITION_TYPE for node ""
Warning (136002): Ignored duplicate of assignment ALLOW_MULTIPLE_PERSONAS for node ""
Warning (136002): Ignored duplicate of assignment PARTITION_ASD_REGION_ID for node ""
Warning (136002): Ignored duplicate of assignment CROSS_BOUNDARY_OPTIMIZATIONS for node ""
Warning (136002): Ignored duplicate of assignment PROPAGATE_CONSTANTS_ON_INPUTS for node ""
Warning (136002): Ignored duplicate of assignment PROPAGATE_INVERSIONS_ON_INPUTS for node ""
Warning (136002): Ignored duplicate of assignment REMOVE_LOGIC_ON_UNCONNECTED_OUTPUTS for node ""
Warning (136002): Ignored duplicate of assignment MERGE_EQUIVALENT_INPUTS for node ""
Warning (136002): Ignored duplicate of assignment MERGE_EQUIVALENT_BIDIRS for node ""
Warning (136002): Ignored duplicate of assignment ABSORB_PATHS_FROM_OUTPUTS_TO_INPUTS for node ""
Warning (136002): Ignored duplicate of assignment PARTITION_EXTRACT_HARD_BLOCK_NODES for node ""
Warning (136002): Ignored duplicate of assignment PARTITION_ENABLE_STRICT_PRESERVATION for node ""
Warning (136002): Ignored duplicate of assignment PARTITION_BACK_ANNOTATION for node ""
Warning (136002): Ignored duplicate of assignment PARTITION_COLOR for node ""
Warning (136002): Ignored duplicate of assignment HIERARCHY_BLACKBOX_FILE for node "|"
Warning (136002): Ignored duplicate of assignment PARTITION_SOURCE for node ""
Warning (136002): Ignored duplicate of assignment PARTITION_PRESERVE_HIGH_SPEED_TILES for node ""
Warning (136002): Ignored duplicate of assignment PARTITION_IGNORE_SOURCE_FILE_CHANGES for node ""
Warning (136002): Ignored duplicate of assignment PARTITION_ALWAYS_USE_QXP_NETLIST for node ""
Warning (136002): Ignored duplicate of assignment PARTITION_IMPORT_NEW_ASSIGNMENTS for node ""
Warning (136002): Ignored duplicate of assignment PARTITION_IMPORT_EXISTING_ASSIGNMENTS for node ""
Warning (136002): Ignored duplicate of assignment PARTITION_IMPORT_EXISTING_LOGICLOCK_REGIONS for node ""
Warning (136002): Ignored duplicate of assignment PARTITION_IMPORT_PIN_ASSIGNMENTS for node ""
Warning (136002): Ignored duplicate of assignment PARTITION_IMPORT_PROMOTE_ASSIGNMENTS for node ""
Warning (136002): Ignored duplicate of assignment PARTITION_TYPE for node ""
Warning (136002): Ignored duplicate of assignment ALLOW_MULTIPLE_PERSONAS for node ""
Warning (136002): Ignored duplicate of assignment PARTITION_ASD_REGION_ID for node ""
Warning (136002): Ignored duplicate of assignment CROSS_BOUNDARY_OPTIMIZATIONS for node ""
Warning (136002): Ignored duplicate of assignment PROPAGATE_CONSTANTS_ON_INPUTS for node ""
Warning (136002): Ignored duplicate of assignment PROPAGATE_INVERSIONS_ON_INPUTS for node ""
Warning (136002): Ignored duplicate of assignment REMOVE_LOGIC_ON_UNCONNECTED_OUTPUTS for node ""
Warning (136002): Ignored duplicate of assignment MERGE_EQUIVALENT_INPUTS for node ""
Warning (136002): Ignored duplicate of assignment MERGE_EQUIVALENT_BIDIRS for node ""
Warning (136002): Ignored duplicate of assignment ABSORB_PATHS_FROM_OUTPUTS_TO_INPUTS for node ""
Warning (136002): Ignored duplicate of assignment PARTITION_EXTRACT_HARD_BLOCK_NODES for node ""
Warning (136002): Ignored duplicate of assignment PARTITION_ENABLE_STRICT_PRESERVATION for node ""
Warning (136002): Ignored duplicate of assignment PARTITION_BACK_ANNOTATION for node ""
Warning (136002): Ignored duplicate of assignment PARTITION_COLOR for node ""
Warning (136002): Ignored duplicate of assignment HIERARCHY_BLACKBOX_FILE for node "|"
Warning (18236): Number of processors has not been specified which may cause overloading on shared machines.  Set the global assignment NUM_PARALLEL_PROCESSORS in your QSF to an appropriate value for best performance.
Info (20030): Parallel compilation is enabled and will use 4 of the 4 processors detected
Info (21077): Low junction temperature is 0 degrees C
Info (21077): High junction temperature is 85 degrees C
Warning (335093): The Timing Analyzer is analyzing 8 combinational loops as latches. For more details, run the Check Timing command in the Timing Analyzer or view the "User-Specified and Inferred Latches" table in the Analysis & Synthesis report.
Critical Warning (332012): Synopsys Design Constraints File file not found: 'de0_cv_default.sdc'. A Synopsys Design Constraints File is required by the Timing Analyzer to get proper timing constraints. Without it, the Compiler will not properly optimize the design.
Info (332142): No user constrained base clocks found in the design. Calling "derive_clocks -period 1.0"
Info (332105): Deriving Clocks
    Info (332105): create_clock -period 1.000 -name clk25_gen:clk_inst|clk_div clk25_gen:clk_inst|clk_div
    Info (332105): create_clock -period 1.000 -name clock_50 clock_50
    Info (332105): create_clock -period 1.000 -name VGA_SYNC:vga_sync_inst|vert_sync_out VGA_SYNC:vga_sync_inst|vert_sync_out
    Info (332105): create_clock -period 1.000 -name MOUSE:mouse_inst|MOUSE_CLK_FILTER MOUSE:mouse_inst|MOUSE_CLK_FILTER
    Info (332105): create_clock -period 1.000 -name VGA_SYNC:vga_sync_inst|pixel_row[1] VGA_SYNC:vga_sync_inst|pixel_row[1]
Info (332143): No user constrained clock uncertainty found in the design. Calling "derive_clock_uncertainty"
Info (332123): Deriving Clock Uncertainty. Please refer to report_sdc in the Timing Analyzer to see clock uncertainties.
Info: Found TIMING_ANALYZER_REPORT_SCRIPT_INCLUDE_DEFAULT_ANALYSIS = ON
Info: Analyzing Slow 1100mV 85C Model
Critical Warning (332148): Timing requirements not met
    Info (11105): For recommendations on closing timing, run Report Timing Closure Recommendations in the Timing Analyzer.
Info (332146): Worst-case setup slack is -13.910
    Info (332119):     Slack       End Point TNS Clock 
    Info (332119): ========= =================== =====================
    Info (332119):   -13.910           -3081.450 clk25_gen:clk_inst|clk_div 
    Info (332119):    -4.025             -41.432 VGA_SYNC:vga_sync_inst|vert_sync_out 
    Info (332119):    -3.971            -122.317 MOUSE:mouse_inst|MOUSE_CLK_FILTER 
    Info (332119):    -3.425             -19.223 VGA_SYNC:vga_sync_inst|pixel_row[1] 
    Info (332119):    -2.535              -2.535 clock_50 
Info (332146): Worst-case hold slack is -0.042
    Info (332119):     Slack       End Point TNS Clock 
    Info (332119): ========= =================== =====================
    Info (332119):    -0.042              -0.042 clk25_gen:clk_inst|clk_div 
    Info (332119):     0.224               0.000 VGA_SYNC:vga_sync_inst|pixel_row[1] 
    Info (332119):     0.594               0.000 MOUSE:mouse_inst|MOUSE_CLK_FILTER 
    Info (332119):     0.688               0.000 VGA_SYNC:vga_sync_inst|vert_sync_out 
    Info (332119):     0.885               0.000 clock_50 
Info (332146): Worst-case recovery slack is -2.998
    Info (332119):     Slack       End Point TNS Clock 
    Info (332119): ========= =================== =====================
    Info (332119):    -2.998             -43.382 MOUSE:mouse_inst|MOUSE_CLK_FILTER 
    Info (332119):    -1.995             -20.168 VGA_SYNC:vga_sync_inst|vert_sync_out 
    Info (332119):    -1.856            -392.229 clk25_gen:clk_inst|clk_div 
Info (332146): Worst-case removal slack is 0.978
    Info (332119):     Slack       End Point TNS Clock 
    Info (332119): ========= =================== =====================
    Info (332119):     0.978               0.000 clk25_gen:clk_inst|clk_div 
    Info (332119):     1.031               0.000 VGA_SYNC:vga_sync_inst|vert_sync_out 
    Info (332119):     1.526               0.000 MOUSE:mouse_inst|MOUSE_CLK_FILTER 
Info (332146): Worst-case minimum pulse width slack is -2.636
    Info (332119):     Slack       End Point TNS Clock 
    Info (332119): ========= =================== =====================
    Info (332119):    -2.636            -694.140 clk25_gen:clk_inst|clk_div 
    Info (332119):    -0.538             -29.035 MOUSE:mouse_inst|MOUSE_CLK_FILTER 
    Info (332119):    -0.538              -9.181 VGA_SYNC:vga_sync_inst|vert_sync_out 
    Info (332119):    -0.538              -0.996 clock_50 
    Info (332119):     0.281               0.000 VGA_SYNC:vga_sync_inst|pixel_row[1] 
Info: Analyzing Slow 1100mV 0C Model
Info (334003): Started post-fitting delay annotation
Info (334004): Delay annotation completed successfully
Info (332123): Deriving Clock Uncertainty. Please refer to report_sdc in the Timing Analyzer to see clock uncertainties.
Critical Warning (332148): Timing requirements not met
    Info (11105): For recommendations on closing timing, run Report Timing Closure Recommendations in the Timing Analyzer.
Info (332146): Worst-case setup slack is -14.064
    Info (332119):     Slack       End Point TNS Clock 
    Info (332119): ========= =================== =====================
    Info (332119):   -14.064           -3075.407 clk25_gen:clk_inst|clk_div 
    Info (332119):    -4.027             -40.782 VGA_SYNC:vga_sync_inst|vert_sync_out 
    Info (332119):    -3.881            -112.553 MOUSE:mouse_inst|MOUSE_CLK_FILTER 
    Info (332119):    -3.351             -18.674 VGA_SYNC:vga_sync_inst|pixel_row[1] 
    Info (332119):    -2.391              -2.391 clock_50 
Info (332146): Worst-case hold slack is -0.018
    Info (332119):     Slack       End Point TNS Clock 
    Info (332119): ========= =================== =====================
    Info (332119):    -0.018              -0.018 clk25_gen:clk_inst|clk_div 
    Info (332119):     0.053               0.000 VGA_SYNC:vga_sync_inst|pixel_row[1] 
    Info (332119):     0.624               0.000 MOUSE:mouse_inst|MOUSE_CLK_FILTER 
    Info (332119):     0.693               0.000 VGA_SYNC:vga_sync_inst|vert_sync_out 
    Info (332119):     0.807               0.000 clock_50 
Info (332146): Worst-case recovery slack is -2.761
    Info (332119):     Slack       End Point TNS Clock 
    Info (332119): ========= =================== =====================
    Info (332119):    -2.761             -39.654 MOUSE:mouse_inst|MOUSE_CLK_FILTER 
    Info (332119):    -1.892             -18.956 VGA_SYNC:vga_sync_inst|vert_sync_out 
    Info (332119):    -1.765            -366.910 clk25_gen:clk_inst|clk_div 
Info (332146): Worst-case removal slack is 0.913
    Info (332119):     Slack       End Point TNS Clock 
    Info (332119): ========= =================== =====================
    Info (332119):     0.913               0.000 clk25_gen:clk_inst|clk_div 
    Info (332119):     0.958               0.000 VGA_SYNC:vga_sync_inst|vert_sync_out 
    Info (332119):     1.420               0.000 MOUSE:mouse_inst|MOUSE_CLK_FILTER 
Info (332146): Worst-case minimum pulse width slack is -2.636
    Info (332119):     Slack       End Point TNS Clock 
    Info (332119): ========= =================== =====================
    Info (332119):    -2.636            -679.987 clk25_gen:clk_inst|clk_div 
    Info (332119):    -0.538             -27.903 MOUSE:mouse_inst|MOUSE_CLK_FILTER 
    Info (332119):    -0.538              -9.061 VGA_SYNC:vga_sync_inst|vert_sync_out 
    Info (332119):    -0.538              -1.033 clock_50 
    Info (332119):     0.225               0.000 VGA_SYNC:vga_sync_inst|pixel_row[1] 
Info: Analyzing Fast 1100mV 85C Model
Info (334003): Started post-fitting delay annotation
Info (334004): Delay annotation completed successfully
Info (332123): Deriving Clock Uncertainty. Please refer to report_sdc in the Timing Analyzer to see clock uncertainties.
Critical Warning (332148): Timing requirements not met
    Info (11105): For recommendations on closing timing, run Report Timing Closure Recommendations in the Timing Analyzer.
Info (332146): Worst-case setup slack is -6.458
    Info (332119):     Slack       End Point TNS Clock 
    Info (332119): ========= =================== =====================
    Info (332119):    -6.458           -1503.030 clk25_gen:clk_inst|clk_div 
    Info (332119):    -1.984             -19.132 VGA_SYNC:vga_sync_inst|vert_sync_out 
    Info (332119):    -1.933             -58.902 MOUSE:mouse_inst|MOUSE_CLK_FILTER 
    Info (332119):    -1.890              -1.890 clock_50 
    Info (332119):    -1.668              -8.617 VGA_SYNC:vga_sync_inst|pixel_row[1] 
Info (332146): Worst-case hold slack is -0.131
    Info (332119):     Slack       End Point TNS Clock 
    Info (332119): ========= =================== =====================
    Info (332119):    -0.131              -2.892 clk25_gen:clk_inst|clk_div 
    Info (332119):     0.147               0.000 VGA_SYNC:vga_sync_inst|pixel_row[1] 
    Info (332119):     0.222               0.000 VGA_SYNC:vga_sync_inst|vert_sync_out 
    Info (332119):     0.224               0.000 MOUSE:mouse_inst|MOUSE_CLK_FILTER 
    Info (332119):     0.934               0.000 clock_50 
Info (332146): Worst-case recovery slack is -1.416
    Info (332119):     Slack       End Point TNS Clock 
    Info (332119): ========= =================== =====================
    Info (332119):    -1.416             -20.035 MOUSE:mouse_inst|MOUSE_CLK_FILTER 
    Info (332119):    -0.798              -7.991 VGA_SYNC:vga_sync_inst|vert_sync_out 
    Info (332119):    -0.783            -139.652 clk25_gen:clk_inst|clk_div 
Info (332146): Worst-case removal slack is 0.245
    Info (332119):     Slack       End Point TNS Clock 
    Info (332119): ========= =================== =====================
    Info (332119):     0.245               0.000 VGA_SYNC:vga_sync_inst|vert_sync_out 
    Info (332119):     0.292               0.000 clk25_gen:clk_inst|clk_div 
    Info (332119):     0.807               0.000 MOUSE:mouse_inst|MOUSE_CLK_FILTER 
Info (332146): Worst-case minimum pulse width slack is -2.174
    Info (332119):     Slack       End Point TNS Clock 
    Info (332119): ========= =================== =====================
    Info (332119):    -2.174            -304.363 clk25_gen:clk_inst|clk_div 
    Info (332119):    -0.426              -0.504 clock_50 
    Info (332119):     0.024               0.000 VGA_SYNC:vga_sync_inst|vert_sync_out 
    Info (332119):     0.121               0.000 MOUSE:mouse_inst|MOUSE_CLK_FILTER 
    Info (332119):     0.368               0.000 VGA_SYNC:vga_sync_inst|pixel_row[1] 
Info: Analyzing Fast 1100mV 0C Model
Info (332123): Deriving Clock Uncertainty. Please refer to report_sdc in the Timing Analyzer to see clock uncertainties.
Critical Warning (332148): Timing requirements not met
    Info (11105): For recommendations on closing timing, run Report Timing Closure Recommendations in the Timing Analyzer.
Info (332146): Worst-case setup slack is -5.884
    Info (332119):     Slack       End Point TNS Clock 
    Info (332119): ========= =================== =====================
    Info (332119):    -5.884           -1330.515 clk25_gen:clk_inst|clk_div 
    Info (332119):    -1.754             -52.285 MOUSE:mouse_inst|MOUSE_CLK_FILTER 
    Info (332119):    -1.696             -16.552 VGA_SYNC:vga_sync_inst|vert_sync_out 
    Info (332119):    -1.604              -1.604 clock_50 
    Info (332119):    -1.468              -7.580 VGA_SYNC:vga_sync_inst|pixel_row[1] 
Info (332146): Worst-case hold slack is -0.185
    Info (332119):     Slack       End Point TNS Clock 
    Info (332119): ========= =================== =====================
    Info (332119):    -0.185              -7.895 clk25_gen:clk_inst|clk_div 
    Info (332119):     0.115               0.000 VGA_SYNC:vga_sync_inst|pixel_row[1] 
    Info (332119):     0.146               0.000 VGA_SYNC:vga_sync_inst|vert_sync_out 
    Info (332119):     0.223               0.000 MOUSE:mouse_inst|MOUSE_CLK_FILTER 
    Info (332119):     0.723               0.000 clock_50 
Info (332146): Worst-case recovery slack is -1.252
    Info (332119):     Slack       End Point TNS Clock 
    Info (332119): ========= =================== =====================
    Info (332119):    -1.252             -17.683 MOUSE:mouse_inst|MOUSE_CLK_FILTER 
    Info (332119):    -0.655              -6.412 VGA_SYNC:vga_sync_inst|vert_sync_out 
    Info (332119):    -0.617            -105.038 clk25_gen:clk_inst|clk_div 
Info (332146): Worst-case removal slack is 0.168
    Info (332119):     Slack       End Point TNS Clock 
    Info (332119): ========= =================== =====================
    Info (332119):     0.168               0.000 VGA_SYNC:vga_sync_inst|vert_sync_out 
    Info (332119):     0.241               0.000 clk25_gen:clk_inst|clk_div 
    Info (332119):     0.734               0.000 MOUSE:mouse_inst|MOUSE_CLK_FILTER 
Info (332146): Worst-case minimum pulse width slack is -2.174
    Info (332119):     Slack       End Point TNS Clock 
    Info (332119): ========= =================== =====================
    Info (332119):    -2.174            -289.055 clk25_gen:clk_inst|clk_div 
    Info (332119):    -0.421              -0.502 clock_50 
    Info (332119):     0.059               0.000 VGA_SYNC:vga_sync_inst|vert_sync_out 
    Info (332119):     0.110               0.000 MOUSE:mouse_inst|MOUSE_CLK_FILTER 
    Info (332119):     0.370               0.000 VGA_SYNC:vga_sync_inst|pixel_row[1] 
Info (332102): Design is not fully constrained for setup requirements
Info (332102): Design is not fully constrained for hold requirements
Info: Quartus Prime Timing Analyzer was successful. 0 errors, 55 warnings
    Info: Peak virtual memory: 5342 megabytes
    Info: Processing ended: Thu May 28 17:52:55 2026
    Info: Elapsed time: 00:00:13
    Info: Total CPU time (on all processors): 00:00:19


